age,annual_income,ethnicity,highest_education,marital_status,employment_status,preferred_ice_cream,owns_car,owns_home,choice
76,80500,other,graduate-professional,married,unemployed,chocolate,yes,yes,party-a
42,113000,african-american,graduate-professional,single,employed,chocolate,no,yes,party-b
24,80500,caucasian,college,single,employed,chocolate,yes,no,party-a
84,130500,other,high-school,married,unemployed,vanilla,no,no,party-b
38,58500,hispanic,college,single,employed,chocolate,yes,yes,party-a
55,73000,hispanic,high-school,married,employed,vanilla,no,no,party-b
58,207000,african-american,graduate-professional,married,employed,chocolate,yes,yes,party-a
21,122500,other,graduate-professional,single,employed,chocolate,no,yes,party-a
74,92000,other,high-school,married,employed,chocolate,no,yes,party-a
71,90500,caucasian,graduate-professional,married,unemployed,vanilla,yes,no,party-a
21,27500,asian,college,single,unemployed,vanilla,yes,no,party-a
21,37000,african-american,not-high-school,single,unemployed,vanilla,yes,no,party-a
50,15000,hispanic,college,single,employed,chocolate,yes,yes,party-b
48,100000,asian,college,married,employed,chocolate,no,no,party-b
63,15000,other,not-high-school,married,employed,vanilla,no,no,party-b
57,41500,asian,high-school,married,employed,vanilla,yes,yes,party-b
34,63500,african-american,graduate-professional,single,employed,chocolate,no,no,party-a
43,89000,caucasian,high-school,single,employed,vanilla,yes,no,party-a
21,79500,african-american,college,single,unemployed,chocolate,yes,no,party-a
43,66000,caucasian,high-school,married,employed,chocolate,yes,no,party-b
21,147000,asian,college,single,employed,chocolate,no,yes,party-a
25,34500,hispanic,high-school,single,employed,vanilla,yes,no,party-a
79,54500,asian,high-school,married,unemployed,chocolate,yes,no,party-a
74,89500,other,college,married,unemployed,vanilla,yes,no,party-a
57,31000,african-american,high-school,married,employed,chocolate,yes,yes,party-a
83,35500,hispanic,high-school,married,employed,vanilla,yes,no,party-b
77,30500,hispanic,college,married,employed,chocolate,no,no,party-a
64,63000,hispanic,graduate-professional,single,employed,chocolate,no,no,party-a
55,109000,caucasian,college,married,employed,vanilla,yes,yes,party-b
31,46000,other,not-high-school,married,employed,chocolate,yes,yes,party-b
45,32500,other,high-school,single,employed,vanilla,no,no,party-b
45,41500,caucasian,high-school,married,employed,vanilla,no,no,party-b
53,90500,caucasian,graduate-professional,single,unemployed,vanilla,yes,no,party-a
60,60000,asian,college,married,employed,vanilla,yes,yes,party-b
82,58000,asian,not-high-school,single,unemployed,vanilla,no,no,party-a
81,43500,hispanic,college,married,unemployed,vanilla,no,yes,party-a
57,52000,caucasian,college,single,employed,chocolate,yes,yes,party-a
51,74500,hispanic,graduate-professional,married,employed,chocolate,yes,yes,party-a
54,168000,hispanic,graduate-professional,single,employed,vanilla,no,no,party-b
36,56000,caucasian,college,single,unemployed,vanilla,no,yes,party-b
71,63000,asian,high-school,married,unemployed,vanilla,no,yes,party-a
65,70000,caucasian,high-school,single,employed,chocolate,no,no,party-a
26,149000,african-american,graduate-professional,single,employed,vanilla,no,yes,party-a
35,39000,african-american,high-school,married,employed,vanilla,no,no,party-b
24,37500,caucasian,high-school,single,employed,chocolate,yes,no,party-a
23,80000,asian,college,single,employed,vanilla,yes,yes,party-a
44,46500,african-american,college,married,employed,vanilla,no,no,party-b
22,61000,other,college,single,unemployed,vanilla,yes,yes,party-a
22,83500,caucasian,high-school,single,employed,vanilla,yes,no,party-a
39,38000,asian,college,married,employed,vanilla,no,yes,party-b
45,63000,other,not-high-school,married,employed,vanilla,yes,no,party-b
45,61000,asian,college,single,employed,chocolate,yes,yes,party-a
82,91000,asian,graduate-professional,married,unemployed,vanilla,yes,no,party-b
22,59500,asian,high-school,single,unemployed,vanilla,yes,no,party-a
52,86000,african-american,college,married,employed,vanilla,no,yes,party-b
25,57000,caucasian,college,single,employed,vanilla,no,no,party-a
74,31000,caucasian,high-school,married,unemployed,vanilla,yes,yes,party-a
33,27500,asian,graduate-professional,single,employed,vanilla,yes,no,party-b
44,41000,asian,college,single,employed,chocolate,yes,no,party-b
25,62000,hispanic,high-school,single,employed,chocolate,no,no,party-a
37,77000,hispanic,college,single,employed,vanilla,yes,yes,party-b
56,40500,asian,college,single,employed,vanilla,yes,yes,party-b
73,45500,african-american,not-high-school,married,unemployed,chocolate,yes,yes,party-b
58,36000,asian,college,married,employed,vanilla,no,no,party-b
57,35000,asian,high-school,married,employed,chocolate,no,no,party-b
29,90500,asian,college,married,employed,vanilla,yes,no,party-a
37,38500,asian,high-school,married,employed,chocolate,no,yes,party-b
21,25500,asian,high-school,single,employed,vanilla,no,yes,party-a
56,45000,african-american,high-school,married,employed,chocolate,no,no,party-b
32,24500,asian,high-school,single,employed,chocolate,yes,no,party-b
70,96000,asian,not-high-school,married,unemployed,vanilla,yes,no,party-b
69,41500,caucasian,not-high-school,married,unemployed,vanilla,yes,no,party-b
51,165000,african-american,graduate-professional,married,unemployed,vanilla,yes,no,party-b
66,101500,hispanic,college,married,employed,chocolate,yes,yes,party-a
19,42500,african-american,high-school,single,unemployed,chocolate,no,no,party-a
42,69500,hispanic,college,single,employed,vanilla,yes,no,party-a
56,86000,african-american,high-school,single,employed,vanilla,yes,yes,party-a
38,93000,hispanic,graduate-professional,single,employed,chocolate,yes,no,party-a
23,25000,asian,high-school,single,employed,vanilla,no,yes,party-b
80,35000,caucasian,high-school,married,employed,vanilla,no,yes,party-a
46,72000,asian,graduate-professional,single,employed,chocolate,yes,yes,party-a
84,49500,asian,not-high-school,married,employed,vanilla,no,yes,party-a
27,54500,caucasian,not-high-school,single,employed,chocolate,yes,no,party-a
58,70500,hispanic,graduate-professional,married,employed,vanilla,yes,no,party-a
19,44500,other,high-school,married,unemployed,chocolate,yes,no,party-b
24,62000,asian,high-school,single,employed,vanilla,yes,no,party-a
55,116000,caucasian,high-school,married,employed,chocolate,yes,no,party-b
45,46000,hispanic,high-school,married,employed,vanilla,no,no,party-b
47,23500,caucasian,not-high-school,single,employed,vanilla,yes,no,party-b
45,29000,asian,college,single,employed,chocolate,yes,no,party-b
40,30000,african-american,high-school,married,employed,vanilla,no,no,party-b
55,51500,asian,college,married,employed,vanilla,yes,yes,party-a
46,60000,african-american,graduate-professional,married,employed,chocolate,no,no,party-a
59,22000,african-american,college,married,employed,chocolate,yes,no,party-a
18,61000,african-american,college,single,employed,chocolate,no,no,party-a
22,34500,caucasian,not-high-school,single,employed,vanilla,yes,no,party-a
57,34500,caucasian,graduate-professional,married,employed,vanilla,no,no,party-b
34,103000,caucasian,college,married,employed,chocolate,no,yes,party-a
42,45500,hispanic,not-high-school,single,unemployed,vanilla,yes,no,party-b
20,27000,african-american,not-high-school,single,employed,chocolate,yes,no,party-a
78,65000,other,college,married,unemployed,chocolate,yes,yes,party-a
36,48000,other,college,single,employed,chocolate,yes,yes,party-a
77,74500,other,college,single,unemployed,chocolate,yes,yes,party-b
68,40000,asian,high-school,married,unemployed,chocolate,no,no,party-b
69,34000,asian,not-high-school,married,employed,vanilla,yes,yes,party-b
54,122500,hispanic,graduate-professional,married,employed,chocolate,yes,no,party-b
39,20500,hispanic,high-school,single,unemployed,chocolate,no,no,party-a
25,50500,asian,college,single,employed,vanilla,yes,no,party-a
74,49500,other,high-school,single,unemployed,chocolate,no,yes,party-a
54,72000,asian,high-school,single,employed,vanilla,yes,yes,party-b
74,220000,other,college,married,unemployed,chocolate,yes,yes,party-b
74,57000,other,college,married,unemployed,vanilla,yes,yes,party-a
78,60500,hispanic,high-school,married,employed,vanilla,no,no,party-a
31,30000,caucasian,not-high-school,single,employed,vanilla,no,no,party-b
68,61500,other,high-school,married,unemployed,vanilla,yes,yes,party-a
82,69000,hispanic,college,single,employed,chocolate,no,no,party-a
82,121500,asian,graduate-professional,married,unemployed,vanilla,yes,no,party-a
35,32500,asian,college,single,employed,chocolate,yes,yes,party-b
33,60500,asian,college,single,employed,chocolate,no,no,party-a
58,34000,asian,not-high-school,married,employed,vanilla,no,yes,party-b
66,96000,hispanic,college,married,employed,vanilla,no,no,party-b
71,24500,african-american,high-school,single,unemployed,vanilla,no,yes,party-a
48,36000,caucasian,high-school,married,unemployed,vanilla,no,no,party-b
21,152000,hispanic,high-school,married,unemployed,chocolate,yes,no,party-a
43,54500,other,college,single,unemployed,chocolate,yes,yes,party-b
40,29500,caucasian,high-school,married,employed,chocolate,yes,no,party-b
66,42000,african-american,college,single,employed,vanilla,yes,yes,party-a
31,45500,asian,graduate-professional,single,employed,chocolate,no,no,party-a
44,34500,asian,not-high-school,married,employed,chocolate,yes,no,party-b
64,33000,other,college,married,unemployed,chocolate,yes,no,party-b
37,99500,african-american,college,single,employed,chocolate,yes,yes,party-b
53,40500,african-american,college,single,employed,chocolate,yes,no,party-a
69,83000,caucasian,not-high-school,married,unemployed,vanilla,no,no,party-b
76,93000,asian,graduate-professional,single,unemployed,chocolate,yes,no,party-a
25,48000,african-american,college,married,employed,chocolate,yes,no,party-a
38,50000,asian,high-school,single,employed,vanilla,yes,no,party-b
52,40500,asian,college,married,employed,chocolate,yes,no,party-b
52,44000,african-american,graduate-professional,married,employed,chocolate,no,no,party-a
51,161000,caucasian,graduate-professional,married,employed,chocolate,yes,yes,party-b
71,62500,hispanic,high-school,single,unemployed,vanilla,yes,no,party-a
47,78000,asian,graduate-professional,single,employed,vanilla,yes,yes,party-b
56,46500,other,high-school,single,employed,vanilla,no,yes,party-a
35,69500,hispanic,graduate-professional,married,employed,chocolate,yes,no,party-b
84,30000,other,not-high-school,single,employed,vanilla,yes,yes,party-b
55,24500,other,college,single,employed,vanilla,yes,yes,party-b
60,77000,caucasian,college,single,unemployed,vanilla,no,yes,party-a
62,21000,caucasian,high-school,single,employed,chocolate,yes,yes,party-b
80,38000,asian,high-school,single,unemployed,chocolate,no,yes,party-b
69,97500,asian,college,married,unemployed,chocolate,yes,yes,party-a
64,52500,hispanic,college,married,employed,chocolate,no,yes,party-a
50,25000,hispanic,not-high-school,married,unemployed,vanilla,yes,yes,party-b
34,74500,hispanic,graduate-professional,single,employed,chocolate,yes,yes,party-a
38,45500,asian,not-high-school,single,employed,vanilla,no,no,party-a
39,58000,other,graduate-professional,single,employed,vanilla,no,yes,party-b
76,62000,asian,college,single,unemployed,chocolate,no,no,party-a
28,61500,asian,high-school,single,employed,vanilla,yes,yes,party-a
34,39500,asian,college,married,employed,vanilla,yes,yes,party-a
63,132500,other,college,single,employed,chocolate,no,yes,party-b
55,24500,hispanic,not-high-school,married,unemployed,chocolate,no,yes,party-a
18,60500,caucasian,not-high-school,married,employed,vanilla,yes,no,party-a
53,19000,asian,high-school,single,unemployed,vanilla,yes,no,party-b
64,53000,hispanic,high-school,married,employed,chocolate,no,no,party-b
72,78500,african-american,not-high-school,married,unemployed,chocolate,no,no,party-b
40,98500,asian,graduate-professional,single,employed,vanilla,no,no,party-b
82,20000,hispanic,high-school,single,employed,vanilla,yes,no,party-b
33,42000,caucasian,graduate-professional,single,employed,chocolate,no,no,party-a
80,23000,other,high-school,married,employed,chocolate,no,no,party-b
64,65500,asian,graduate-professional,married,unemployed,chocolate,yes,no,party-a
63,21500,other,graduate-professional,single,employed,vanilla,yes,yes,party-b
70,56500,caucasian,graduate-professional,married,employed,vanilla,yes,yes,party-a
72,44500,hispanic,high-school,married,unemployed,vanilla,yes,yes,party-a
83,68500,asian,high-school,single,unemployed,chocolate,yes,no,party-a
69,15000,hispanic,graduate-professional,married,employed,chocolate,yes,no,party-b
52,61000,other,graduate-professional,single,employed,vanilla,no,no,party-a
78,20000,other,high-school,single,unemployed,vanilla,no,no,party-b
68,58500,asian,graduate-professional,single,unemployed,vanilla,no,no,party-a
45,62000,asian,college,married,employed,chocolate,no,no,party-a
39,58000,african-american,high-school,married,employed,vanilla,yes,no,party-b
19,43000,asian,high-school,single,unemployed,chocolate,yes,no,party-a
26,105500,hispanic,not-high-school,married,employed,vanilla,no,no,party-b
25,31500,caucasian,college,single,employed,vanilla,yes,no,party-a
47,39000,hispanic,college,married,employed,vanilla,no,no,party-b
29,32000,caucasian,not-high-school,single,employed,vanilla,yes,no,party-b
68,109500,other,college,married,unemployed,vanilla,yes,no,party-b
52,53000,hispanic,high-school,single,employed,chocolate,no,no,party-a
75,81000,african-american,graduate-professional,married,unemployed,chocolate,yes,yes,party-a
58,54000,other,college,single,employed,chocolate,no,no,party-b
47,28500,asian,graduate-professional,single,employed,vanilla,yes,no,party-a
28,73500,other,high-school,single,employed,chocolate,yes,yes,party-a
20,36000,asian,high-school,single,employed,chocolate,yes,no,party-a
53,56500,african-american,high-school,married,employed,vanilla,yes,yes,party-a
64,46000,caucasian,college,single,employed,vanilla,no,yes,party-b
24,36000,african-american,not-high-school,single,employed,vanilla,yes,yes,party-b
38,34500,hispanic,graduate-professional,single,employed,chocolate,yes,no,party-b
27,49500,hispanic,high-school,single,employed,chocolate,no,no,party-a
21,84000,other,college,single,employed,vanilla,no,no,party-a
29,30500,caucasian,high-school,single,employed,chocolate,yes,no,party-a
65,18500,caucasian,high-school,single,employed,chocolate,no,yes,party-b
74,25500,other,high-school,married,employed,vanilla,yes,yes,party-b
64,36500,asian,high-school,single,unemployed,chocolate,no,yes,party-b
53,72000,other,not-high-school,single,employed,vanilla,no,yes,party-b
55,135500,african-american,graduate-professional,single,employed,chocolate,no,no,party-b
47,80500,hispanic,high-school,single,employed,chocolate,yes,yes,party-b
73,62000,asian,college,married,unemployed,vanilla,yes,yes,party-a
20,97500,hispanic,college,married,employed,vanilla,yes,yes,party-a
47,88500,african-american,high-school,married,unemployed,vanilla,yes,no,party-b
24,35500,caucasian,high-school,married,employed,vanilla,yes,yes,party-a
78,69000,caucasian,college,married,unemployed,chocolate,yes,no,party-a
34,84500,asian,high-school,single,employed,chocolate,no,no,party-a
25,108000,hispanic,graduate-professional,married,employed,chocolate,no,yes,party-a
18,66500,hispanic,not-high-school,married,unemployed,chocolate,yes,no,party-a
18,38000,asian,high-school,single,employed,chocolate,yes,no,party-a
38,56500,african-american,college,single,employed,vanilla,yes,yes,party-b
45,47500,hispanic,high-school,single,employed,chocolate,yes,no,party-a
80,35500,asian,high-school,single,unemployed,vanilla,no,yes,party-b
57,35500,other,not-high-school,married,employed,vanilla,no,yes,party-b
32,40500,asian,college,single,unemployed,vanilla,yes,no,party-a
51,39000,asian,high-school,single,employed,vanilla,no,no,party-b
66,109500,hispanic,high-school,married,employed,chocolate,yes,yes,party-b
37,32000,african-american,high-school,married,employed,chocolate,yes,no,party-b
56,99000,other,graduate-professional,single,employed,chocolate,yes,yes,party-a
65,32500,african-american,college,married,unemployed,vanilla,yes,yes,party-a
48,46500,hispanic,not-high-school,single,employed,chocolate,yes,no,party-b
70,74000,hispanic,high-school,single,employed,vanilla,no,yes,party-a
62,41000,caucasian,graduate-professional,married,employed,chocolate,yes,no,party-b
63,67500,asian,college,single,employed,vanilla,yes,no,party-a
71,37000,other,graduate-professional,married,unemployed,vanilla,no,no,party-b
63,79500,asian,college,married,employed,chocolate,no,no,party-b
40,43500,asian,high-school,married,unemployed,vanilla,no,yes,party-a
69,29000,asian,high-school,married,employed,vanilla,no,no,party-b
60,21000,asian,not-high-school,married,employed,chocolate,yes,no,party-b
77,23000,other,college,married,employed,vanilla,yes,yes,party-a
60,45000,asian,college,married,employed,vanilla,yes,no,party-a
45,79000,asian,high-school,married,employed,chocolate,yes,yes,party-b
55,65000,hispanic,high-school,single,employed,chocolate,yes,no,party-a
54,90000,other,college,single,employed,chocolate,yes,no,party-a
70,80500,asian,high-school,married,unemployed,chocolate,no,yes,party-a
23,74500,asian,high-school,married,employed,vanilla,yes,yes,party-a
65,200500,other,college,married,employed,chocolate,yes,no,party-b
82,20500,hispanic,not-high-school,married,unemployed,chocolate,yes,yes,party-b
30,80000,african-american,high-school,single,employed,vanilla,yes,no,party-b
70,21000,asian,college,single,unemployed,vanilla,yes,no,party-a
41,107500,asian,high-school,single,employed,chocolate,no,no,party-b
68,22000,caucasian,college,single,employed,chocolate,no,no,party-b
75,73500,asian,graduate-professional,married,unemployed,vanilla,yes,no,party-a
50,36000,hispanic,high-school,single,employed,vanilla,yes,no,party-b
46,42500,african-american,college,single,employed,vanilla,yes,no,party-b
62,45500,hispanic,high-school,single,employed,chocolate,yes,no,party-a
27,40000,african-american,high-school,single,employed,chocolate,no,no,party-a
25,40000,other,college,single,employed,chocolate,no,yes,party-a
52,91000,caucasian,graduate-professional,married,employed,vanilla,yes,yes,party-b
36,61000,african-american,high-school,single,employed,chocolate,yes,no,party-a
18,21000,other,high-school,single,employed,vanilla,no,no,party-a
37,66500,caucasian,high-school,married,unemployed,vanilla,yes,no,party-b
69,75000,hispanic,graduate-professional,married,employed,vanilla,yes,yes,party-a
44,95500,hispanic,high-school,single,employed,chocolate,yes,yes,party-b
55,60000,african-american,college,single,employed,chocolate,yes,yes,party-b
52,38000,asian,high-school,single,employed,chocolate,no,no,party-b
21,21000,other,high-school,single,unemployed,chocolate,yes,yes,party-a
67,40500,asian,high-school,single,unemployed,vanilla,yes,no,party-b
20,52500,hispanic,college,single,unemployed,chocolate,yes,no,party-a
74,67500,caucasian,college,married,unemployed,vanilla,yes,no,party-a
80,39000,asian,high-school,married,employed,vanilla,no,yes,party-a
40,60000,asian,college,married,employed,vanilla,yes,no,party-b
76,59500,caucasian,not-high-school,married,unemployed,vanilla,yes,yes,party-a
41,50000,asian,college,married,unemployed,vanilla,yes,yes,party-a
57,44000,hispanic,college,single,employed,chocolate,no,yes,party-b
64,156000,hispanic,college,single,employed,chocolate,no,yes,party-a
24,55500,caucasian,high-school,single,unemployed,chocolate,no,no,party-a
39,100500,asian,college,single,employed,vanilla,yes,yes,party-a
39,66000,hispanic,college,married,employed,chocolate,no,yes,party-a
60,33000,african-american,not-high-school,married,employed,vanilla,no,no,party-b
48,21500,african-american,college,single,employed,chocolate,yes,yes,party-b
33,201500,asian,graduate-professional,single,employed,chocolate,yes,yes,party-b
42,44000,other,graduate-professional,married,employed,chocolate,yes,no,party-a
57,40000,asian,high-school,single,unemployed,chocolate,yes,no,party-b
25,84000,other,high-school,single,employed,chocolate,no,no,party-a
55,25500,african-american,graduate-professional,married,unemployed,chocolate,no,no,party-b
49,53500,other,college,single,employed,chocolate,yes,no,party-b
24,52000,hispanic,college,single,employed,vanilla,yes,no,party-a
22,27500,hispanic,high-school,single,employed,vanilla,no,no,party-a
20,41000,hispanic,high-school,single,employed,vanilla,no,no,party-b
56,37000,caucasian,high-school,married,employed,vanilla,no,yes,party-a
31,87000,african-american,not-high-school,single,employed,vanilla,no,no,party-a
38,78500,caucasian,graduate-professional,single,employed,vanilla,yes,yes,party-a
26,21500,hispanic,high-school,single,employed,chocolate,yes,no,party-a
62,70000,hispanic,college,married,employed,chocolate,yes,yes,party-a
49,184000,hispanic,college,married,employed,chocolate,yes,no,party-b
82,46000,other,college,married,unemployed,chocolate,yes,yes,party-a
53,108500,asian,graduate-professional,single,unemployed,chocolate,yes,no,party-b
73,117500,hispanic,college,married,unemployed,chocolate,yes,yes,party-a
36,109000,caucasian,college,married,employed,vanilla,no,no,party-b
27,29500,african-american,high-school,single,unemployed,vanilla,no,no,party-a
46,155500,other,college,single,unemployed,chocolate,no,yes,party-b
19,66000,asian,graduate-professional,single,unemployed,vanilla,yes,no,party-a
31,166500,asian,college,single,employed,chocolate,no,no,party-b
22,70000,african-american,college,married,unemployed,vanilla,no,no,party-b
70,55500,asian,high-school,married,unemployed,vanilla,yes,no,party-b
73,126500,other,college,married,employed,chocolate,no,yes,party-a
29,98000,asian,graduate-professional,single,employed,vanilla,yes,yes,party-a
42,48000,other,college,single,employed,chocolate,yes,no,party-a
70,61500,african-american,high-school,married,unemployed,vanilla,yes,yes,party-a
20,71500,hispanic,college,single,employed,chocolate,yes,no,party-a
52,95000,other,not-high-school,married,employed,chocolate,yes,no,party-b
38,26500,asian,not-high-school,single,employed,vanilla,no,no,party-b
41,15000,other,not-high-school,married,unemployed,chocolate,no,no,party-b
21,28000,caucasian,high-school,single,employed,chocolate,yes,no,party-b
64,17000,asian,high-school,married,employed,chocolate,yes,yes,party-a
38,134500,other,college,married,employed,chocolate,yes,yes,party-b
58,56000,asian,high-school,married,unemployed,vanilla,yes,no,party-a
30,28500,caucasian,high-school,married,employed,chocolate,yes,yes,party-b
79,20000,caucasian,high-school,married,unemployed,vanilla,yes,no,party-b
33,29500,african-american,high-school,single,employed,vanilla,yes,no,party-b
77,76000,african-american,college,married,unemployed,chocolate,no,yes,party-a
59,89500,other,college,single,employed,chocolate,yes,no,party-a
35,106000,other,college,single,employed,vanilla,yes,no,party-b
76,52000,other,not-high-school,single,employed,vanilla,yes,yes,party-b
29,38500,caucasian,college,married,employed,vanilla,yes,yes,party-a
35,18000,caucasian,not-high-school,single,employed,vanilla,no,no,party-a
77,18000,african-american,graduate-professional,single,unemployed,vanilla,no,no,party-a
38,63000,african-american,graduate-professional,married,employed,vanilla,yes,no,party-a
35,122500,other,college,single,employed,chocolate,yes,yes,party-b
83,50000,other,college,married,employed,vanilla,no,yes,party-a
73,46500,hispanic,college,married,employed,vanilla,no,no,party-a
46,50000,other,high-school,married,employed,vanilla,no,no,party-b
75,30500,african-american,high-school,single,unemployed,vanilla,no,yes,party-b
51,52500,african-american,college,married,employed,vanilla,no,yes,party-b
67,138500,caucasian,college,single,employed,vanilla,yes,no,party-a
20,74000,caucasian,high-school,single,employed,vanilla,yes,yes,party-a
19,59500,asian,college,single,unemployed,chocolate,no,no,party-a
48,54500,hispanic,high-school,single,employed,chocolate,no,no,party-b
40,50500,hispanic,college,married,employed,vanilla,yes,no,party-b
41,115500,other,graduate-professional,single,employed,vanilla,yes,yes,party-b
82,120500,hispanic,graduate-professional,single,unemployed,vanilla,yes,yes,party-b
69,62000,caucasian,college,married,unemployed,chocolate,yes,yes,party-a
50,107000,caucasian,college,single,employed,chocolate,yes,yes,party-b
72,105000,caucasian,high-school,married,unemployed,chocolate,no,yes,party-b
45,92500,hispanic,college,married,unemployed,vanilla,yes,no,party-b
75,60500,other,graduate-professional,married,unemployed,vanilla,no,no,party-b
41,76500,other,graduate-professional,single,employed,chocolate,no,no,party-a
42,28000,african-american,college,married,employed,vanilla,yes,yes,party-b
34,93000,caucasian,college,single,employed,vanilla,no,no,party-b
58,37500,african-american,college,married,employed,vanilla,no,no,party-b
54,92000,asian,college,married,unemployed,vanilla,no,yes,party-a
22,55000,african-american,high-school,single,employed,vanilla,yes,no,party-a
65,38000,other,college,married,employed,chocolate,no,yes,party-b
37,47500,asian,college,married,employed,vanilla,yes,yes,party-a
51,73500,african-american,college,single,employed,chocolate,yes,yes,party-b
28,41000,african-american,high-school,single,employed,chocolate,yes,no,party-a
46,44000,asian,college,married,unemployed,vanilla,no,yes,party-a
48,118500,caucasian,college,single,employed,vanilla,no,yes,party-b
18,35000,asian,high-school,single,unemployed,vanilla,yes,no,party-a
37,98500,african-american,graduate-professional,married,employed,vanilla,no,yes,party-a
73,54500,african-american,high-school,married,unemployed,vanilla,no,yes,party-a
62,105000,asian,college,single,employed,chocolate,no,yes,party-b
38,44000,african-american,college,single,unemployed,chocolate,yes,no,party-a
25,57500,hispanic,graduate-professional,married,employed,chocolate,yes,yes,party-a
63,158000,asian,high-school,married,employed,vanilla,no,yes,party-b
40,82500,asian,high-school,single,employed,vanilla,yes,no,party-b
81,47000,asian,college,married,employed,chocolate,yes,no,party-a
47,70500,hispanic,college,married,employed,chocolate,no,no,party-b
52,59500,other,high-school,single,employed,chocolate,no,no,party-a
19,34500,caucasian,high-school,single,unemployed,chocolate,no,no,party-a
33,54500,african-american,college,married,employed,vanilla,yes,no,party-b
84,33500,other,high-school,single,employed,chocolate,no,yes,party-a
22,133500,hispanic,college,single,employed,chocolate,yes,yes,party-b
82,49500,other,high-school,single,unemployed,vanilla,yes,no,party-a
35,112000,african-american,high-school,single,employed,vanilla,yes,no,party-b
84,25000,caucasian,high-school,married,employed,vanilla,no,yes,party-a
30,84500,other,graduate-professional,single,employed,chocolate,no,no,party-b
45,100500,hispanic,graduate-professional,married,employed,vanilla,yes,yes,party-a
57,220000,asian,graduate-professional,single,employed,vanilla,no,yes,party-a
72,15000,african-american,not-high-school,married,employed,vanilla,no,yes,party-b
40,29000,asian,graduate-professional,married,employed,chocolate,yes,yes,party-a
55,68500,african-american,high-school,married,employed,chocolate,no,yes,party-a
28,133000,asian,graduate-professional,married,employed,vanilla,yes,yes,party-a
81,55000,caucasian,high-school,single,unemployed,vanilla,no,yes,party-a
44,15000,other,high-school,married,employed,chocolate,yes,no,party-b
63,55500,asian,high-school,single,employed,vanilla,yes,no,party-a
27,66000,caucasian,college,single,employed,vanilla,no,yes,party-a
62,62500,asian,college,married,employed,chocolate,no,no,party-b
39,99500,caucasian,college,single,unemployed,vanilla,yes,no,party-b
19,150500,caucasian,college,single,employed,chocolate,no,yes,party-a
45,120500,african-american,college,single,employed,chocolate,yes,no,party-a
62,44500,caucasian,high-school,married,employed,chocolate,no,no,party-b
76,117000,asian,graduate-professional,married,unemployed,chocolate,yes,yes,party-a
46,75000,asian,graduate-professional,married,employed,vanilla,no,yes,party-a
34,16000,african-american,high-school,single,employed,chocolate,yes,no,party-b
51,69500,other,college,married,employed,chocolate,yes,no,party-b
79,52500,asian,high-school,married,unemployed,chocolate,yes,yes,party-a
70,106500,asian,college,married,unemployed,vanilla,yes,no,party-b
64,115500,african-american,graduate-professional,married,employed,chocolate,yes,yes,party-b
50,26500,african-american,not-high-school,married,unemployed,vanilla,yes,no,party-b
36,53500,hispanic,college,married,employed,vanilla,yes,no,party-b
48,34500,caucasian,high-school,single,employed,vanilla,no,no,party-b
31,45000,caucasian,college,single,employed,chocolate,no,yes,party-a
30,33500,other,high-school,married,employed,vanilla,no,no,party-b
27,21500,african-american,high-school,single,employed,vanilla,yes,no,party-a
29,85500,african-american,college,single,employed,vanilla,yes,no,party-a
44,69500,other,graduate-professional,single,employed,chocolate,yes,no,party-a
56,43500,african-american,not-high-school,married,employed,vanilla,yes,yes,party-a
48,110000,african-american,college,married,employed,vanilla,no,yes,party-a
31,37000,african-american,high-school,married,employed,vanilla,no,no,party-b
21,90000,asian,college,married,employed,chocolate,yes,yes,party-a
36,79000,asian,graduate-professional,single,unemployed,vanilla,yes,no,party-b
34,49000,other,not-high-school,single,employed,chocolate,no,no,party-a
38,28000,asian,college,married,employed,vanilla,yes,no,party-b
46,59000,other,college,single,employed,vanilla,yes,yes,party-b
19,23000,hispanic,college,single,unemployed,chocolate,yes,no,party-a
51,48000,other,high-school,single,employed,vanilla,yes,yes,party-b
76,64500,hispanic,college,single,employed,vanilla,no,yes,party-b
40,67500,asian,college,single,unemployed,vanilla,yes,no,party-a
36,18000,african-american,college,single,employed,vanilla,yes,no,party-a
49,33000,caucasian,college,married,employed,vanilla,yes,no,party-b
46,84000,caucasian,high-school,single,employed,vanilla,no,no,party-a
23,46000,other,high-school,married,employed,vanilla,yes,no,party-a
49,27500,asian,high-school,single,employed,vanilla,yes,no,party-b
72,23000,caucasian,high-school,married,employed,vanilla,yes,yes,party-b
28,30000,other,graduate-professional,single,employed,vanilla,yes,no,party-a
67,21000,hispanic,college,married,employed,chocolate,yes,no,party-b
56,34500,caucasian,graduate-professional,married,employed,chocolate,yes,no,party-a
77,42000,other,graduate-professional,married,unemployed,vanilla,no,yes,party-a
61,38000,caucasian,college,married,employed,chocolate,yes,yes,party-a
33,86000,asian,graduate-professional,married,employed,chocolate,yes,yes,party-b
28,26000,asian,high-school,single,employed,chocolate,yes,no,party-a
44,61000,asian,high-school,single,employed,chocolate,yes,no,party-a
25,21000,hispanic,college,single,employed,chocolate,no,no,party-b
49,61000,other,high-school,married,employed,chocolate,no,yes,party-b
33,61000,caucasian,high-school,married,employed,vanilla,no,yes,party-a
82,177000,caucasian,college,married,unemployed,chocolate,no,yes,party-a
56,56500,caucasian,graduate-professional,single,employed,chocolate,no,yes,party-a
48,57000,african-american,high-school,married,employed,chocolate,no,yes,party-b
65,41500,african-american,college,married,employed,vanilla,no,yes,party-a
73,112000,african-american,high-school,married,unemployed,vanilla,yes,yes,party-a
25,80500,other,college,married,employed,chocolate,no,no,party-a
83,26500,hispanic,college,married,employed,vanilla,no,yes,party-a
74,62000,hispanic,high-school,married,unemployed,chocolate,yes,no,party-a
82,83500,caucasian,high-school,single,unemployed,vanilla,yes,yes,party-a
19,23000,african-american,high-school,single,employed,vanilla,yes,no,party-a
29,20500,caucasian,graduate-professional,married,employed,chocolate,yes,yes,party-a
22,128000,caucasian,graduate-professional,single,unemployed,vanilla,yes,no,party-a
29,36000,african-american,high-school,single,employed,chocolate,yes,no,party-a
78,83500,african-american,high-school,married,unemployed,chocolate,yes,yes,party-a
69,43500,african-american,high-school,married,employed,vanilla,no,no,party-a
42,41500,asian,college,single,employed,vanilla,yes,yes,party-b
59,22500,asian,high-school,married,employed,vanilla,yes,yes,party-a
29,77500,hispanic,high-school,single,employed,vanilla,yes,yes,party-a
70,64500,african-american,graduate-professional,single,unemployed,vanilla,no,no,party-a
33,43000,hispanic,high-school,single,employed,vanilla,yes,yes,party-a
33,43500,caucasian,high-school,single,employed,chocolate,no,no,party-a
68,47500,asian,high-school,single,unemployed,chocolate,yes,yes,party-b
28,58000,african-american,high-school,single,unemployed,chocolate,yes,no,party-a
33,46500,african-american,high-school,single,employed,chocolate,yes,yes,party-a
36,37500,hispanic,high-school,single,employed,chocolate,no,no,party-b
77,30000,asian,not-high-school,married,unemployed,vanilla,yes,yes,party-a
45,50500,asian,high-school,single,employed,chocolate,no,no,party-b
33,54000,other,college,single,employed,vanilla,yes,no,party-a
26,91000,asian,high-school,single,employed,vanilla,no,no,party-a
36,29000,caucasian,high-school,single,employed,chocolate,yes,no,party-a
75,31000,african-american,college,married,employed,vanilla,yes,no,party-a
38,89000,african-american,college,single,employed,vanilla,yes,no,party-b
78,151000,hispanic,graduate-professional,married,unemployed,chocolate,yes,yes,party-a
27,62000,caucasian,graduate-professional,single,employed,vanilla,yes,no,party-a
67,66500,asian,college,single,employed,vanilla,yes,no,party-a
44,46500,caucasian,not-high-school,single,employed,chocolate,yes,no,party-b
55,28000,hispanic,college,single,employed,chocolate,no,no,party-b
31,33000,hispanic,not-high-school,single,employed,vanilla,no,no,party-b
78,28500,hispanic,graduate-professional,married,unemployed,chocolate,no,no,party-b
60,110000,african-american,college,married,employed,vanilla,yes,no,party-a
60,24000,other,not-high-school,single,employed,vanilla,yes,yes,party-b
26,91500,hispanic,college,single,employed,chocolate,yes,no,party-a
29,113500,hispanic,graduate-professional,single,employed,chocolate,no,yes,party-a
80,26000,hispanic,college,married,unemployed,chocolate,yes,yes,party-a
72,65000,african-american,high-school,married,unemployed,vanilla,yes,yes,party-b
19,63500,hispanic,high-school,single,employed,vanilla,yes,no,party-a
20,40500,asian,graduate-professional,single,employed,chocolate,no,no,party-b
47,65000,hispanic,high-school,married,employed,vanilla,yes,yes,party-a
37,78000,african-american,college,single,employed,chocolate,yes,no,party-b
69,71000,hispanic,college,married,employed,vanilla,yes,yes,party-a
59,44500,caucasian,high-school,married,employed,vanilla,yes,no,party-a
65,42000,other,high-school,married,unemployed,chocolate,yes,no,party-a
36,50000,caucasian,high-school,single,employed,chocolate,no,no,party-a
46,92500,hispanic,college,married,employed,vanilla,no,no,party-b
25,35000,other,graduate-professional,single,employed,vanilla,yes,yes,party-b
23,97500,asian,graduate-professional,married,employed,vanilla,yes,yes,party-a
39,97000,asian,high-school,single,employed,vanilla,yes,no,party-b
56,56500,hispanic,graduate-professional,married,employed,vanilla,no,no,party-b
38,59000,hispanic,college,single,employed,chocolate,no,no,party-a
34,17000,hispanic,high-school,single,employed,vanilla,yes,no,party-b
32,49500,asian,graduate-professional,single,unemployed,chocolate,yes,no,party-a
27,54000,african-american,graduate-professional,single,employed,chocolate,yes,no,party-a
26,35000,african-american,high-school,single,employed,vanilla,yes,no,party-a
65,56000,hispanic,college,married,employed,chocolate,yes,no,party-a
78,65000,asian,college,married,unemployed,chocolate,yes,yes,party-a
25,127500,asian,college,married,unemployed,chocolate,no,no,party-b
80,65500,caucasian,college,single,unemployed,vanilla,yes,yes,party-a
39,48000,hispanic,college,married,employed,chocolate,no,yes,party-a
37,75000,asian,college,single,unemployed,chocolate,no,no,party-a
33,117500,hispanic,graduate-professional,single,employed,vanilla,yes,yes,party-b
66,34500,caucasian,not-high-school,single,employed,vanilla,no,no,party-a
31,85500,caucasian,college,single,employed,chocolate,yes,yes,party-b
72,42000,african-american,high-school,married,unemployed,chocolate,yes,yes,party-a
44,63000,hispanic,college,single,employed,chocolate,yes,yes,party-b
84,26500,african-american,not-high-school,married,employed,vanilla,no,no,party-b
44,28000,hispanic,high-school,married,unemployed,chocolate,yes,no,party-b
43,29000,asian,not-high-school,single,employed,chocolate,yes,no,party-a
22,54000,other,high-school,single,employed,chocolate,yes,no,party-a
60,74000,asian,college,married,employed,vanilla,yes,no,party-a
63,36000,other,high-school,single,unemployed,vanilla,yes,no,party-b
46,60000,african-american,college,single,employed,vanilla,yes,no,party-a
78,39500,asian,graduate-professional,married,employed,chocolate,yes,no,party-a
74,59500,hispanic,high-school,married,unemployed,vanilla,no,no,party-b
52,62000,asian,not-high-school,married,employed,vanilla,yes,yes,party-b
33,139500,hispanic,graduate-professional,single,employed,chocolate,yes,no,party-b
61,114500,other,graduate-professional,married,employed,chocolate,yes,no,party-b
44,74000,other,high-school,married,employed,vanilla,no,no,party-b
34,23000,other,not-high-school,single,employed,chocolate,no,no,party-a
76,88500,hispanic,college,single,unemployed,vanilla,no,yes,party-a
64,31500,caucasian,graduate-professional,married,employed,chocolate,yes,no,party-a
76,34500,asian,high-school,married,employed,chocolate,yes,yes,party-a
80,38500,caucasian,graduate-professional,married,employed,vanilla,yes,yes,party-a
45,28500,african-american,high-school,married,employed,chocolate,yes,no,party-b
39,54000,caucasian,graduate-professional,married,employed,vanilla,yes,no,party-a
27,67500,other,high-school,married,employed,chocolate,yes,yes,party-a
78,23500,african-american,high-school,married,employed,chocolate,yes,no,party-b
21,28500,caucasian,high-school,married,employed,chocolate,yes,no,party-a
64,44500,caucasian,graduate-professional,married,employed,chocolate,yes,yes,party-a
23,220000,african-american,graduate-professional,single,unemployed,chocolate,yes,yes,party-a
37,21000,african-american,high-school,married,employed,vanilla,no,yes,party-a
38,30500,other,college,single,employed,vanilla,yes,no,party-b
56,68500,asian,college,married,employed,vanilla,yes,no,party-b
19,38500,hispanic,college,single,unemployed,chocolate,yes,no,party-a
62,23500,other,not-high-school,married,employed,chocolate,yes,no,party-b
83,47000,caucasian,graduate-professional,married,unemployed,vanilla,yes,yes,party-a
72,43500,caucasian,high-school,married,unemployed,vanilla,yes,no,party-b
47,41000,other,graduate-professional,married,employed,vanilla,no,no,party-b
32,53000,caucasian,graduate-professional,married,employed,vanilla,no,no,party-b
70,54500,african-american,college,married,employed,vanilla,yes,no,party-a
49,40000,hispanic,high-school,single,employed,chocolate,no,no,party-b
63,152500,hispanic,college,single,employed,chocolate,yes,yes,party-b
36,87000,caucasian,graduate-professional,single,unemployed,vanilla,yes,yes,party-b
73,19000,hispanic,high-school,married,employed,vanilla,yes,yes,party-a
58,30500,other,high-school,married,employed,chocolate,yes,yes,party-b
26,28000,hispanic,college,single,employed,chocolate,no,yes,party-b
75,104500,other,high-school,single,unemployed,chocolate,no,yes,party-b
56,47500,african-american,college,married,employed,chocolate,yes,yes,party-a
78,20000,african-american,high-school,married,employed,chocolate,no,no,party-a
80,54000,caucasian,high-school,single,unemployed,vanilla,no,yes,party-a
42,58000,other,high-school,single,employed,chocolate,no,no,party-a
49,65500,african-american,high-school,single,employed,vanilla,no,no,party-a
36,102500,other,graduate-professional,married,employed,chocolate,no,yes,party-a
67,64500,african-american,college,married,employed,vanilla,no,no,party-a
81,80000,caucasian,college,married,employed,chocolate,no,yes,party-a
48,49000,caucasian,high-school,single,employed,chocolate,yes,no,party-a
64,102500,asian,high-school,single,employed,vanilla,no,no,party-b
26,73500,caucasian,high-school,single,employed,chocolate,yes,yes,party-a
20,50500,hispanic,high-school,married,employed,vanilla,yes,no,party-a
82,69000,african-american,high-school,married,unemployed,vanilla,no,yes,party-a
36,21500,hispanic,high-school,single,unemployed,chocolate,yes,no,party-b
76,122000,asian,high-school,married,unemployed,chocolate,yes,yes,party-b
24,89500,asian,graduate-professional,single,employed,vanilla,yes,no,party-a
32,75500,caucasian,high-school,single,employed,vanilla,yes,no,party-a
45,94000,african-american,high-school,single,employed,chocolate,no,no,party-a
35,188500,hispanic,graduate-professional,married,unemployed,vanilla,yes,no,party-b
72,180000,asian,graduate-professional,married,unemployed,vanilla,no,yes,party-a
19,58000,caucasian,not-high-school,married,employed,vanilla,no,no,party-a
25,26000,asian,high-school,single,employed,vanilla,yes,no,party-a
71,62000,asian,college,married,employed,chocolate,yes,yes,party-a
44,15000,caucasian,not-high-school,married,employed,chocolate,yes,no,party-b
52,59500,asian,high-school,single,employed,chocolate,yes,no,party-b
33,164000,other,college,single,employed,vanilla,no,no,party-b
42,59500,asian,college,single,unemployed,vanilla,yes,yes,party-b
68,44500,hispanic,graduate-professional,single,unemployed,vanilla,no,yes,party-a
69,110000,african-american,college,married,employed,vanilla,no,yes,party-a
47,27000,hispanic,high-school,married,employed,chocolate,yes,no,party-b
67,77000,caucasian,high-school,single,unemployed,vanilla,yes,no,party-a
64,70000,caucasian,college,married,employed,vanilla,yes,no,party-a
55,137000,caucasian,graduate-professional,married,employed,vanilla,no,yes,party-b
38,34000,asian,not-high-school,single,employed,chocolate,no,no,party-b
33,26000,hispanic,college,married,employed,vanilla,yes,no,party-b
84,36500,other,graduate-professional,married,unemployed,chocolate,no,yes,party-a
64,29000,asian,high-school,married,employed,vanilla,yes,no,party-b
26,77500,asian,graduate-professional,single,employed,vanilla,no,no,party-a
55,96500,other,graduate-professional,single,employed,vanilla,no,yes,party-b
59,43500,asian,high-school,married,employed,chocolate,yes,no,party-a
48,83000,caucasian,not-high-school,single,employed,chocolate,no,no,party-a
75,82000,other,college,married,unemployed,chocolate,no,yes,party-a
47,35000,caucasian,college,married,employed,vanilla,yes,no,party-b
35,45000,asian,high-school,married,unemployed,chocolate,no,no,party-a
69,31000,caucasian,high-school,married,employed,chocolate,no,no,party-b
29,115000,other,college,single,employed,chocolate,yes,yes,party-b
44,55500,other,college,married,employed,chocolate,yes,no,party-b
57,82500,caucasian,graduate-professional,married,employed,vanilla,no,yes,party-a
32,78500,caucasian,graduate-professional,married,employed,vanilla,no,no,party-a
72,60500,other,college,married,unemployed,chocolate,no,yes,party-a
76,64000,african-american,college,single,employed,vanilla,no,yes,party-a
37,22000,african-american,high-school,married,unemployed,chocolate,yes,no,party-b
36,63000,hispanic,high-school,single,employed,chocolate,yes,yes,party-b
61,48500,asian,high-school,married,employed,vanilla,yes,yes,party-b
42,62000,caucasian,graduate-professional,single,employed,chocolate,no,yes,party-b
71,103500,other,graduate-professional,single,employed,chocolate,yes,no,party-a
84,22000,caucasian,high-school,married,unemployed,vanilla,no,no,party-a
58,57500,other,graduate-professional,married,employed,vanilla,no,no,party-a
35,57500,hispanic,high-school,single,unemployed,chocolate,no,yes,party-b
82,37000,hispanic,high-school,married,employed,vanilla,yes,no,party-b
82,62500,african-american,graduate-professional,married,employed,chocolate,no,yes,party-a
30,27500,hispanic,college,married,employed,chocolate,yes,no,party-b
56,35500,african-american,not-high-school,married,employed,chocolate,yes,yes,party-a
64,79000,hispanic,high-school,married,employed,vanilla,yes,no,party-b
26,101000,asian,graduate-professional,single,employed,vanilla,yes,no,party-a
24,55500,asian,high-school,single,employed,chocolate,yes,no,party-a
65,145500,african-american,college,single,employed,chocolate,yes,yes,party-b
22,41500,asian,high-school,single,employed,vanilla,yes,no,party-b
69,148500,other,college,married,unemployed,vanilla,no,yes,party-a
74,192500,caucasian,high-school,single,unemployed,vanilla,yes,yes,party-b
24,36000,hispanic,high-school,single,unemployed,chocolate,yes,no,party-a
68,56000,african-american,not-high-school,married,unemployed,vanilla,yes,yes,party-b
55,74000,asian,graduate-professional,married,employed,chocolate,no,no,party-a
53,49000,african-american,high-school,single,unemployed,vanilla,no,yes,party-b
32,54000,african-american,college,single,employed,vanilla,yes,no,party-a
45,34500,other,high-school,single,employed,vanilla,yes,yes,party-b
43,40000,other,college,single,employed,chocolate,no,no,party-a
32,21000,caucasian,college,single,employed,chocolate,yes,no,party-b
73,38000,hispanic,high-school,married,unemployed,chocolate,no,no,party-b
21,41000,african-american,high-school,single,employed,chocolate,yes,no,party-a
84,38500,caucasian,graduate-professional,married,employed,vanilla,no,yes,party-a
58,33500,asian,high-school,married,employed,chocolate,no,no,party-b
73,38500,asian,college,single,unemployed,chocolate,no,no,party-a
30,143000,african-american,graduate-professional,single,employed,vanilla,yes,yes,party-b
59,67000,hispanic,graduate-professional,married,employed,vanilla,no,no,party-a
44,29500,caucasian,high-school,married,employed,vanilla,yes,no,party-b
23,56500,hispanic,graduate-professional,single,unemployed,chocolate,no,yes,party-b
55,31000,caucasian,high-school,married,employed,chocolate,no,no,party-b
32,57000,other,high-school,single,employed,vanilla,no,yes,party-a
56,55500,asian,not-high-school,married,employed,chocolate,no,no,party-a
58,15000,african-american,high-school,married,employed,chocolate,no,no,party-b
28,50000,caucasian,high-school,single,employed,chocolate,yes,yes,party-a
49,155500,other,graduate-professional,married,employed,vanilla,yes,yes,party-b
53,86000,other,graduate-professional,single,employed,vanilla,yes,no,party-a
22,60500,african-american,graduate-professional,single,employed,chocolate,no,yes,party-a
46,33500,other,college,married,employed,vanilla,no,yes,party-b
33,69000,other,high-school,single,employed,vanilla,yes,no,party-b
25,107000,african-american,graduate-professional,single,employed,vanilla,no,no,party-a
41,118000,hispanic,college,married,employed,chocolate,yes,no,party-b
36,50000,caucasian,college,married,employed,vanilla,no,no,party-a
44,88000,caucasian,college,married,employed,vanilla,yes,yes,party-b
22,51500,other,graduate-professional,single,unemployed,vanilla,yes,yes,party-a
20,31500,asian,college,single,unemployed,vanilla,yes,no,party-a
59,33500,asian,high-school,married,employed,chocolate,no,no,party-b
40,72000,other,high-school,married,employed,chocolate,no,no,party-b
52,78000,african-american,college,single,employed,vanilla,yes,yes,party-a
27,36000,african-american,college,single,employed,chocolate,no,no,party-a
34,28500,hispanic,not-high-school,single,employed,vanilla,no,yes,party-b
51,20500,hispanic,high-school,single,employed,chocolate,yes,no,party-b
62,121000,caucasian,college,married,employed,chocolate,no,no,party-b
76,124500,african-american,graduate-professional,married,employed,chocolate,yes,no,party-b
58,26500,caucasian,high-school,married,employed,chocolate,yes,no,party-b
27,34500,caucasian,high-school,single,employed,chocolate,no,yes,party-b
64,59500,asian,graduate-professional,single,employed,chocolate,yes,no,party-a
32,42000,asian,college,married,unemployed,chocolate,no,yes,party-b
50,27000,other,college,single,employed,chocolate,no,yes,party-b
83,36500,african-american,college,married,employed,chocolate,yes,yes,party-a
59,62000,asian,college,married,employed,vanilla,yes,no,party-b
47,45000,african-american,high-school,single,employed,chocolate,yes,no,party-a
77,68000,asian,high-school,married,unemployed,chocolate,no,no,party-a
56,49500,african-american,high-school,married,employed,vanilla,no,yes,party-b
84,69000,other,college,single,unemployed,chocolate,yes,yes,party-a
52,90500,asian,high-school,single,employed,chocolate,yes,no,party-a
65,81000,caucasian,high-school,married,unemployed,vanilla,no,no,party-a
59,45500,asian,college,married,employed,vanilla,no,yes,party-b
35,29500,caucasian,college,married,employed,chocolate,yes,no,party-b
38,25500,african-american,college,married,employed,chocolate,no,no,party-b
28,56500,african-american,high-school,single,employed,chocolate,yes,no,party-a
18,78500,hispanic,graduate-professional,married,employed,vanilla,no,no,party-a
53,41500,african-american,college,married,employed,vanilla,yes,no,party-a
69,220000,asian,graduate-professional,single,unemployed,chocolate,yes,no,party-b
47,71500,caucasian,college,married,unemployed,chocolate,yes,no,party-b
73,72500,other,high-school,married,employed,vanilla,no,no,party-a
84,213000,other,college,married,unemployed,chocolate,yes,yes,party-a
51,58000,african-american,graduate-professional,single,employed,chocolate,yes,no,party-a
77,46500,asian,college,single,unemployed,chocolate,yes,no,party-a
59,43500,asian,college,single,unemployed,chocolate,yes,yes,party-b
36,42000,hispanic,college,single,employed,chocolate,no,no,party-a
82,24500,caucasian,high-school,married,unemployed,chocolate,yes,yes,party-a
28,24500,asian,high-school,single,employed,chocolate,no,no,party-a
61,108000,caucasian,high-school,single,employed,chocolate,yes,no,party-b
29,126000,hispanic,high-school,single,employed,chocolate,yes,no,party-a
59,57000,african-american,not-high-school,married,employed,vanilla,yes,yes,party-a
30,55500,african-american,high-school,single,employed,chocolate,yes,no,party-a
24,19000,hispanic,not-high-school,married,unemployed,vanilla,yes,no,party-a
52,56000,asian,college,single,employed,chocolate,yes,no,party-a
64,16000,asian,high-school,married,employed,vanilla,no,yes,party-a
46,39000,other,high-school,single,employed,chocolate,yes,yes,party-b
83,47000,african-american,college,single,employed,chocolate,yes,yes,party-a
38,61000,caucasian,high-school,single,employed,chocolate,no,no,party-b
34,100500,african-american,college,single,unemployed,vanilla,yes,no,party-a
48,104000,caucasian,graduate-professional,married,employed,chocolate,yes,yes,party-a
29,30000,african-american,high-school,single,employed,chocolate,yes,yes,party-a
65,63000,caucasian,college,married,employed,vanilla,no,yes,party-a
76,64500,hispanic,college,single,employed,vanilla,no,no,party-b
55,70000,hispanic,college,single,employed,chocolate,no,yes,party-b
37,159500,other,college,single,unemployed,chocolate,yes,no,party-b
26,44000,hispanic,college,married,employed,chocolate,no,yes,party-a
56,219000,asian,college,single,employed,chocolate,yes,yes,party-b
59,108500,other,not-high-school,single,employed,vanilla,no,no,party-b
64,99000,african-american,college,married,employed,vanilla,no,yes,party-a
51,87000,other,graduate-professional,single,employed,chocolate,no,no,party-a
62,35000,african-american,not-high-school,single,employed,chocolate,no,yes,party-a
77,106500,hispanic,college,married,unemployed,vanilla,no,no,party-b
58,28000,hispanic,not-high-school,married,employed,chocolate,no,yes,party-b
55,27500,other,graduate-professional,married,employed,chocolate,no,no,party-b
69,20500,african-american,not-high-school,married,employed,chocolate,no,no,party-b
54,72500,other,college,married,employed,chocolate,yes,yes,party-a
84,39500,african-american,graduate-professional,single,unemployed,vanilla,yes,yes,party-b
58,41500,hispanic,graduate-professional,single,employed,chocolate,yes,no,party-a
72,41000,caucasian,college,single,unemployed,vanilla,no,yes,party-a
68,56500,caucasian,high-school,married,unemployed,vanilla,no,yes,party-a
74,41000,african-american,college,married,unemployed,chocolate,no,no,party-b
65,38500,other,high-school,single,employed,vanilla,yes,no,party-b
19,81500,other,graduate-professional,single,unemployed,vanilla,no,no,party-a
49,44000,african-american,college,single,employed,chocolate,no,no,party-a
19,42000,african-american,high-school,single,employed,vanilla,yes,no,party-a
63,51500,african-american,high-school,single,employed,chocolate,yes,no,party-a
38,31500,hispanic,not-high-school,single,employed,chocolate,yes,no,party-b
28,67000,caucasian,college,single,employed,vanilla,yes,no,party-a
55,42500,african-american,high-school,married,unemployed,chocolate,no,no,party-a
60,85000,african-american,college,married,employed,chocolate,no,yes,party-a
31,34500,asian,high-school,single,employed,chocolate,yes,no,party-b
74,97000,caucasian,college,married,employed,vanilla,no,yes,party-a
38,111500,african-american,high-school,married,employed,vanilla,yes,yes,party-b
65,65000,other,college,single,unemployed,vanilla,no,no,party-a
73,22000,other,college,single,unemployed,chocolate,yes,yes,party-a
65,111000,asian,college,married,employed,vanilla,no,no,party-a
31,60000,asian,high-school,single,employed,vanilla,yes,no,party-a
61,85500,caucasian,college,married,employed,chocolate,yes,no,party-a
39,134500,other,college,single,employed,vanilla,no,no,party-b
32,127500,asian,graduate-professional,single,employed,chocolate,yes,yes,party-a
44,32000,other,not-high-school,single,employed,vanilla,yes,yes,party-b
74,26000,hispanic,not-high-school,married,unemployed,vanilla,yes,no,party-a
76,58500,other,high-school,married,employed,chocolate,yes,yes,party-a
48,47000,african-american,college,single,employed,vanilla,yes,no,party-a
57,57000,african-american,high-school,married,employed,vanilla,yes,no,party-a
32,40000,caucasian,college,single,unemployed,chocolate,no,no,party-a
26,63500,african-american,college,single,employed,vanilla,yes,no,party-a
39,68000,hispanic,college,single,employed,chocolate,yes,no,party-a
75,57500,hispanic,college,married,unemployed,vanilla,yes,no,party-a
26,131000,hispanic,college,single,employed,chocolate,no,no,party-a
18,110500,african-american,high-school,single,employed,chocolate,yes,yes,party-b
42,15000,hispanic,college,single,employed,chocolate,yes,no,party-b
67,84000,asian,college,married,unemployed,chocolate,yes,yes,party-a
43,104000,african-american,graduate-professional,single,employed,chocolate,yes,yes,party-a
26,41000,caucasian,not-high-school,single,employed,vanilla,yes,no,party-a
28,28500,other,not-high-school,single,employed,vanilla,yes,yes,party-a
72,151500,asian,graduate-professional,married,employed,chocolate,no,yes,party-a
71,24000,other,high-school,married,unemployed,chocolate,yes,yes,party-a
21,115000,caucasian,graduate-professional,single,employed,chocolate,no,yes,party-a
59,58000,asian,college,married,employed,vanilla,yes,no,party-a
68,25000,asian,not-high-school,married,unemployed,chocolate,yes,no,party-b
77,52000,caucasian,graduate-professional,married,unemployed,vanilla,no,yes,party-a
68,27500,african-american,not-high-school,married,employed,vanilla,no,no,party-b
49,70500,asian,not-high-school,single,employed,chocolate,no,yes,party-b
66,25500,african-american,not-high-school,single,employed,chocolate,yes,yes,party-b
39,40500,caucasian,graduate-professional,married,unemployed,vanilla,no,no,party-b
29,24000,african-american,high-school,married,unemployed,vanilla,no,no,party-b
49,33000,african-american,college,married,employed,chocolate,yes,yes,party-b
55,62000,african-american,high-school,married,employed,chocolate,yes,yes,party-a
79,31500,asian,high-school,single,unemployed,chocolate,yes,yes,party-b
38,74500,african-american,graduate-professional,single,employed,chocolate,no,no,party-b
22,50000,caucasian,college,married,employed,vanilla,no,no,party-a
84,64500,african-american,college,married,employed,chocolate,yes,yes,party-a
62,42000,african-american,high-school,married,employed,chocolate,yes,yes,party-a
76,49000,asian,college,single,employed,vanilla,no,no,party-a
60,46000,african-american,college,married,employed,vanilla,yes,no,party-a
66,19500,caucasian,college,married,employed,chocolate,yes,no,party-a
80,31500,african-american,not-high-school,married,employed,chocolate,yes,no,party-a
32,71000,caucasian,college,single,employed,vanilla,yes,no,party-a
63,119000,african-american,high-school,married,employed,chocolate,no,yes,party-a
33,48000,african-american,high-school,married,employed,chocolate,yes,no,party-b
56,81500,other,not-high-school,single,employed,vanilla,yes,no,party-b
33,38000,other,college,single,employed,chocolate,yes,yes,party-b
29,42000,hispanic,graduate-professional,single,employed,chocolate,no,no,party-a
23,50500,african-american,high-school,single,unemployed,vanilla,no,yes,party-a
43,93500,african-american,college,married,employed,chocolate,no,no,party-b
20,45000,african-american,not-high-school,single,employed,vanilla,yes,no,party-a
51,54500,hispanic,graduate-professional,single,employed,vanilla,yes,yes,party-a
23,53500,african-american,high-school,single,employed,vanilla,yes,no,party-a
82,107500,hispanic,graduate-professional,single,unemployed,vanilla,no,yes,party-b
70,92000,other,high-school,married,unemployed,vanilla,yes,yes,party-a
51,65000,asian,high-school,married,employed,chocolate,no,no,party-b
52,35500,hispanic,high-school,married,employed,vanilla,yes,no,party-b
28,100500,other,not-high-school,single,employed,vanilla,yes,yes,party-a
37,114500,caucasian,college,married,employed,vanilla,yes,no,party-b
40,69500,caucasian,college,single,unemployed,vanilla,no,yes,party-b
63,41500,hispanic,college,married,employed,chocolate,no,yes,party-b
25,22500,other,college,single,employed,chocolate,yes,no,party-a
63,15000,caucasian,high-school,married,employed,vanilla,yes,yes,party-a
33,35500,other,high-school,single,employed,chocolate,yes,no,party-a
20,36000,hispanic,college,single,employed,chocolate,yes,no,party-b
45,77500,caucasian,high-school,single,employed,chocolate,no,yes,party-b
21,37500,hispanic,college,single,employed,chocolate,no,no,party-a
21,42500,other,high-school,single,employed,vanilla,yes,no,party-a
45,81000,other,high-school,single,unemployed,chocolate,yes,yes,party-a
31,72500,caucasian,high-school,single,employed,chocolate,yes,yes,party-b
60,34000,african-american,college,married,employed,vanilla,yes,yes,party-b
56,54500,hispanic,college,single,employed,chocolate,yes,yes,party-a
46,31000,other,college,married,employed,vanilla,no,no,party-b
82,53000,caucasian,not-high-school,married,unemployed,chocolate,yes,no,party-b
61,38500,african-american,graduate-professional,single,employed,chocolate,yes,no,party-a
74,24500,other,high-school,single,unemployed,chocolate,no,yes,party-b
24,54000,african-american,college,single,employed,chocolate,yes,yes,party-a
43,37000,caucasian,high-school,married,employed,chocolate,no,no,party-b
20,51000,african-american,graduate-professional,single,employed,vanilla,no,no,party-a
20,31500,other,high-school,single,employed,vanilla,yes,yes,party-b
42,70500,other,college,married,employed,chocolate,yes,no,party-b
53,60000,asian,high-school,single,employed,vanilla,no,yes,party-b
24,94500,hispanic,college,single,employed,vanilla,yes,no,party-a
69,49000,asian,high-school,married,employed,vanilla,yes,yes,party-a
47,29500,other,high-school,married,unemployed,chocolate,yes,no,party-b
34,56000,hispanic,high-school,single,employed,vanilla,no,no,party-a
40,47500,asian,high-school,married,employed,chocolate,no,no,party-b
31,65000,asian,high-school,single,employed,vanilla,no,yes,party-a
36,67000,caucasian,college,married,employed,chocolate,yes,no,party-b
57,42500,african-american,college,single,employed,chocolate,no,yes,party-a
61,37000,caucasian,high-school,single,employed,vanilla,yes,no,party-b
21,68500,hispanic,college,single,employed,chocolate,yes,yes,party-a
53,58000,hispanic,college,married,employed,chocolate,no,yes,party-a
49,60000,african-american,graduate-professional,single,employed,vanilla,yes,no,party-a
81,62500,hispanic,college,married,unemployed,vanilla,yes,no,party-a
26,22500,asian,high-school,single,employed,vanilla,yes,no,party-a
41,70500,hispanic,college,married,employed,vanilla,no,no,party-a
36,53500,hispanic,graduate-professional,single,employed,chocolate,yes,no,party-a
18,31000,caucasian,not-high-school,married,unemployed,vanilla,yes,yes,party-b
51,82500,asian,graduate-professional,married,employed,chocolate,yes,no,party-a
21,47500,caucasian,high-school,single,employed,vanilla,yes,no,party-a
46,35000,other,high-school,married,employed,chocolate,yes,no,party-b
83,42500,african-american,college,married,unemployed,chocolate,yes,no,party-a
70,62500,hispanic,college,single,unemployed,chocolate,yes,yes,party-a
30,88500,asian,college,single,employed,vanilla,yes,no,party-b
32,65500,african-american,college,single,employed,vanilla,yes,no,party-b
65,151000,african-american,graduate-professional,married,employed,chocolate,yes,no,party-a
71,71500,asian,not-high-school,married,unemployed,vanilla,no,yes,party-a
39,62500,other,college,single,employed,vanilla,yes,no,party-a
21,21000,african-american,high-school,single,unemployed,vanilla,yes,no,party-a
33,74000,other,high-school,single,employed,vanilla,yes,no,party-b
28,77500,other,college,single,employed,chocolate,yes,yes,party-a
41,37500,caucasian,high-school,married,employed,vanilla,yes,no,party-b
75,105000,other,college,married,employed,vanilla,yes,yes,party-a
38,66000,african-american,college,single,unemployed,chocolate,yes,yes,party-a
20,88500,caucasian,graduate-professional,single,employed,vanilla,yes,yes,party-a
30,81000,african-american,college,married,employed,chocolate,yes,no,party-b
34,155000,caucasian,graduate-professional,married,employed,vanilla,yes,no,party-a
34,132500,caucasian,graduate-professional,single,employed,chocolate,yes,yes,party-b
28,36500,african-american,college,single,employed,vanilla,yes,no,party-a
29,87500,other,college,married,employed,vanilla,yes,no,party-a
44,45000,hispanic,graduate-professional,married,employed,vanilla,no,no,party-b
57,52500,other,high-school,single,employed,vanilla,yes,yes,party-b
63,25000,asian,high-school,married,employed,vanilla,no,no,party-b
84,47500,caucasian,not-high-school,married,unemployed,chocolate,no,yes,party-a
61,45000,other,high-school,married,employed,chocolate,no,yes,party-a
81,71000,asian,high-school,married,unemployed,chocolate,yes,yes,party-b
84,24500,african-american,college,married,employed,chocolate,yes,no,party-b
73,28000,asian,high-school,married,employed,vanilla,no,yes,party-a
50,80000,hispanic,graduate-professional,married,employed,vanilla,yes,yes,party-b
38,67000,asian,college,married,employed,vanilla,yes,yes,party-a
30,37500,other,high-school,married,employed,vanilla,yes,no,party-b
37,27500,other,not-high-school,single,employed,chocolate,no,no,party-b
42,97500,caucasian,college,single,unemployed,vanilla,yes,yes,party-b
63,60500,other,high-school,single,employed,vanilla,no,yes,party-b
33,48000,hispanic,graduate-professional,married,employed,vanilla,no,no,party-a
81,39500,asian,high-school,married,unemployed,chocolate,no,yes,party-a
72,19500,other,high-school,single,unemployed,vanilla,yes,yes,party-a
42,74000,other,high-school,single,employed,chocolate,no,yes,party-b
50,54500,asian,high-school,single,employed,vanilla,yes,no,party-a
56,70000,african-american,college,married,unemployed,chocolate,yes,no,party-b
78,77000,other,high-school,married,employed,vanilla,yes,yes,party-a
75,50000,asian,not-high-school,married,unemployed,vanilla,no,yes,party-a
40,66000,asian,college,single,employed,vanilla,yes,no,party-a
58,32000,other,high-school,married,employed,vanilla,no,no,party-b
43,89500,hispanic,college,single,unemployed,vanilla,yes,no,party-a
43,104500,other,graduate-professional,single,employed,vanilla,no,no,party-a
20,89000,hispanic,not-high-school,married,employed,chocolate,yes,yes,party-a
64,48500,african-american,graduate-professional,married,employed,chocolate,yes,no,party-a
65,58500,other,college,married,employed,vanilla,yes,no,party-a
69,90500,african-american,high-school,single,unemployed,vanilla,yes,no,party-a
35,76000,african-american,graduate-professional,married,employed,chocolate,yes,no,party-b
30,80000,african-american,high-school,single,employed,chocolate,yes,no,party-a
36,44000,caucasian,college,married,employed,vanilla,no,no,party-b
43,82500,african-american,graduate-professional,married,employed,vanilla,yes,no,party-b
70,102000,caucasian,college,single,unemployed,vanilla,no,yes,party-a
28,90000,caucasian,college,single,employed,chocolate,yes,no,party-a
72,75000,other,college,married,unemployed,vanilla,no,no,party-a
22,40000,caucasian,high-school,single,unemployed,vanilla,no,no,party-b
30,81500,caucasian,graduate-professional,married,employed,chocolate,yes,no,party-b
52,55500,hispanic,graduate-professional,married,employed,chocolate,yes,no,party-b
34,58000,hispanic,graduate-professional,single,employed,chocolate,yes,no,party-a
83,33000,asian,high-school,married,unemployed,vanilla,yes,yes,party-a
47,111500,other,graduate-professional,single,employed,chocolate,yes,no,party-a
24,132500,other,high-school,single,employed,vanilla,yes,no,party-a
57,49000,african-american,not-high-school,single,employed,chocolate,yes,yes,party-a
40,50500,asian,graduate-professional,married,unemployed,chocolate,yes,no,party-a
47,42500,caucasian,high-school,married,employed,chocolate,yes,no,party-b
45,49500,asian,high-school,married,employed,vanilla,yes,yes,party-a
18,67000,caucasian,graduate-professional,single,employed,chocolate,yes,yes,party-a
51,31500,african-american,college,married,employed,chocolate,yes,no,party-b
45,45500,asian,high-school,single,employed,chocolate,yes,no,party-b
64,191500,african-american,graduate-professional,married,employed,vanilla,no,yes,party-a
72,90000,caucasian,college,married,employed,vanilla,yes,no,party-a
71,101500,african-american,college,single,unemployed,vanilla,yes,yes,party-a
57,34000,asian,high-school,married,employed,vanilla,yes,no,party-b
20,82500,other,college,single,employed,chocolate,no,no,party-a
74,65000,asian,high-school,married,employed,chocolate,yes,no,party-a
31,56000,asian,high-school,married,unemployed,vanilla,no,yes,party-a
24,55500,african-american,graduate-professional,single,unemployed,vanilla,no,yes,party-a
34,28500,asian,high-school,single,employed,chocolate,yes,no,party-b
56,39500,asian,high-school,single,employed,chocolate,yes,no,party-a
75,122500,asian,graduate-professional,married,employed,vanilla,yes,yes,party-a
32,31000,other,not-high-school,single,employed,vanilla,yes,yes,party-b
31,34500,other,high-school,married,employed,vanilla,yes,no,party-b
53,59000,other,graduate-professional,married,employed,chocolate,no,no,party-b
42,107500,hispanic,graduate-professional,single,employed,chocolate,yes,no,party-a
59,44000,caucasian,not-high-school,single,unemployed,chocolate,yes,no,party-b
36,58500,asian,high-school,married,employed,chocolate,yes,no,party-a
44,36000,hispanic,college,single,employed,chocolate,yes,no,party-b
69,35000,other,high-school,married,employed,vanilla,yes,no,party-b
51,77500,asian,graduate-professional,married,unemployed,chocolate,no,no,party-b
36,50500,hispanic,college,single,employed,vanilla,yes,yes,party-b
83,86000,caucasian,high-school,married,unemployed,vanilla,no,yes,party-a
67,23000,caucasian,not-high-school,married,unemployed,vanilla,no,yes,party-b
35,43000,hispanic,high-school,single,employed,chocolate,yes,no,party-b
52,39000,other,high-school,single,employed,chocolate,yes,no,party-b
45,15000,asian,not-high-school,married,employed,chocolate,yes,no,party-b
50,87000,hispanic,college,married,employed,vanilla,no,yes,party-b
56,44500,caucasian,high-school,married,employed,chocolate,yes,no,party-b
53,92000,asian,college,married,employed,chocolate,yes,yes,party-a
56,33500,african-american,high-school,single,employed,vanilla,yes,yes,party-b
59,83500,african-american,college,married,employed,chocolate,no,no,party-a
79,84500,caucasian,high-school,married,unemployed,chocolate,yes,yes,party-a
46,98000,african-american,college,married,employed,vanilla,yes,no,party-b
62,69000,caucasian,graduate-professional,single,unemployed,chocolate,yes,no,party-a
62,102500,other,high-school,married,employed,chocolate,no,no,party-a
46,42000,other,high-school,single,unemployed,chocolate,yes,yes,party-b
52,54000,asian,high-school,single,employed,chocolate,no,yes,party-b
65,126000,african-american,high-school,married,employed,chocolate,yes,yes,party-a
30,63500,african-american,graduate-professional,married,employed,vanilla,yes,yes,party-a
34,36000,hispanic,not-high-school,married,employed,vanilla,yes,yes,party-b
51,18000,other,high-school,married,employed,vanilla,no,yes,party-a
43,114000,asian,graduate-professional,single,employed,chocolate,yes,yes,party-b
33,30000,other,not-high-school,married,employed,chocolate,yes,no,party-b
38,61500,asian,college,single,employed,vanilla,no,yes,party-b
83,101500,african-american,graduate-professional,married,unemployed,vanilla,no,no,party-a
69,39000,african-american,college,married,employed,vanilla,no,yes,party-a
45,41500,hispanic,high-school,single,employed,vanilla,yes,no,party-b
33,17500,caucasian,high-school,married,employed,vanilla,no,no,party-b
65,16000,caucasian,college,married,employed,chocolate,yes,no,party-b
44,58500,hispanic,graduate-professional,married,unemployed,chocolate,yes,yes,party-a
65,27000,other,not-high-school,married,employed,chocolate,no,no,party-a
38,47000,caucasian,graduate-professional,married,employed,chocolate,yes,no,party-a
31,58500,hispanic,not-high-school,single,employed,vanilla,yes,no,party-a
64,46500,african-american,college,single,employed,vanilla,yes,yes,party-a
75,60000,caucasian,college,married,employed,chocolate,yes,no,party-a
83,37500,caucasian,college,married,unemployed,vanilla,yes,yes,party-a
36,44000,hispanic,not-high-school,single,employed,vanilla,yes,no,party-a
65,43000,african-american,high-school,single,employed,vanilla,no,no,party-a
38,64500,hispanic,graduate-professional,single,employed,vanilla,yes,no,party-a
48,91500,caucasian,graduate-professional,single,employed,chocolate,no,yes,party-b
42,131000,african-american,graduate-professional,married,employed,chocolate,yes,yes,party-b
45,79500,hispanic,graduate-professional,married,employed,chocolate,yes,yes,party-a
65,34000,other,college,married,employed,chocolate,yes,no,party-a
83,57000,african-american,high-school,married,unemployed,vanilla,yes,yes,party-a
65,78500,african-american,high-school,married,employed,chocolate,yes,yes,party-a
29,85500,other,graduate-professional,married,employed,chocolate,yes,yes,party-a
52,17500,hispanic,not-high-school,single,employed,chocolate,yes,no,party-b
52,60000,other,graduate-professional,married,employed,vanilla,yes,no,party-a
79,57500,caucasian,graduate-professional,married,employed,vanilla,yes,yes,party-a
71,19500,hispanic,high-school,single,unemployed,vanilla,yes,no,party-b
62,20000,other,college,married,employed,chocolate,no,yes,party-b
80,60000,asian,college,married,unemployed,vanilla,no,yes,party-a
24,96000,other,high-school,single,employed,vanilla,yes,yes,party-a
70,84000,african-american,high-school,single,unemployed,chocolate,yes,yes,party-a
27,34500,african-american,high-school,married,employed,vanilla,no,yes,party-a
48,56500,hispanic,graduate-professional,married,employed,vanilla,no,no,party-a
59,110500,hispanic,college,single,employed,vanilla,no,no,party-a
78,49000,african-american,high-school,married,unemployed,vanilla,no,yes,party-a
65,48000,asian,high-school,single,employed,chocolate,no,yes,party-a
79,58000,caucasian,college,married,unemployed,chocolate,yes,yes,party-b
68,53500,asian,high-school,married,employed,chocolate,yes,yes,party-a
82,44000,african-american,high-school,single,unemployed,chocolate,no,no,party-a
66,113500,caucasian,not-high-school,married,employed,chocolate,no,yes,party-a
66,59500,hispanic,high-school,single,employed,vanilla,no,yes,party-b
52,220000,other,high-school,single,employed,vanilla,no,yes,party-b
25,35500,caucasian,college,married,employed,chocolate,no,yes,party-a
26,29500,caucasian,high-school,single,employed,vanilla,no,no,party-a
53,69500,caucasian,college,single,employed,chocolate,no,no,party-a
39,23500,african-american,college,single,employed,chocolate,yes,no,party-b
84,90500,african-american,college,married,unemployed,chocolate,no,yes,party-a
45,78500,hispanic,college,single,employed,vanilla,no,yes,party-a
31,64000,hispanic,college,single,employed,vanilla,no,no,party-a
58,49000,asian,college,single,employed,chocolate,yes,no,party-a
77,73000,caucasian,college,married,employed,chocolate,no,yes,party-a
54,18500,asian,high-school,married,employed,chocolate,yes,no,party-b
57,40500,african-american,not-high-school,married,employed,chocolate,no,yes,party-b
20,28500,other,high-school,single,employed,vanilla,yes,no,party-a
71,55500,asian,college,married,unemployed,vanilla,no,no,party-a
77,35000,african-american,not-high-school,married,employed,chocolate,no,yes,party-b
50,25000,asian,high-school,single,employed,chocolate,yes,no,party-b
21,25000,caucasian,high-school,single,employed,vanilla,no,no,party-a
59,57500,other,high-school,single,employed,vanilla,yes,no,party-a
54,35000,african-american,high-school,married,employed,vanilla,yes,no,party-b
35,127500,hispanic,graduate-professional,single,employed,chocolate,no,yes,party-a
56,32000,other,graduate-professional,single,employed,vanilla,yes,yes,party-b
42,25500,african-american,not-high-school,single,employed,chocolate,yes,no,party-b
74,90000,hispanic,graduate-professional,married,employed,vanilla,no,no,party-a
81,19000,caucasian,graduate-professional,married,employed,vanilla,no,yes,party-a
84,145500,asian,graduate-professional,single,unemployed,vanilla,yes,yes,party-a
47,45500,hispanic,high-school,married,employed,vanilla,yes,yes,party-b
80,67000,hispanic,graduate-professional,married,unemployed,vanilla,yes,yes,party-a
41,40000,caucasian,high-school,single,employed,vanilla,no,no,party-b
59,64000,other,high-school,single,employed,vanilla,yes,no,party-a
28,53500,african-american,high-school,single,employed,chocolate,no,no,party-b
37,38500,hispanic,college,single,employed,chocolate,yes,yes,party-b
23,48000,other,not-high-school,single,employed,vanilla,yes,no,party-a
38,40000,other,graduate-professional,married,employed,vanilla,no,no,party-b
61,25500,caucasian,college,married,employed,chocolate,yes,no,party-b
72,43000,asian,high-school,married,unemployed,vanilla,no,yes,party-b
31,33500,caucasian,high-school,single,employed,chocolate,no,yes,party-b
66,63000,hispanic,high-school,married,employed,vanilla,yes,yes,party-a
55,22500,asian,high-school,single,employed,chocolate,yes,no,party-b
80,60000,african-american,college,married,unemployed,chocolate,no,yes,party-a
52,61000,other,graduate-professional,single,employed,chocolate,no,yes,party-a
40,85000,hispanic,college,single,employed,chocolate,yes,no,party-a
53,66000,caucasian,graduate-professional,single,employed,vanilla,no,yes,party-a
82,28000,hispanic,high-school,single,unemployed,chocolate,no,yes,party-b
29,87500,caucasian,graduate-professional,single,employed,vanilla,yes,yes,party-a
33,67000,hispanic,graduate-professional,single,unemployed,vanilla,yes,no,party-b
75,45000,hispanic,college,married,unemployed,vanilla,yes,no,party-a
61,57000,african-american,graduate-professional,married,employed,vanilla,yes,yes,party-a
35,48500,caucasian,college,married,employed,chocolate,yes,no,party-b
24,39500,hispanic,not-high-school,single,unemployed,chocolate,no,yes,party-b
81,53000,caucasian,high-school,married,unemployed,vanilla,no,yes,party-a
27,106000,african-american,graduate-professional,married,employed,vanilla,yes,no,party-a
74,37500,african-american,graduate-professional,married,unemployed,vanilla,yes,yes,party-b
29,26000,asian,not-high-school,single,employed,chocolate,no,no,party-a
69,43500,african-american,high-school,single,unemployed,chocolate,no,yes,party-b
54,20500,hispanic,high-school,single,employed,vanilla,yes,no,party-b
43,110000,other,graduate-professional,single,unemployed,vanilla,yes,yes,party-b
59,22500,hispanic,college,married,employed,vanilla,no,yes,party-b
42,30000,caucasian,high-school,single,employed,chocolate,no,no,party-b
30,36000,hispanic,college,single,employed,chocolate,yes,no,party-b
32,54500,caucasian,graduate-professional,single,employed,vanilla,no,no,party-a
29,32000,other,graduate-professional,single,employed,vanilla,yes,no,party-b
69,74000,asian,high-school,married,unemployed,vanilla,yes,yes,party-a
56,56000,asian,college,married,employed,chocolate,no,no,party-b
63,34000,hispanic,high-school,single,employed,vanilla,yes,yes,party-b
53,67000,african-american,high-school,single,employed,chocolate,no,no,party-b
68,46500,other,high-school,married,unemployed,vanilla,yes,yes,party-a
60,53500,caucasian,college,married,employed,chocolate,yes,no,party-a
80,90500,african-american,high-school,single,unemployed,chocolate,yes,no,party-a
26,21000,african-american,not-high-school,single,unemployed,vanilla,no,no,party-a
57,23000,caucasian,high-school,married,employed,vanilla,no,yes,party-b
40,88000,caucasian,high-school,married,unemployed,vanilla,yes,no,party-b
38,40500,asian,college,married,employed,vanilla,no,yes,party-b
37,58500,asian,high-school,married,employed,chocolate,yes,yes,party-a
26,52500,african-american,high-school,single,employed,chocolate,yes,no,party-a
47,42500,hispanic,high-school,single,unemployed,chocolate,no,no,party-a
56,25500,hispanic,college,single,employed,vanilla,yes,yes,party-b
21,121500,hispanic,graduate-professional,single,employed,vanilla,no,yes,party-b
23,191500,hispanic,graduate-professional,single,employed,chocolate,no,yes,party-b
29,45500,caucasian,college,single,employed,chocolate,no,no,party-a
32,52500,other,graduate-professional,single,employed,vanilla,yes,yes,party-b
22,46500,african-american,high-school,single,unemployed,chocolate,yes,no,party-a
63,125000,caucasian,graduate-professional,single,employed,chocolate,no,no,party-a
32,115000,african-american,graduate-professional,single,employed,vanilla,yes,no,party-b
41,63000,hispanic,college,single,employed,chocolate,yes,no,party-b
61,55500,asian,graduate-professional,single,employed,vanilla,no,yes,party-a
64,67500,african-american,high-school,single,employed,vanilla,no,yes,party-a
57,16000,african-american,college,single,employed,chocolate,yes,yes,party-a
79,45000,caucasian,high-school,married,unemployed,vanilla,yes,yes,party-a
30,65000,asian,college,single,employed,vanilla,yes,yes,party-b
26,50500,asian,high-school,single,unemployed,vanilla,no,no,party-a
79,47000,other,not-high-school,single,employed,chocolate,yes,yes,party-b
52,97000,other,college,single,employed,chocolate,yes,yes,party-b
67,62500,hispanic,not-high-school,married,unemployed,chocolate,yes,no,party-b
29,47500,hispanic,college,single,employed,vanilla,yes,no,party-a
80,28500,other,college,single,employed,chocolate,no,yes,party-a
50,64500,hispanic,not-high-school,married,employed,chocolate,no,yes,party-b
57,73000,hispanic,graduate-professional,married,employed,chocolate,yes,no,party-a
24,39500,hispanic,college,married,employed,vanilla,yes,no,party-b
76,48000,african-american,high-school,married,unemployed,chocolate,yes,yes,party-a
37,42000,asian,graduate-professional,single,employed,chocolate,no,yes,party-b
61,93000,caucasian,graduate-professional,married,employed,vanilla,yes,yes,party-a
77,129500,caucasian,college,married,unemployed,chocolate,no,yes,party-a
30,28500,other,college,single,unemployed,vanilla,yes,no,party-b
84,95000,caucasian,graduate-professional,married,employed,vanilla,yes,yes,party-a
40,24500,other,high-school,single,employed,chocolate,no,no,party-a
42,154000,other,college,single,employed,vanilla,no,yes,party-b
18,40500,african-american,high-school,single,employed,chocolate,no,no,party-a
56,74000,asian,high-school,married,employed,chocolate,yes,no,party-b
46,69000,caucasian,graduate-professional,single,employed,chocolate,no,yes,party-b
22,98000,caucasian,graduate-professional,married,employed,chocolate,no,no,party-a
78,36500,caucasian,high-school,single,unemployed,chocolate,yes,yes,party-b
36,100500,hispanic,high-school,married,employed,chocolate,yes,yes,party-a
64,110500,caucasian,graduate-professional,married,employed,vanilla,yes,yes,party-a
83,101000,other,graduate-professional,single,employed,chocolate,no,yes,party-a
66,49000,asian,college,single,employed,vanilla,no,no,party-a
47,35500,other,high-school,single,employed,chocolate,yes,no,party-b
24,15000,african-american,not-high-school,single,employed,vanilla,no,no,party-a
37,73500,hispanic,college,single,unemployed,chocolate,yes,no,party-b
45,61000,other,college,married,employed,chocolate,no,yes,party-a
67,32000,hispanic,high-school,married,employed,chocolate,yes,yes,party-a
71,70500,asian,high-school,married,unemployed,vanilla,yes,yes,party-b
53,72000,other,high-school,single,employed,chocolate,no,yes,party-b
19,49000,other,high-school,single,employed,vanilla,no,no,party-a
28,40000,caucasian,college,single,unemployed,chocolate,yes,no,party-b
22,22500,caucasian,not-high-school,single,employed,chocolate,no,no,party-a
43,59500,caucasian,college,married,employed,chocolate,yes,yes,party-a
84,58000,asian,college,married,unemployed,vanilla,yes,yes,party-a
64,53500,asian,college,single,employed,vanilla,yes,no,party-a
56,95000,caucasian,high-school,married,employed,chocolate,yes,yes,party-a
25,136500,hispanic,graduate-professional,married,employed,chocolate,yes,no,party-b
35,74500,african-american,graduate-professional,single,unemployed,chocolate,yes,no,party-b
23,28000,asian,high-school,single,employed,chocolate,no,no,party-a
52,31000,asian,graduate-professional,single,employed,vanilla,yes,no,party-b
40,61500,african-american,college,single,employed,vanilla,yes,yes,party-a
30,27000,hispanic,college,single,employed,chocolate,no,yes,party-b
32,38500,hispanic,college,single,employed,chocolate,no,no,party-b
21,46500,other,high-school,single,unemployed,vanilla,yes,no,party-a
24,40000,asian,college,married,employed,chocolate,yes,no,party-b
69,31000,african-american,high-school,married,unemployed,vanilla,no,yes,party-a
82,72000,hispanic,graduate-professional,married,unemployed,chocolate,yes,no,party-a
73,49000,hispanic,graduate-professional,married,unemployed,vanilla,no,no,party-a
18,43500,asian,not-high-school,single,unemployed,chocolate,yes,no,party-a
24,94500,asian,high-school,single,employed,vanilla,no,no,party-b
65,64000,asian,college,single,employed,chocolate,no,yes,party-a
45,41500,hispanic,high-school,single,unemployed,vanilla,yes,no,party-b
42,140500,other,college,single,employed,chocolate,no,no,party-b
54,33500,caucasian,college,married,employed,vanilla,no,no,party-b
82,19000,asian,high-school,married,employed,vanilla,no,yes,party-a
66,129500,other,graduate-professional,married,employed,chocolate,no,no,party-b
71,117000,hispanic,college,married,unemployed,chocolate,no,yes,party-a
46,70500,asian,graduate-professional,single,employed,chocolate,no,no,party-b
70,47000,african-american,graduate-professional,married,unemployed,chocolate,no,yes,party-a
66,48500,asian,college,married,employed,vanilla,no,no,party-a
82,37000,hispanic,high-school,married,unemployed,vanilla,yes,yes,party-b
82,69500,hispanic,college,married,employed,vanilla,yes,yes,party-a
21,28500,caucasian,college,single,employed,chocolate,yes,no,party-a
20,145000,asian,graduate-professional,single,employed,vanilla,yes,yes,party-b
67,104000,caucasian,graduate-professional,married,employed,chocolate,no,yes,party-b
62,55000,hispanic,high-school,married,employed,chocolate,yes,yes,party-a
71,56000,hispanic,high-school,married,unemployed,vanilla,no,yes,party-a
62,40500,hispanic,graduate-professional,married,employed,chocolate,no,no,party-a
41,66000,caucasian,high-school,single,employed,chocolate,no,no,party-b
33,22500,asian,high-school,single,employed,chocolate,no,no,party-b
79,43000,caucasian,high-school,married,unemployed,vanilla,yes,yes,party-a
26,96500,african-american,high-school,single,employed,vanilla,yes,no,party-a
26,54500,asian,high-school,married,employed,chocolate,no,yes,party-a
37,59000,caucasian,high-school,single,employed,vanilla,no,no,party-a
56,144000,asian,college,married,employed,chocolate,no,no,party-a
40,75500,african-american,high-school,single,employed,chocolate,yes,no,party-a
39,68500,asian,graduate-professional,married,employed,chocolate,no,yes,party-a
71,83500,other,not-high-school,married,employed,chocolate,yes,yes,party-a
58,58500,other,college,single,employed,chocolate,no,no,party-b
36,72000,african-american,college,single,unemployed,chocolate,no,no,party-a
71,97000,hispanic,college,married,employed,chocolate,yes,no,party-a
67,39500,caucasian,not-high-school,single,unemployed,vanilla,yes,no,party-b
79,61500,asian,high-school,married,employed,chocolate,no,yes,party-a
52,72000,asian,college,married,employed,chocolate,yes,yes,party-b
37,20500,other,high-school,single,unemployed,chocolate,no,no,party-b
32,26000,caucasian,graduate-professional,married,employed,vanilla,no,no,party-b
34,82500,african-american,high-school,married,employed,vanilla,no,no,party-b
55,42500,hispanic,high-school,married,employed,chocolate,yes,yes,party-a
35,117000,african-american,graduate-professional,married,unemployed,vanilla,yes,no,party-b
27,117500,other,college,single,employed,vanilla,no,yes,party-b
37,122500,hispanic,graduate-professional,single,employed,vanilla,yes,no,party-b
38,26500,hispanic,college,single,employed,vanilla,no,no,party-b
62,55500,hispanic,graduate-professional,single,employed,vanilla,yes,yes,party-a
22,47000,african-american,high-school,single,unemployed,vanilla,yes,yes,party-a
23,25000,caucasian,not-high-school,single,employed,vanilla,yes,no,party-a
23,95500,asian,high-school,married,employed,chocolate,no,no,party-a
57,75000,african-american,graduate-professional,married,employed,vanilla,yes,yes,party-a
74,24000,asian,high-school,married,unemployed,vanilla,yes,yes,party-b
82,58000,african-american,not-high-school,married,unemployed,vanilla,yes,yes,party-a
72,146500,hispanic,graduate-professional,married,employed,vanilla,no,yes,party-a
27,39500,asian,high-school,single,unemployed,vanilla,yes,no,party-b
78,100000,other,graduate-professional,married,unemployed,vanilla,yes,yes,party-a
32,86500,other,college,single,employed,chocolate,yes,no,party-a
80,102500,asian,college,married,employed,chocolate,yes,no,party-a
84,65500,caucasian,graduate-professional,single,unemployed,chocolate,yes,yes,party-a
71,28000,caucasian,high-school,married,unemployed,chocolate,yes,no,party-b
48,105000,caucasian,graduate-professional,married,employed,vanilla,yes,no,party-b
28,34500,other,not-high-school,married,employed,vanilla,yes,no,party-a
35,98500,caucasian,graduate-professional,single,employed,vanilla,yes,yes,party-a
24,97000,caucasian,high-school,single,employed,chocolate,no,yes,party-a
36,73000,asian,college,single,employed,vanilla,yes,yes,party-a
75,31500,caucasian,high-school,married,employed,vanilla,yes,no,party-a
25,105500,hispanic,high-school,single,employed,vanilla,yes,no,party-a
70,85500,caucasian,graduate-professional,single,unemployed,vanilla,yes,no,party-a
36,35000,african-american,college,single,employed,chocolate,no,yes,party-b
32,220000,other,graduate-professional,married,employed,chocolate,yes,yes,party-a
64,124500,caucasian,college,married,employed,chocolate,no,no,party-b
56,50500,caucasian,high-school,single,employed,vanilla,no,no,party-b
59,96500,african-american,high-school,single,employed,chocolate,yes,yes,party-a
27,110000,african-american,graduate-professional,married,employed,chocolate,yes,no,party-a
44,20500,hispanic,college,single,employed,chocolate,yes,no,party-b
37,87000,caucasian,high-school,single,employed,vanilla,no,no,party-b
34,29000,asian,high-school,single,employed,chocolate,yes,no,party-b
60,68500,african-american,college,married,employed,chocolate,no,no,party-b
65,91500,hispanic,graduate-professional,single,employed,vanilla,yes,no,party-a
36,39500,hispanic,high-school,single,employed,vanilla,yes,yes,party-a
40,48500,asian,high-school,married,employed,vanilla,no,no,party-b
62,57500,caucasian,high-school,married,employed,vanilla,yes,yes,party-a
78,86500,african-american,college,married,unemployed,vanilla,no,yes,party-a
74,70000,other,high-school,married,unemployed,chocolate,yes,yes,party-a
23,41000,caucasian,graduate-professional,single,employed,vanilla,no,no,party-a
23,43000,hispanic,college,married,employed,vanilla,yes,no,party-a
44,45000,hispanic,graduate-professional,single,employed,chocolate,yes,no,party-a
81,36500,african-american,college,married,unemployed,chocolate,no,yes,party-b
48,41500,caucasian,high-school,single,employed,chocolate,no,yes,party-b
51,75000,african-american,high-school,single,employed,chocolate,no,no,party-a
78,203000,african-american,college,married,employed,vanilla,yes,yes,party-a
76,25000,hispanic,high-school,married,unemployed,chocolate,yes,no,party-b
79,26000,caucasian,college,married,unemployed,chocolate,yes,yes,party-b
77,75000,asian,college,married,unemployed,chocolate,yes,no,party-a
65,44000,other,high-school,single,employed,vanilla,no,no,party-a
68,53000,african-american,high-school,married,unemployed,chocolate,yes,no,party-b
54,178500,other,high-school,single,employed,vanilla,no,yes,party-b
39,19500,other,college,single,employed,vanilla,no,no,party-a
42,62000,african-american,college,married,employed,vanilla,yes,no,party-a
73,53500,african-american,high-school,married,employed,vanilla,yes,no,party-a
83,103000,hispanic,high-school,married,unemployed,chocolate,yes,yes,party-a
40,54000,caucasian,graduate-professional,single,employed,chocolate,yes,no,party-a
53,58000,african-american,college,married,employed,chocolate,yes,no,party-b
25,39000,hispanic,high-school,married,employed,chocolate,yes,no,party-b
80,103000,african-american,college,married,unemployed,vanilla,yes,yes,party-a
21,35000,hispanic,high-school,single,employed,vanilla,yes,yes,party-b
27,73500,caucasian,high-school,single,employed,vanilla,yes,no,party-a
63,38500,asian,college,single,employed,chocolate,no,yes,party-b
78,68000,hispanic,graduate-professional,married,unemployed,chocolate,yes,no,party-a
52,66000,asian,graduate-professional,single,employed,chocolate,yes,no,party-b
52,36500,african-american,college,married,employed,chocolate,no,no,party-b
80,37500,african-american,high-school,married,unemployed,vanilla,yes,yes,party-a
25,31000,asian,not-high-school,single,employed,vanilla,yes,no,party-a
52,91000,african-american,high-school,married,employed,chocolate,no,yes,party-a
21,62500,asian,college,single,employed,chocolate,no,yes,party-a
32,42000,caucasian,college,married,employed,vanilla,yes,no,party-b
70,68500,caucasian,graduate-professional,married,employed,chocolate,no,yes,party-a
32,36500,hispanic,college,single,employed,vanilla,yes,yes,party-a
69,91000,hispanic,graduate-professional,married,unemployed,vanilla,no,yes,party-a
57,95500,caucasian,college,married,employed,chocolate,yes,yes,party-a
83,51000,asian,graduate-professional,married,employed,vanilla,yes,no,party-a
42,70000,caucasian,high-school,married,employed,chocolate,yes,no,party-b
49,150000,caucasian,high-school,married,employed,chocolate,yes,no,party-b
44,28500,asian,not-high-school,single,employed,vanilla,yes,yes,party-b
34,16500,african-american,not-high-school,single,employed,chocolate,no,no,party-b
28,33500,hispanic,college,single,employed,chocolate,no,no,party-a
27,23500,asian,not-high-school,married,employed,chocolate,no,no,party-b
27,39500,african-american,college,single,employed,chocolate,no,no,party-a
27,74000,hispanic,graduate-professional,married,employed,vanilla,no,no,party-a
22,74500,caucasian,high-school,single,employed,vanilla,yes,no,party-b
29,23000,african-american,college,single,employed,vanilla,yes,yes,party-b
75,58000,caucasian,graduate-professional,married,unemployed,chocolate,yes,yes,party-a
20,64500,asian,graduate-professional,single,employed,chocolate,yes,no,party-a
23,17000,hispanic,high-school,single,employed,chocolate,yes,no,party-b
70,99000,caucasian,college,single,unemployed,chocolate,yes,yes,party-a
76,46500,caucasian,high-school,single,unemployed,vanilla,no,no,party-a
62,121000,caucasian,high-school,married,employed,vanilla,yes,yes,party-b
81,33000,asian,not-high-school,married,unemployed,chocolate,yes,yes,party-b
80,76500,african-american,graduate-professional,single,employed,vanilla,yes,yes,party-b
80,66500,african-american,college,single,unemployed,vanilla,no,yes,party-a
38,15000,caucasian,high-school,married,employed,vanilla,yes,yes,party-b
37,20500,hispanic,college,single,employed,vanilla,no,yes,party-b
65,50500,asian,college,married,employed,vanilla,no,no,party-b
37,220000,asian,college,single,employed,vanilla,no,no,party-b
46,84000,african-american,graduate-professional,single,employed,chocolate,yes,no,party-a
43,87500,caucasian,college,single,employed,vanilla,yes,no,party-b
73,27500,asian,college,married,employed,chocolate,yes,yes,party-a
84,83500,african-american,college,married,unemployed,vanilla,yes,yes,party-a
53,47000,caucasian,college,single,employed,vanilla,no,yes,party-a
53,54000,caucasian,high-school,married,unemployed,vanilla,yes,yes,party-b
73,44500,asian,not-high-school,married,unemployed,vanilla,yes,no,party-b
80,40500,hispanic,college,single,employed,chocolate,no,no,party-a
65,53000,hispanic,college,married,employed,vanilla,no,no,party-a
33,88500,african-american,high-school,married,employed,vanilla,yes,no,party-b
75,37000,asian,not-high-school,married,employed,vanilla,no,no,party-b
81,78500,other,high-school,married,unemployed,vanilla,yes,yes,party-a
24,42000,caucasian,high-school,single,employed,chocolate,yes,no,party-a
59,36500,caucasian,not-high-school,single,employed,vanilla,yes,yes,party-a
67,70500,african-american,college,married,employed,chocolate,yes,no,party-a
61,22000,other,not-high-school,married,employed,vanilla,no,no,party-b
18,63000,asian,college,married,unemployed,chocolate,yes,no,party-a
31,27500,african-american,not-high-school,married,employed,chocolate,yes,yes,party-b
41,63500,asian,college,single,employed,vanilla,no,no,party-a
25,60000,other,college,married,employed,vanilla,no,yes,party-a
80,179500,other,college,married,unemployed,vanilla,yes,no,party-b
21,31000,other,not-high-school,single,unemployed,chocolate,no,no,party-a
55,54500,asian,graduate-professional,married,employed,chocolate,yes,no,party-b
68,169500,hispanic,college,single,unemployed,vanilla,yes,yes,party-a
34,57000,asian,not-high-school,single,employed,chocolate,yes,yes,party-b
59,33500,asian,college,single,employed,vanilla,no,no,party-a
61,100000,african-american,high-school,married,employed,vanilla,yes,no,party-a
46,33000,other,high-school,single,employed,chocolate,no,no,party-b
40,34500,asian,college,married,employed,chocolate,yes,yes,party-b
25,38500,african-american,graduate-professional,single,employed,vanilla,no,no,party-a
24,56500,hispanic,college,married,employed,vanilla,yes,no,party-b
18,70500,other,graduate-professional,married,unemployed,chocolate,yes,no,party-a
47,73500,african-american,college,single,unemployed,vanilla,yes,yes,party-b
52,148500,other,high-school,single,employed,chocolate,no,yes,party-b
30,30500,hispanic,high-school,single,employed,vanilla,yes,yes,party-b
48,94500,other,graduate-professional,married,unemployed,chocolate,no,no,party-b
53,43500,african-american,college,married,employed,vanilla,no,yes,party-b
39,48500,hispanic,not-high-school,married,employed,vanilla,no,no,party-b
24,25000,asian,not-high-school,single,employed,chocolate,yes,yes,party-a
41,66500,caucasian,college,single,employed,vanilla,no,no,party-a
81,64000,other,high-school,married,employed,chocolate,no,yes,party-b
43,91500,other,high-school,married,employed,chocolate,no,yes,party-a
65,40500,other,not-high-school,married,employed,vanilla,yes,no,party-b
51,36000,african-american,college,single,employed,chocolate,no,yes,party-b
27,42000,asian,graduate-professional,single,employed,chocolate,no,no,party-a
26,68000,caucasian,college,single,employed,vanilla,yes,no,party-a
73,23000,caucasian,high-school,married,employed,vanilla,yes,no,party-b
73,63000,other,high-school,married,unemployed,vanilla,no,yes,party-a
58,48000,hispanic,high-school,single,employed,chocolate,yes,yes,party-a
32,63500,african-american,graduate-professional,married,employed,chocolate,yes,no,party-b
26,79500,hispanic,graduate-professional,married,employed,chocolate,yes,no,party-a
29,47500,other,high-school,married,employed,vanilla,yes,no,party-a
43,121000,caucasian,graduate-professional,married,employed,vanilla,yes,yes,party-b
64,69500,hispanic,college,married,employed,chocolate,yes,yes,party-a
55,96500,caucasian,graduate-professional,single,employed,chocolate,yes,no,party-a
51,83000,caucasian,graduate-professional,single,unemployed,vanilla,yes,no,party-b
25,30500,hispanic,high-school,single,employed,chocolate,yes,yes,party-b
37,49500,african-american,college,single,employed,vanilla,no,no,party-b
44,38000,caucasian,high-school,single,employed,chocolate,yes,no,party-b
45,38500,asian,college,married,employed,vanilla,no,yes,party-b
22,44000,asian,college,single,employed,chocolate,no,no,party-a
60,44500,other,graduate-professional,single,employed,vanilla,yes,no,party-a
29,33500,hispanic,high-school,single,employed,chocolate,no,no,party-a
66,53000,caucasian,high-school,married,employed,chocolate,yes,no,party-a
22,15000,other,not-high-school,single,employed,chocolate,no,no,party-a
66,45000,hispanic,college,married,employed,vanilla,yes,yes,party-a
84,55000,other,graduate-professional,married,employed,vanilla,no,yes,party-a
78,122500,other,college,single,unemployed,vanilla,yes,yes,party-a
57,46500,african-american,college,single,employed,chocolate,yes,no,party-a
46,46000,african-american,college,single,employed,vanilla,no,no,party-b
78,83500,other,high-school,married,unemployed,chocolate,yes,yes,party-a
49,38500,hispanic,high-school,married,employed,vanilla,yes,yes,party-b
79,102500,african-american,graduate-professional,married,unemployed,chocolate,no,yes,party-a
46,41000,african-american,college,married,employed,vanilla,yes,no,party-b
55,44000,asian,college,married,employed,vanilla,no,no,party-a
41,30500,african-american,not-high-school,single,employed,chocolate,no,no,party-b
41,107000,other,graduate-professional,single,employed,chocolate,no,no,party-b
84,33500,caucasian,high-school,single,unemployed,chocolate,no,yes,party-b
32,52500,caucasian,graduate-professional,married,employed,vanilla,yes,no,party-a
61,60000,caucasian,graduate-professional,married,employed,vanilla,no,no,party-a
46,63000,asian,high-school,married,employed,vanilla,yes,no,party-b
37,85500,other,high-school,single,employed,vanilla,no,yes,party-b
44,22500,asian,not-high-school,single,employed,chocolate,yes,no,party-b
25,44500,other,high-school,single,employed,vanilla,no,no,party-a
33,78000,caucasian,high-school,single,employed,chocolate,no,no,party-b
37,137000,hispanic,college,single,unemployed,chocolate,yes,yes,party-b
57,45000,african-american,graduate-professional,married,employed,chocolate,no,yes,party-a
48,53000,hispanic,graduate-professional,single,employed,chocolate,yes,yes,party-a
71,75000,hispanic,high-school,single,employed,chocolate,no,no,party-a
48,89000,caucasian,high-school,single,employed,vanilla,no,no,party-a
65,59500,asian,college,single,employed,vanilla,no,no,party-b
82,74000,african-american,graduate-professional,married,employed,chocolate,yes,no,party-a
38,166500,caucasian,graduate-professional,single,employed,chocolate,yes,yes,party-b
55,46500,caucasian,high-school,single,employed,chocolate,no,yes,party-a
81,42500,hispanic,high-school,married,unemployed,chocolate,yes,no,party-b
76,15500,caucasian,college,married,unemployed,chocolate,yes,yes,party-a
57,50000,hispanic,college,single,employed,vanilla,yes,no,party-a
57,38500,caucasian,not-high-school,single,employed,chocolate,no,no,party-a
65,99000,caucasian,graduate-professional,single,employed,chocolate,yes,no,party-a
36,182000,other,graduate-professional,single,employed,vanilla,no,no,party-b
54,85500,hispanic,college,married,employed,vanilla,yes,yes,party-a
18,29500,asian,college,single,unemployed,vanilla,yes,no,party-a
50,65500,hispanic,college,married,unemployed,chocolate,no,no,party-a
43,70500,other,high-school,single,employed,chocolate,no,no,party-b
32,37000,asian,high-school,single,employed,chocolate,yes,no,party-b
66,43000,other,high-school,married,employed,chocolate,yes,yes,party-a
74,46500,other,high-school,single,unemployed,vanilla,no,yes,party-a
54,35500,other,college,married,employed,vanilla,yes,no,party-b
83,142500,other,graduate-professional,married,employed,vanilla,yes,yes,party-a
31,63000,hispanic,college,married,employed,chocolate,yes,no,party-b
44,21500,other,high-school,married,employed,vanilla,yes,no,party-b
27,61500,african-american,college,single,employed,vanilla,no,no,party-a
40,117500,caucasian,graduate-professional,single,employed,vanilla,yes,yes,party-b
62,80500,african-american,college,married,employed,chocolate,no,no,party-b
39,38500,asian,high-school,single,employed,chocolate,yes,no,party-b
66,86000,hispanic,graduate-professional,married,employed,chocolate,yes,yes,party-a
73,36500,hispanic,high-school,married,employed,vanilla,no,yes,party-a
24,25500,hispanic,college,single,employed,chocolate,yes,no,party-a
30,54500,hispanic,college,single,employed,vanilla,yes,no,party-b
62,35000,hispanic,college,single,employed,chocolate,yes,no,party-b
28,58500,hispanic,not-high-school,single,employed,vanilla,no,no,party-a
59,27500,hispanic,high-school,married,employed,vanilla,yes,yes,party-a
80,127000,african-american,high-school,married,unemployed,vanilla,yes,no,party-b
28,18500,caucasian,high-school,single,unemployed,vanilla,yes,no,party-a
35,83000,african-american,college,single,employed,chocolate,yes,no,party-a
31,19000,hispanic,college,married,employed,chocolate,no,no,party-b
62,44000,asian,college,single,employed,vanilla,yes,yes,party-b
41,99500,caucasian,graduate-professional,single,unemployed,chocolate,no,no,party-a
74,56500,hispanic,high-school,married,employed,chocolate,yes,yes,party-a
30,76000,african-american,high-school,married,employed,vanilla,yes,yes,party-a
36,35000,caucasian,college,married,employed,vanilla,yes,no,party-b
65,78000,caucasian,graduate-professional,married,employed,chocolate,yes,yes,party-a
69,47500,caucasian,high-school,married,unemployed,chocolate,yes,no,party-a
60,57500,other,high-school,married,unemployed,chocolate,no,yes,party-b
57,69500,hispanic,high-school,single,employed,chocolate,yes,no,party-a
47,73000,caucasian,high-school,married,employed,vanilla,no,no,party-b
64,38000,other,college,single,employed,vanilla,yes,no,party-a
25,55000,african-american,high-school,single,employed,vanilla,yes,no,party-a
77,22500,caucasian,high-school,married,unemployed,vanilla,yes,no,party-b
26,59000,african-american,high-school,single,employed,vanilla,yes,no,party-a
67,24000,hispanic,not-high-school,single,employed,vanilla,no,no,party-a
41,92500,other,college,single,employed,vanilla,yes,yes,party-b
28,47500,other,college,single,unemployed,vanilla,yes,no,party-a
22,118000,hispanic,college,married,employed,chocolate,yes,no,party-a
71,85500,african-american,graduate-professional,single,unemployed,vanilla,yes,yes,party-a
82,30000,asian,college,married,unemployed,chocolate,yes,yes,party-a
37,47000,asian,graduate-professional,married,employed,chocolate,no,yes,party-a
44,47000,african-american,graduate-professional,single,employed,chocolate,yes,no,party-a
65,62000,hispanic,graduate-professional,married,employed,chocolate,no,yes,party-a
79,37500,african-american,graduate-professional,married,employed,chocolate,yes,yes,party-a
49,23500,other,not-high-school,single,employed,vanilla,yes,no,party-b
36,60500,asian,graduate-professional,single,employed,vanilla,no,yes,party-a
78,74000,caucasian,high-school,married,unemployed,chocolate,no,yes,party-a
42,48500,african-american,high-school,single,unemployed,vanilla,yes,no,party-a
36,15500,other,college,single,employed,vanilla,no,no,party-a
54,104500,caucasian,college,married,employed,chocolate,no,no,party-b
72,39500,other,high-school,married,unemployed,chocolate,yes,yes,party-a
36,40000,asian,college,single,employed,vanilla,yes,no,party-b
73,49000,caucasian,college,married,employed,vanilla,no,no,party-a
75,36000,hispanic,college,married,unemployed,vanilla,no,yes,party-b
61,43500,caucasian,high-school,married,employed,vanilla,yes,yes,party-a
58,31500,caucasian,college,married,unemployed,vanilla,no,no,party-b
75,79000,caucasian,not-high-school,married,unemployed,vanilla,no,yes,party-a
47,55500,asian,high-school,single,unemployed,vanilla,no,yes,party-b
59,55000,asian,college,single,employed,chocolate,yes,no,party-a
41,60500,caucasian,college,married,employed,vanilla,no,yes,party-b
64,51500,caucasian,graduate-professional,married,employed,chocolate,yes,no,party-a
66,148000,asian,graduate-professional,married,employed,vanilla,no,no,party-b
27,38000,caucasian,college,married,employed,chocolate,yes,no,party-b
67,78000,asian,graduate-professional,single,employed,vanilla,yes,yes,party-b
77,53000,asian,college,married,employed,vanilla,no,yes,party-a
61,44000,hispanic,graduate-professional,single,employed,vanilla,yes,no,party-b
73,138500,asian,graduate-professional,married,employed,vanilla,yes,no,party-a
34,128000,asian,college,married,employed,chocolate,yes,no,party-b
18,25500,asian,college,single,employed,vanilla,no,yes,party-a
66,37000,caucasian,college,married,employed,chocolate,yes,yes,party-a
28,97500,caucasian,college,single,employed,vanilla,yes,yes,party-a
25,60500,asian,college,single,employed,chocolate,yes,no,party-a
42,39000,other,high-school,married,employed,chocolate,yes,no,party-b
32,40000,asian,not-high-school,single,employed,vanilla,no,no,party-b
64,154500,hispanic,graduate-professional,married,employed,chocolate,yes,yes,party-a
24,55500,other,college,single,employed,chocolate,yes,no,party-a
78,81000,caucasian,graduate-professional,single,employed,vanilla,no,yes,party-a
77,38000,caucasian,not-high-school,married,unemployed,chocolate,yes,yes,party-b
25,33500,caucasian,college,single,employed,vanilla,no,no,party-b
61,29000,african-american,high-school,married,unemployed,chocolate,no,no,party-b
30,15000,asian,not-high-school,single,employed,chocolate,yes,no,party-b
45,15000,caucasian,graduate-professional,single,employed,vanilla,yes,no,party-a
45,41500,african-american,high-school,married,employed,vanilla,yes,no,party-b
57,32500,african-american,high-school,married,employed,vanilla,yes,yes,party-a
27,165000,hispanic,college,married,employed,chocolate,yes,yes,party-a
58,68500,african-american,graduate-professional,married,employed,vanilla,yes,yes,party-a
78,76000,other,college,married,unemployed,vanilla,no,yes,party-a
18,84000,hispanic,graduate-professional,married,unemployed,vanilla,no,no,party-a
55,53000,hispanic,high-school,married,unemployed,vanilla,yes,yes,party-a
22,73000,hispanic,college,married,unemployed,vanilla,yes,no,party-a
54,38500,caucasian,college,single,employed,chocolate,yes,no,party-b
67,58000,african-american,high-school,married,unemployed,chocolate,yes,yes,party-a
20,77500,hispanic,college,single,employed,vanilla,no,yes,party-a
32,58000,hispanic,graduate-professional,single,employed,vanilla,yes,no,party-a
83,78000,hispanic,graduate-professional,married,employed,vanilla,yes,yes,party-a
49,35000,other,high-school,single,employed,vanilla,yes,yes,party-b
76,160000,caucasian,graduate-professional,married,employed,chocolate,yes,yes,party-a
81,63500,african-american,high-school,married,unemployed,vanilla,yes,no,party-b
19,130000,other,high-school,single,unemployed,chocolate,yes,yes,party-b
82,64000,caucasian,high-school,married,unemployed,chocolate,no,yes,party-a
63,45500,other,graduate-professional,married,employed,vanilla,yes,no,party-a
52,90500,other,not-high-school,married,employed,vanilla,no,no,party-b
60,55000,other,college,single,unemployed,chocolate,yes,no,party-a
78,125500,asian,graduate-professional,single,employed,vanilla,no,yes,party-a
54,58000,hispanic,graduate-professional,single,employed,vanilla,yes,no,party-b
40,26000,other,high-school,married,employed,vanilla,yes,yes,party-b
22,63000,other,college,married,employed,vanilla,yes,no,party-a
84,64000,african-american,college,single,unemployed,chocolate,yes,no,party-a
29,50000,other,college,married,employed,chocolate,yes,no,party-a
28,21000,asian,college,married,employed,vanilla,yes,no,party-b
44,54000,other,college,single,employed,chocolate,no,no,party-a
64,58500,caucasian,high-school,married,unemployed,chocolate,yes,no,party-b
49,44500,hispanic,graduate-professional,single,employed,chocolate,no,no,party-b
55,39000,hispanic,high-school,single,employed,chocolate,yes,no,party-a
64,42000,african-american,high-school,married,employed,vanilla,no,no,party-b
43,24000,african-american,college,single,employed,vanilla,yes,yes,party-b
46,64500,asian,college,married,employed,vanilla,no,no,party-a
54,33000,african-american,high-school,married,employed,chocolate,yes,no,party-b
73,31500,other,high-school,single,unemployed,chocolate,yes,yes,party-b
78,117500,caucasian,college,married,unemployed,vanilla,no,no,party-b
50,60500,asian,college,married,employed,chocolate,yes,no,party-a
25,89500,hispanic,college,single,employed,chocolate,no,yes,party-a
41,40500,hispanic,not-high-school,married,employed,vanilla,yes,no,party-b
34,74000,asian,high-school,single,employed,chocolate,yes,no,party-b
66,66500,asian,not-high-school,single,unemployed,vanilla,no,no,party-a
73,29000,hispanic,high-school,single,unemployed,chocolate,no,yes,party-a
32,38000,hispanic,high-school,single,employed,vanilla,yes,no,party-b
60,29500,other,high-school,married,employed,vanilla,no,yes,party-b
25,104000,caucasian,not-high-school,single,employed,vanilla,yes,yes,party-a
38,66000,asian,college,married,employed,vanilla,no,no,party-b
61,59000,african-american,high-school,single,employed,chocolate,no,no,party-a
69,23500,other,not-high-school,single,unemployed,vanilla,yes,no,party-b
43,59500,other,high-school,single,employed,chocolate,yes,no,party-a
69,54000,other,graduate-professional,married,unemployed,vanilla,yes,yes,party-a
62,29000,caucasian,college,married,employed,vanilla,yes,yes,party-a
77,54500,caucasian,college,married,employed,chocolate,yes,no,party-b
52,26500,asian,high-school,married,employed,vanilla,yes,yes,party-b
23,69000,asian,college,single,employed,vanilla,no,no,party-a
81,75000,asian,college,single,unemployed,vanilla,yes,yes,party-a
56,48500,african-american,not-high-school,single,employed,vanilla,no,yes,party-b
26,17000,african-american,high-school,single,employed,vanilla,no,no,party-a
53,28500,other,high-school,single,employed,chocolate,yes,yes,party-b
50,59000,hispanic,graduate-professional,single,unemployed,vanilla,no,no,party-b
28,22500,african-american,college,single,employed,chocolate,no,no,party-a
55,30500,asian,high-school,single,employed,vanilla,yes,no,party-a
49,41500,african-american,college,single,employed,chocolate,yes,no,party-b
74,42000,hispanic,high-school,married,unemployed,chocolate,no,no,party-a
23,70500,caucasian,college,single,unemployed,vanilla,yes,no,party-a
25,45500,asian,college,single,employed,chocolate,no,no,party-a
33,107500,asian,college,single,employed,vanilla,yes,no,party-b
41,52500,hispanic,high-school,married,employed,vanilla,no,no,party-b
68,15000,other,high-school,married,unemployed,chocolate,no,yes,party-a
51,220000,asian,college,married,employed,vanilla,yes,yes,party-b
81,124500,hispanic,graduate-professional,married,unemployed,chocolate,no,no,party-a
29,94000,other,high-school,single,employed,vanilla,no,no,party-a
60,98500,african-american,graduate-professional,married,employed,chocolate,no,no,party-a
38,140500,asian,graduate-professional,single,employed,chocolate,yes,yes,party-b
59,31500,caucasian,high-school,married,employed,vanilla,yes,yes,party-a
70,62500,hispanic,college,married,employed,chocolate,no,no,party-a
75,88000,hispanic,college,married,unemployed,chocolate,no,yes,party-a
37,159500,hispanic,high-school,married,employed,vanilla,no,no,party-b
60,86000,hispanic,college,single,employed,vanilla,yes,yes,party-b
59,62500,caucasian,graduate-professional,married,employed,vanilla,yes,no,party-b
24,168000,other,graduate-professional,married,employed,vanilla,yes,yes,party-a
81,29500,african-american,high-school,married,employed,chocolate,no,yes,party-a
52,47000,asian,not-high-school,married,employed,vanilla,no,no,party-b
35,36500,other,college,single,employed,vanilla,yes,no,party-b
64,42500,asian,not-high-school,married,employed,chocolate,no,no,party-a
41,87000,african-american,high-school,single,employed,vanilla,yes,no,party-a
81,53000,hispanic,high-school,married,employed,vanilla,no,no,party-b
65,32000,caucasian,not-high-school,married,employed,chocolate,yes,no,party-a
41,43000,other,not-high-school,single,unemployed,chocolate,yes,yes,party-a
67,103000,african-american,graduate-professional,married,unemployed,chocolate,yes,yes,party-a
30,59500,african-american,high-school,single,employed,chocolate,yes,yes,party-a
50,206000,african-american,graduate-professional,married,employed,vanilla,yes,yes,party-a
26,38500,asian,not-high-school,single,employed,chocolate,no,no,party-b
68,16000,african-american,college,single,unemployed,vanilla,yes,no,party-b
56,31000,asian,college,married,employed,chocolate,no,no,party-a
50,54000,african-american,high-school,single,employed,vanilla,yes,no,party-b
31,93500,caucasian,graduate-professional,married,employed,vanilla,no,no,party-b
22,40500,african-american,high-school,single,employed,vanilla,no,yes,party-b
62,57000,african-american,not-high-school,married,employed,vanilla,yes,yes,party-a
76,147500,other,graduate-professional,married,unemployed,vanilla,yes,yes,party-b
55,66500,african-american,college,single,employed,chocolate,yes,no,party-a
72,35000,asian,graduate-professional,married,employed,vanilla,yes,yes,party-b
74,57000,caucasian,graduate-professional,married,unemployed,vanilla,no,yes,party-b
31,148000,asian,college,single,employed,chocolate,no,no,party-b
76,52500,other,graduate-professional,married,employed,vanilla,yes,yes,party-a
40,60000,asian,college,single,employed,vanilla,yes,no,party-a
43,220000,african-american,graduate-professional,single,employed,chocolate,yes,yes,party-b
32,17000,hispanic,college,single,employed,vanilla,no,no,party-b
23,44500,caucasian,graduate-professional,married,unemployed,vanilla,no,no,party-a
41,90000,african-american,college,married,unemployed,vanilla,no,no,party-b
18,77500,other,high-school,single,employed,vanilla,yes,no,party-a
38,58500,asian,college,married,unemployed,chocolate,yes,yes,party-b
53,130000,hispanic,graduate-professional,married,employed,vanilla,yes,no,party-b
62,43000,asian,college,single,unemployed,vanilla,no,no,party-a
38,129000,african-american,high-school,married,unemployed,chocolate,no,no,party-b
65,43000,african-american,not-high-school,married,employed,chocolate,yes,yes,party-a
68,52500,african-american,college,married,employed,chocolate,yes,no,party-a
36,57500,asian,graduate-professional,single,employed,vanilla,no,no,party-b
50,48000,african-american,graduate-professional,married,employed,vanilla,no,yes,party-a
33,87500,asian,college,single,employed,chocolate,yes,yes,party-b
35,34500,caucasian,college,single,employed,chocolate,yes,no,party-b
20,103500,other,college,single,employed,chocolate,yes,no,party-a
41,65000,african-american,college,single,employed,vanilla,no,no,party-a
27,48500,hispanic,college,single,employed,chocolate,yes,no,party-a
47,130500,caucasian,college,married,unemployed,chocolate,yes,no,party-b
74,70500,asian,graduate-professional,married,unemployed,vanilla,yes,yes,party-a
36,91000,asian,high-school,married,employed,chocolate,yes,no,party-b
84,15000,african-american,high-school,married,unemployed,chocolate,yes,yes,party-b
76,39000,asian,high-school,married,unemployed,chocolate,yes,yes,party-b
65,62500,african-american,not-high-school,married,employed,vanilla,yes,no,party-a
30,41500,other,high-school,single,employed,vanilla,yes,yes,party-a
83,52000,hispanic,not-high-school,married,unemployed,chocolate,yes,yes,party-a
76,102000,other,college,single,unemployed,chocolate,no,no,party-a
84,51500,african-american,high-school,married,employed,chocolate,yes,yes,party-a
51,137500,asian,graduate-professional,single,employed,vanilla,no,no,party-b
39,81500,caucasian,college,single,employed,chocolate,no,no,party-a
24,36000,caucasian,not-high-school,single,employed,chocolate,no,no,party-a
63,15000,caucasian,high-school,single,employed,vanilla,no,yes,party-b
59,26000,african-american,college,married,employed,chocolate,yes,no,party-b
83,56000,other,graduate-professional,married,employed,chocolate,no,yes,party-a
64,65000,other,high-school,single,employed,chocolate,yes,no,party-a
74,36500,caucasian,high-school,married,employed,vanilla,no,no,party-a
71,15500,caucasian,high-school,married,unemployed,vanilla,yes,no,party-b
83,30000,asian,not-high-school,married,employed,chocolate,yes,yes,party-a
21,72500,asian,high-school,married,employed,chocolate,yes,no,party-b
67,121500,hispanic,high-school,married,unemployed,chocolate,no,yes,party-b
80,29000,caucasian,graduate-professional,single,employed,vanilla,yes,yes,party-a
27,133500,other,college,single,employed,chocolate,yes,no,party-a
39,27000,other,college,married,employed,vanilla,no,no,party-b
77,30500,asian,high-school,married,unemployed,vanilla,yes,no,party-b
52,77500,hispanic,high-school,single,employed,chocolate,yes,no,party-b
36,176000,african-american,graduate-professional,single,unemployed,vanilla,yes,yes,party-b
69,78000,other,college,single,unemployed,vanilla,no,yes,party-a
39,32500,caucasian,not-high-school,single,employed,chocolate,no,no,party-b
67,32500,other,college,married,employed,vanilla,yes,no,party-b
54,139000,caucasian,college,married,employed,chocolate,yes,no,party-b
38,62000,african-american,college,single,employed,chocolate,yes,no,party-a
19,69500,african-american,college,single,unemployed,vanilla,yes,no,party-a
21,32500,african-american,not-high-school,single,employed,vanilla,no,no,party-a
62,53500,asian,not-high-school,single,employed,vanilla,yes,no,party-a
81,51500,caucasian,graduate-professional,married,unemployed,vanilla,yes,no,party-a
65,93000,hispanic,college,married,employed,chocolate,yes,no,party-b
25,83500,other,college,single,employed,chocolate,no,no,party-a
43,51000,other,high-school,married,employed,vanilla,no,yes,party-a
20,36500,asian,college,single,employed,chocolate,no,no,party-a
62,50500,asian,high-school,married,employed,chocolate,no,no,party-a
65,93500,hispanic,college,married,unemployed,chocolate,yes,no,party-b
57,48000,caucasian,college,married,employed,vanilla,no,yes,party-a
68,89000,other,college,married,unemployed,chocolate,yes,yes,party-a
60,38000,caucasian,college,single,employed,vanilla,no,yes,party-b
34,135500,asian,graduate-professional,single,employed,chocolate,no,yes,party-b
83,91500,other,graduate-professional,married,unemployed,chocolate,no,yes,party-a
82,29500,asian,graduate-professional,married,unemployed,chocolate,yes,yes,party-b
58,37000,african-american,high-school,single,employed,chocolate,yes,no,party-b
72,24500,caucasian,college,married,unemployed,vanilla,yes,yes,party-a
58,43500,other,not-high-school,single,employed,chocolate,yes,yes,party-b
19,46000,asian,high-school,single,employed,chocolate,no,no,party-a
57,167500,other,graduate-professional,single,employed,chocolate,yes,no,party-a
20,31500,other,high-school,married,employed,vanilla,no,yes,party-a
29,52000,other,high-school,married,employed,chocolate,no,no,party-a
31,36500,asian,college,single,employed,vanilla,yes,no,party-b
35,19500,hispanic,high-school,single,unemployed,vanilla,no,no,party-b
73,60000,african-american,graduate-professional,married,unemployed,chocolate,yes,no,party-a
65,37500,other,high-school,married,employed,chocolate,no,no,party-b
48,59500,asian,high-school,married,unemployed,vanilla,no,yes,party-b
64,30500,other,college,married,employed,chocolate,no,no,party-b
30,88000,other,high-school,single,employed,vanilla,yes,yes,party-b
23,54000,asian,college,married,employed,chocolate,yes,no,party-a
56,77500,caucasian,graduate-professional,married,employed,chocolate,yes,yes,party-a
31,45500,other,graduate-professional,single,employed,chocolate,yes,no,party-a
59,27000,african-american,graduate-professional,married,employed,chocolate,no,no,party-b
31,43500,asian,graduate-professional,single,employed,vanilla,no,no,party-a
58,63000,hispanic,not-high-school,married,employed,chocolate,no,no,party-b
20,33000,african-american,high-school,single,employed,chocolate,yes,no,party-a
32,95000,african-american,college,single,employed,vanilla,no,yes,party-b
32,131500,other,college,single,employed,chocolate,yes,yes,party-b
61,51000,other,college,married,employed,chocolate,no,yes,party-a
51,23000,asian,high-school,married,employed,vanilla,yes,no,party-b
33,28000,hispanic,high-school,single,employed,chocolate,yes,yes,party-b
33,46500,asian,college,married,employed,chocolate,no,no,party-a
47,88000,african-american,college,single,employed,vanilla,yes,yes,party-a
43,29000,asian,high-school,married,employed,chocolate,no,no,party-b
79,48000,african-american,college,married,unemployed,vanilla,no,yes,party-a
82,41000,other,high-school,married,unemployed,vanilla,yes,yes,party-a
47,56000,caucasian,college,single,employed,vanilla,yes,no,party-a
83,41500,caucasian,college,married,unemployed,vanilla,no,no,party-b
68,110000,hispanic,graduate-professional,married,unemployed,vanilla,yes,yes,party-a
74,104000,caucasian,graduate-professional,married,unemployed,chocolate,no,yes,party-a
72,41500,hispanic,college,married,unemployed,vanilla,no,no,party-a
71,116500,other,graduate-professional,married,unemployed,chocolate,no,no,party-b
60,30000,african-american,not-high-school,single,employed,vanilla,no,no,party-a
81,40500,african-american,college,married,employed,vanilla,no,yes,party-a
69,131000,african-american,graduate-professional,married,employed,vanilla,no,yes,party-a
77,63500,caucasian,graduate-professional,married,unemployed,chocolate,yes,no,party-a
22,42500,hispanic,high-school,single,unemployed,chocolate,no,no,party-a
23,40500,hispanic,graduate-professional,single,employed,chocolate,yes,no,party-a
40,50000,asian,high-school,married,employed,chocolate,yes,no,party-b
32,86500,hispanic,graduate-professional,single,employed,vanilla,no,yes,party-a
78,22000,caucasian,not-high-school,married,employed,vanilla,yes,yes,party-b
75,62500,asian,high-school,single,unemployed,chocolate,no,no,party-a
53,55500,asian,college,married,employed,vanilla,no,no,party-a
20,106500,hispanic,graduate-professional,married,employed,vanilla,yes,yes,party-a
62,52000,asian,not-high-school,married,employed,chocolate,yes,yes,party-a
46,25500,african-american,college,married,employed,vanilla,no,yes,party-b
50,86500,other,college,married,unemployed,chocolate,no,no,party-b
66,31000,hispanic,high-school,married,employed,chocolate,yes,yes,party-a
55,53500,african-american,college,married,employed,vanilla,yes,no,party-a
73,73000,asian,college,single,employed,vanilla,no,yes,party-a
25,90500,hispanic,college,married,employed,chocolate,yes,no,party-b
66,77500,caucasian,graduate-professional,single,employed,vanilla,no,yes,party-b
59,68000,caucasian,graduate-professional,single,employed,vanilla,no,no,party-a
20,33500,african-american,not-high-school,single,employed,chocolate,no,yes,party-b
47,78500,asian,graduate-professional,single,employed,vanilla,no,yes,party-a
25,220000,other,graduate-professional,single,employed,vanilla,no,yes,party-b
18,73000,asian,college,single,employed,vanilla,no,no,party-b
65,123500,african-american,college,married,employed,chocolate,yes,yes,party-a
28,122000,hispanic,graduate-professional,single,employed,vanilla,yes,no,party-a
66,39500,african-american,graduate-professional,married,employed,vanilla,no,no,party-b
81,52000,caucasian,high-school,married,unemployed,vanilla,no,yes,party-a
63,55000,caucasian,high-school,married,unemployed,chocolate,no,yes,party-a
67,37000,african-american,high-school,married,unemployed,vanilla,yes,yes,party-b
61,65500,african-american,graduate-professional,single,employed,vanilla,yes,yes,party-a
49,37500,hispanic,high-school,single,employed,vanilla,no,no,party-b
23,30000,hispanic,high-school,married,employed,chocolate,yes,no,party-b
23,43000,other,high-school,single,employed,chocolate,yes,yes,party-a
42,35000,african-american,high-school,single,employed,chocolate,yes,no,party-b
62,64000,hispanic,college,married,employed,chocolate,yes,no,party-a
77,100000,asian,college,married,employed,vanilla,no,no,party-a
22,156000,other,high-school,single,employed,chocolate,yes,yes,party-b
45,167000,caucasian,graduate-professional,married,employed,vanilla,no,no,party-b
28,45500,caucasian,high-school,single,employed,chocolate,yes,no,party-b
69,30000,caucasian,high-school,married,unemployed,chocolate,yes,yes,party-b
61,58000,hispanic,college,single,employed,chocolate,yes,yes,party-a
33,25500,caucasian,high-school,single,employed,vanilla,yes,no,party-b
19,44000,caucasian,college,married,employed,chocolate,yes,no,party-a
41,58000,african-american,college,single,employed,vanilla,no,no,party-b
29,30500,other,high-school,single,employed,vanilla,yes,no,party-a
56,51500,asian,college,married,employed,chocolate,yes,yes,party-a
46,35000,caucasian,graduate-professional,married,employed,vanilla,yes,no,party-b
57,81000,caucasian,high-school,married,employed,vanilla,yes,no,party-b
44,56000,caucasian,college,married,employed,vanilla,no,no,party-b
84,47000,hispanic,high-school,single,employed,vanilla,yes,no,party-a
21,47000,hispanic,college,single,employed,chocolate,yes,no,party-a
45,54000,african-american,high-school,married,employed,vanilla,yes,no,party-b
31,53000,caucasian,college,single,employed,chocolate,yes,no,party-a
37,85000,other,high-school,single,employed,chocolate,yes,no,party-a
42,26000,african-american,high-school,married,employed,vanilla,no,yes,party-a
37,56500,african-american,college,married,employed,chocolate,yes,yes,party-b
66,49000,caucasian,college,single,employed,vanilla,yes,yes,party-a
82,50500,asian,college,married,unemployed,chocolate,yes,no,party-a
42,40000,asian,college,married,employed,vanilla,yes,no,party-b
46,15500,other,not-high-school,single,employed,vanilla,no,no,party-b
60,152500,african-american,college,single,employed,chocolate,yes,yes,party-b
44,17000,asian,college,married,employed,chocolate,yes,no,party-b
22,21500,hispanic,high-school,single,employed,vanilla,no,no,party-a
53,80000,hispanic,college,married,unemployed,chocolate,yes,no,party-b
30,73500,asian,college,single,employed,vanilla,yes,yes,party-b
70,73500,other,high-school,single,employed,chocolate,no,yes,party-a
69,26500,caucasian,high-school,married,unemployed,vanilla,yes,no,party-b
72,118000,other,college,married,employed,chocolate,yes,no,party-a
35,51000,hispanic,high-school,married,employed,chocolate,yes,no,party-b
78,33000,other,high-school,married,unemployed,vanilla,yes,yes,party-a
30,30500,asian,not-high-school,single,employed,vanilla,yes,no,party-b
72,44500,caucasian,high-school,married,employed,chocolate,yes,no,party-a
28,127000,caucasian,college,single,employed,vanilla,no,no,party-a
61,70500,asian,high-school,married,employed,chocolate,yes,no,party-a
41,46500,other,high-school,single,unemployed,chocolate,no,yes,party-b
42,203500,caucasian,graduate-professional,married,unemployed,chocolate,yes,no,party-b
77,41000,african-american,graduate-professional,married,unemployed,vanilla,no,yes,party-a
82,204000,african-american,high-school,married,employed,vanilla,no,yes,party-b
32,39500,african-american,not-high-school,single,employed,vanilla,yes,no,party-b
84,54500,african-american,not-high-school,married,employed,vanilla,yes,no,party-a
33,53000,african-american,high-school,single,employed,vanilla,no,yes,party-b
80,19000,caucasian,high-school,married,employed,vanilla,no,no,party-b
79,15000,african-american,high-school,married,unemployed,vanilla,yes,no,party-b
22,123500,hispanic,college,single,unemployed,chocolate,yes,yes,party-b
31,34000,caucasian,graduate-professional,single,employed,vanilla,no,no,party-b
42,91000,other,high-school,single,employed,chocolate,yes,no,party-a
72,40000,asian,college,single,employed,chocolate,no,yes,party-a
54,39500,asian,high-school,married,employed,chocolate,no,no,party-b
48,77000,other,college,single,employed,vanilla,yes,no,party-a
55,43000,other,college,single,employed,vanilla,yes,no,party-a
39,39000,african-american,high-school,married,employed,vanilla,yes,no,party-a
60,22000,hispanic,college,married,employed,vanilla,no,no,party-a
54,21500,hispanic,high-school,single,employed,vanilla,yes,no,party-b
22,70000,caucasian,not-high-school,single,unemployed,chocolate,yes,no,party-a
28,52000,african-american,high-school,single,employed,vanilla,yes,no,party-a
71,29000,asian,high-school,single,employed,chocolate,yes,yes,party-a
53,52500,asian,college,single,employed,chocolate,no,no,party-a
29,44500,other,graduate-professional,single,employed,vanilla,yes,yes,party-a
74,15000,other,high-school,married,unemployed,vanilla,yes,yes,party-a
66,80500,other,high-school,married,employed,vanilla,no,yes,party-a
47,20500,other,high-school,single,employed,vanilla,yes,yes,party-b
67,50500,asian,graduate-professional,married,unemployed,vanilla,no,no,party-b
45,44500,caucasian,college,single,employed,vanilla,yes,no,party-b
55,37000,asian,graduate-professional,married,employed,chocolate,yes,no,party-b
42,73000,hispanic,high-school,married,employed,vanilla,yes,yes,party-a
42,37500,african-american,graduate-professional,single,unemployed,vanilla,yes,yes,party-b
23,41000,african-american,college,single,employed,vanilla,no,no,party-a
51,62000,african-american,high-school,single,employed,vanilla,no,no,party-a
43,66000,other,high-school,single,employed,vanilla,no,no,party-b
35,23000,other,not-high-school,single,employed,vanilla,no,no,party-b
63,33500,other,high-school,single,employed,chocolate,yes,no,party-a
76,28000,caucasian,high-school,single,unemployed,vanilla,no,yes,party-b
21,53500,asian,graduate-professional,single,employed,chocolate,yes,yes,party-a
21,71000,hispanic,college,married,employed,vanilla,yes,no,party-a
72,49500,hispanic,not-high-school,married,employed,vanilla,yes,no,party-a
61,43500,other,high-school,single,employed,chocolate,no,yes,party-a
79,84500,african-american,graduate-professional,married,unemployed,vanilla,yes,yes,party-a
50,39000,other,high-school,married,unemployed,vanilla,yes,no,party-b
57,59500,caucasian,high-school,single,employed,chocolate,no,no,party-b
44,71000,asian,high-school,single,employed,chocolate,no,yes,party-b
37,30000,asian,high-school,married,employed,vanilla,yes,no,party-b
27,71000,asian,graduate-professional,single,employed,chocolate,yes,no,party-a
24,78500,caucasian,high-school,single,employed,vanilla,yes,no,party-a
81,136000,hispanic,graduate-professional,married,employed,vanilla,yes,yes,party-a
44,99000,asian,college,married,employed,chocolate,no,yes,party-a
37,109500,asian,graduate-professional,single,employed,chocolate,no,yes,party-b
23,20000,asian,college,single,employed,vanilla,yes,no,party-a
68,41000,caucasian,college,married,unemployed,vanilla,yes,no,party-b
54,37500,african-american,high-school,married,employed,chocolate,no,yes,party-b
22,18500,asian,high-school,single,unemployed,vanilla,yes,no,party-b
67,15000,caucasian,not-high-school,single,employed,chocolate,yes,yes,party-b
37,86500,african-american,high-school,single,employed,vanilla,yes,yes,party-b
20,25500,caucasian,college,single,employed,vanilla,no,no,party-a
80,37000,asian,college,married,unemployed,chocolate,yes,yes,party-a
81,65000,asian,graduate-professional,married,unemployed,chocolate,yes,yes,party-a
59,79500,hispanic,not-high-school,married,employed,chocolate,yes,no,party-a
42,28000,african-american,high-school,single,unemployed,chocolate,yes,no,party-b
63,69000,hispanic,college,married,employed,vanilla,yes,no,party-b
19,94500,other,high-school,single,employed,chocolate,yes,no,party-a
69,54500,asian,graduate-professional,married,employed,chocolate,yes,no,party-a
43,71500,asian,college,married,employed,chocolate,yes,no,party-b
67,19500,african-american,high-school,married,unemployed,vanilla,yes,yes,party-b
24,30000,asian,college,single,employed,vanilla,yes,no,party-a
29,26000,other,not-high-school,single,employed,chocolate,no,no,party-a
47,46500,african-american,college,married,employed,vanilla,yes,no,party-b
65,156000,hispanic,graduate-professional,married,employed,vanilla,no,yes,party-a
49,59500,african-american,college,married,employed,vanilla,no,yes,party-a
33,81000,caucasian,not-high-school,single,employed,vanilla,no,yes,party-b
58,16500,other,high-school,married,employed,chocolate,yes,yes,party-b
41,38000,african-american,college,married,employed,vanilla,yes,no,party-b
60,105500,african-american,not-high-school,married,employed,chocolate,yes,no,party-b
35,41000,other,high-school,single,employed,vanilla,no,yes,party-b
84,78500,hispanic,high-school,married,unemployed,vanilla,no,yes,party-a
36,45000,asian,not-high-school,married,unemployed,vanilla,no,no,party-b
27,34500,asian,high-school,single,unemployed,vanilla,yes,yes,party-b
24,69000,caucasian,graduate-professional,single,employed,chocolate,yes,yes,party-a
72,133000,hispanic,graduate-professional,married,employed,vanilla,no,yes,party-a
57,50500,caucasian,college,married,employed,chocolate,yes,no,party-a
55,59000,asian,high-school,single,employed,chocolate,yes,yes,party-a
58,87000,other,college,married,employed,chocolate,yes,yes,party-a
78,60500,african-american,high-school,single,unemployed,chocolate,yes,yes,party-b
76,23000,asian,high-school,married,employed,vanilla,yes,no,party-a
82,17500,other,graduate-professional,married,unemployed,vanilla,yes,yes,party-b
64,67500,asian,graduate-professional,married,unemployed,vanilla,no,no,party-b
82,81500,african-american,high-school,single,unemployed,chocolate,yes,no,party-a
50,52500,hispanic,college,single,employed,vanilla,yes,no,party-a
70,43000,other,high-school,married,unemployed,chocolate,no,no,party-b
65,36000,asian,high-school,married,employed,chocolate,no,yes,party-b
73,118500,asian,college,married,employed,vanilla,yes,yes,party-a
36,101000,other,not-high-school,married,employed,vanilla,no,no,party-b
62,46000,hispanic,graduate-professional,married,employed,chocolate,yes,no,party-b
48,43500,african-american,not-high-school,married,unemployed,vanilla,yes,no,party-b
68,52500,asian,graduate-professional,single,employed,chocolate,yes,no,party-a
53,33000,caucasian,college,married,unemployed,vanilla,yes,yes,party-b
29,184500,hispanic,college,single,employed,chocolate,no,no,party-a
36,117000,african-american,high-school,single,employed,vanilla,yes,no,party-a
37,15000,hispanic,college,single,employed,vanilla,yes,yes,party-b
23,149500,caucasian,graduate-professional,single,unemployed,chocolate,yes,no,party-a
84,136500,african-american,graduate-professional,married,unemployed,vanilla,yes,yes,party-a
44,65000,hispanic,college,single,employed,chocolate,yes,no,party-a
69,36000,asian,college,single,unemployed,vanilla,no,no,party-b
20,73500,other,graduate-professional,married,unemployed,vanilla,no,no,party-b
70,67500,other,high-school,single,employed,chocolate,yes,yes,party-a
43,58000,caucasian,high-school,single,unemployed,vanilla,no,no,party-a
31,26500,asian,high-school,married,employed,chocolate,yes,yes,party-a
22,113000,asian,graduate-professional,single,employed,chocolate,no,no,party-a
79,32000,african-american,not-high-school,married,unemployed,chocolate,yes,no,party-b
60,50500,african-american,college,single,employed,chocolate,yes,yes,party-a
71,23000,caucasian,high-school,married,employed,vanilla,yes,yes,party-a
20,36000,other,college,single,employed,vanilla,no,no,party-a
21,39500,caucasian,not-high-school,single,unemployed,vanilla,no,no,party-a
22,78500,asian,graduate-professional,single,employed,vanilla,yes,no,party-a
47,142500,other,high-school,single,employed,vanilla,yes,yes,party-b
69,26000,hispanic,not-high-school,married,unemployed,vanilla,no,yes,party-a
44,51000,other,high-school,single,employed,vanilla,no,no,party-b
56,76500,asian,graduate-professional,married,employed,chocolate,yes,no,party-a
25,35500,other,not-high-school,single,employed,vanilla,no,no,party-a
42,41000,hispanic,college,single,unemployed,chocolate,no,yes,party-b
83,75000,hispanic,high-school,married,employed,vanilla,no,no,party-a
68,175500,asian,college,married,employed,chocolate,no,yes,party-a
79,80500,african-american,college,married,employed,vanilla,no,yes,party-a
80,35000,caucasian,high-school,married,employed,chocolate,yes,yes,party-a
39,89000,other,high-school,single,employed,chocolate,yes,yes,party-a
66,15000,african-american,college,married,unemployed,vanilla,yes,no,party-b
48,74000,caucasian,high-school,single,employed,chocolate,no,yes,party-b
24,43000,caucasian,graduate-professional,married,employed,chocolate,yes,no,party-a
36,66000,other,graduate-professional,married,unemployed,vanilla,no,no,party-b
52,67000,caucasian,high-school,single,unemployed,chocolate,yes,yes,party-b
76,103000,other,high-school,married,employed,vanilla,yes,yes,party-a
76,93500,asian,graduate-professional,single,unemployed,chocolate,yes,no,party-a
55,123000,caucasian,graduate-professional,married,employed,chocolate,yes,yes,party-a
70,86000,african-american,high-school,married,unemployed,chocolate,yes,yes,party-b
65,128000,caucasian,graduate-professional,married,employed,chocolate,yes,no,party-a
64,74000,african-american,high-school,single,employed,chocolate,yes,yes,party-b
76,100000,hispanic,college,single,unemployed,vanilla,yes,yes,party-a
47,32500,other,high-school,single,employed,chocolate,yes,no,party-b
66,23000,hispanic,not-high-school,married,employed,vanilla,yes,no,party-b
46,26000,african-american,graduate-professional,single,employed,vanilla,no,yes,party-b
27,47000,hispanic,graduate-professional,married,employed,vanilla,yes,no,party-a
75,41000,caucasian,high-school,married,unemployed,vanilla,yes,no,party-a
83,107000,asian,college,married,unemployed,vanilla,yes,yes,party-a
84,20000,hispanic,graduate-professional,married,unemployed,chocolate,yes,yes,party-a
59,48000,other,graduate-professional,single,employed,chocolate,yes,no,party-a
57,110500,other,college,married,employed,vanilla,no,yes,party-b
26,62000,hispanic,graduate-professional,single,unemployed,chocolate,no,no,party-a
35,69500,other,college,married,employed,chocolate,no,no,party-b
58,45500,african-american,not-high-school,married,employed,vanilla,yes,yes,party-a
48,34000,other,high-school,single,employed,vanilla,no,no,party-b
72,54000,asian,graduate-professional,married,employed,vanilla,no,yes,party-a
53,61500,asian,high-school,single,employed,vanilla,yes,yes,party-b
20,74000,african-american,graduate-professional,single,unemployed,chocolate,no,no,party-b
49,55000,caucasian,high-school,single,employed,chocolate,no,no,party-a
66,54500,hispanic,college,married,employed,vanilla,no,yes,party-a
18,23500,african-american,high-school,single,employed,vanilla,no,no,party-a
75,73500,hispanic,graduate-professional,married,unemployed,vanilla,yes,yes,party-a
46,22000,caucasian,college,single,employed,chocolate,yes,yes,party-b
47,19000,hispanic,high-school,single,employed,vanilla,no,no,party-b
26,46500,caucasian,high-school,single,employed,chocolate,no,yes,party-a
58,62000,other,graduate-professional,married,employed,chocolate,yes,yes,party-a
64,36500,other,high-school,married,employed,chocolate,yes,yes,party-b
31,57500,other,high-school,single,employed,vanilla,no,no,party-b
49,64500,hispanic,college,married,employed,vanilla,yes,no,party-b
78,114500,other,college,married,unemployed,chocolate,yes,yes,party-a
19,54500,caucasian,high-school,single,employed,vanilla,yes,yes,party-a
77,32000,other,college,single,employed,vanilla,no,no,party-a
62,130500,other,high-school,married,employed,chocolate,yes,yes,party-a
69,46000,hispanic,college,married,unemployed,chocolate,yes,no,party-a
48,96500,hispanic,college,single,employed,chocolate,no,no,party-a
53,42500,hispanic,graduate-professional,married,employed,chocolate,no,no,party-b
61,39500,asian,not-high-school,married,employed,chocolate,yes,no,party-b
62,25500,african-american,high-school,married,employed,vanilla,yes,yes,party-a
81,76000,african-american,college,married,employed,vanilla,yes,yes,party-a
42,15000,other,high-school,single,employed,vanilla,no,no,party-b
53,78000,other,graduate-professional,married,employed,chocolate,yes,no,party-a
73,53500,hispanic,not-high-school,married,unemployed,vanilla,yes,yes,party-a
77,42000,asian,college,married,unemployed,chocolate,yes,no,party-a
36,95500,other,college,single,employed,vanilla,yes,no,party-a
47,54500,asian,college,married,employed,chocolate,yes,no,party-b
23,59000,other,high-school,single,employed,vanilla,yes,no,party-a
26,35000,hispanic,high-school,married,employed,vanilla,yes,yes,party-a
36,58500,other,college,single,employed,chocolate,no,yes,party-a
78,70500,african-american,college,single,unemployed,chocolate,yes,no,party-a
38,67000,caucasian,graduate-professional,married,employed,vanilla,yes,yes,party-a
80,80500,other,high-school,single,unemployed,chocolate,yes,yes,party-a
59,23000,asian,not-high-school,married,employed,vanilla,yes,no,party-b
55,90500,hispanic,graduate-professional,married,employed,vanilla,no,no,party-a
32,40500,caucasian,high-school,married,unemployed,chocolate,yes,yes,party-b
33,101000,african-american,high-school,married,employed,vanilla,yes,no,party-b
44,38000,hispanic,high-school,single,employed,vanilla,yes,no,party-b
77,35500,hispanic,graduate-professional,married,unemployed,chocolate,yes,yes,party-a
43,22500,asian,not-high-school,married,employed,chocolate,no,yes,party-b
30,38500,hispanic,graduate-professional,single,employed,vanilla,yes,yes,party-b
18,57000,caucasian,high-school,single,employed,chocolate,yes,yes,party-a
55,65500,caucasian,graduate-professional,married,employed,vanilla,yes,yes,party-a
83,45000,other,high-school,single,unemployed,chocolate,yes,yes,party-a
18,53000,african-american,graduate-professional,single,employed,chocolate,yes,yes,party-a
19,80500,african-american,graduate-professional,single,employed,chocolate,yes,no,party-a
33,56000,hispanic,college,married,employed,vanilla,no,no,party-b
37,65000,asian,college,single,employed,vanilla,no,yes,party-b
47,72000,african-american,college,single,employed,chocolate,yes,no,party-a
28,68500,caucasian,graduate-professional,single,employed,vanilla,yes,no,party-a
34,25000,asian,college,single,unemployed,vanilla,yes,no,party-b
75,96000,other,college,married,unemployed,vanilla,no,yes,party-a
63,173000,other,college,single,employed,chocolate,no,yes,party-b
47,60000,african-american,college,married,employed,chocolate,yes,no,party-a
74,59500,caucasian,graduate-professional,married,unemployed,chocolate,yes,no,party-b
60,25500,african-american,not-high-school,married,employed,chocolate,no,no,party-b
64,77500,caucasian,graduate-professional,single,unemployed,vanilla,no,no,party-a
20,58000,african-american,high-school,single,employed,chocolate,yes,no,party-b
32,19000,hispanic,college,married,employed,vanilla,no,yes,party-b
74,19500,caucasian,high-school,single,unemployed,chocolate,yes,yes,party-b
37,29000,african-american,college,married,employed,vanilla,no,no,party-b
83,31500,african-american,high-school,married,unemployed,vanilla,yes,no,party-b
18,133000,asian,high-school,single,employed,vanilla,yes,yes,party-a
76,86500,asian,college,married,employed,chocolate,no,yes,party-a
20,80500,hispanic,college,single,employed,vanilla,yes,no,party-a
48,114500,hispanic,graduate-professional,single,employed,chocolate,yes,no,party-b
32,41000,asian,not-high-school,married,employed,chocolate,yes,no,party-b
70,58000,african-american,not-high-school,married,unemployed,vanilla,yes,yes,party-a
25,24000,other,college,single,employed,vanilla,no,no,party-b
58,32500,caucasian,college,married,employed,vanilla,yes,no,party-b
78,27500,african-american,high-school,married,unemployed,chocolate,yes,yes,party-a
19,22000,african-american,high-school,single,employed,chocolate,no,yes,party-b
52,104500,caucasian,college,married,employed,chocolate,no,yes,party-a
43,55000,asian,high-school,single,employed,chocolate,yes,yes,party-b
72,75000,caucasian,high-school,married,unemployed,vanilla,no,yes,party-a
77,22000,african-american,graduate-professional,married,employed,vanilla,yes,yes,party-a
22,43000,hispanic,college,single,unemployed,vanilla,yes,no,party-a
74,24500,asian,high-school,married,employed,vanilla,yes,yes,party-a
35,15000,african-american,high-school,single,unemployed,vanilla,yes,no,party-b
27,45500,hispanic,high-school,single,employed,vanilla,no,no,party-a
76,79500,caucasian,high-school,married,unemployed,chocolate,yes,yes,party-b
72,61000,asian,college,married,unemployed,chocolate,yes,yes,party-a
58,46500,other,high-school,single,employed,chocolate,no,no,party-a
81,84500,other,college,married,unemployed,chocolate,yes,no,party-a
67,28500,caucasian,high-school,married,employed,vanilla,no,no,party-b
69,45500,hispanic,graduate-professional,single,employed,vanilla,yes,yes,party-a
40,31000,hispanic,not-high-school,single,employed,chocolate,yes,yes,party-b
45,32500,asian,college,married,employed,vanilla,no,no,party-b
63,71500,other,high-school,married,employed,chocolate,yes,no,party-a
54,44000,hispanic,graduate-professional,single,employed,vanilla,no,yes,party-b
37,38000,caucasian,college,married,employed,chocolate,yes,no,party-b
58,120500,african-american,college,married,unemployed,chocolate,no,yes,party-a
69,219500,hispanic,graduate-professional,married,employed,vanilla,no,yes,party-a
50,48500,african-american,graduate-professional,single,unemployed,vanilla,yes,yes,party-a
75,97500,caucasian,high-school,single,employed,vanilla,yes,yes,party-a
28,102500,african-american,graduate-professional,single,employed,vanilla,no,no,party-b
23,124500,hispanic,college,married,employed,chocolate,yes,no,party-b
42,62000,asian,graduate-professional,single,employed,chocolate,no,no,party-b
59,35500,asian,high-school,married,employed,vanilla,yes,no,party-b
40,23000,caucasian,not-high-school,married,employed,vanilla,yes,no,party-b
74,109500,caucasian,college,married,unemployed,vanilla,yes,yes,party-b
61,63500,african-american,high-school,married,employed,vanilla,no,no,party-a
42,59000,african-american,high-school,married,employed,vanilla,yes,yes,party-a
33,28500,hispanic,high-school,single,employed,chocolate,no,no,party-b
82,32000,other,graduate-professional,married,unemployed,vanilla,yes,no,party-b
73,51000,caucasian,college,single,unemployed,vanilla,no,no,party-a
84,76500,caucasian,graduate-professional,single,unemployed,chocolate,no,yes,party-a
18,40000,caucasian,graduate-professional,single,unemployed,chocolate,no,yes,party-a
37,51000,african-american,graduate-professional,married,employed,chocolate,yes,no,party-b
21,57000,caucasian,high-school,married,employed,vanilla,no,yes,party-a
27,43500,hispanic,college,single,employed,chocolate,yes,no,party-a
29,54500,other,college,single,employed,vanilla,no,no,party-a
73,79000,caucasian,graduate-professional,married,employed,vanilla,yes,yes,party-a
29,22500,other,high-school,single,employed,chocolate,yes,no,party-b
74,41000,african-american,not-high-school,single,unemployed,chocolate,yes,no,party-b
83,103000,asian,high-school,married,employed,chocolate,yes,yes,party-a
62,73500,asian,high-school,single,employed,chocolate,yes,no,party-a
74,64000,hispanic,high-school,married,employed,vanilla,yes,no,party-a
80,64500,asian,graduate-professional,single,employed,chocolate,no,no,party-a
56,39000,caucasian,graduate-professional,married,employed,vanilla,no,no,party-a
59,95000,other,not-high-school,married,employed,vanilla,no,no,party-b
32,112000,other,graduate-professional,married,employed,vanilla,no,yes,party-a
27,33500,other,high-school,single,employed,chocolate,no,no,party-a
22,42500,hispanic,college,married,unemployed,chocolate,yes,no,party-a
24,54500,hispanic,high-school,single,employed,chocolate,yes,yes,party-a
76,55500,other,graduate-professional,married,unemployed,chocolate,yes,yes,party-a
31,50500,other,college,married,employed,chocolate,yes,no,party-b
76,32500,caucasian,high-school,married,employed,chocolate,no,no,party-a
49,130000,caucasian,high-school,single,employed,chocolate,yes,yes,party-b
73,34500,other,college,married,unemployed,vanilla,yes,yes,party-a
56,125000,caucasian,high-school,single,employed,vanilla,no,yes,party-b
30,108000,other,college,married,employed,chocolate,yes,no,party-b
74,31500,other,high-school,married,employed,chocolate,yes,no,party-b
73,101500,hispanic,high-school,married,employed,vanilla,yes,no,party-a
77,66000,african-american,college,married,unemployed,vanilla,yes,no,party-a
36,52000,asian,college,married,unemployed,vanilla,no,no,party-b
32,202500,caucasian,graduate-professional,single,employed,vanilla,yes,no,party-a
64,39000,african-american,college,married,employed,chocolate,yes,yes,party-a
76,143500,hispanic,high-school,married,employed,vanilla,yes,yes,party-b
25,103500,african-american,college,single,employed,vanilla,no,no,party-a
46,46500,african-american,high-school,married,employed,vanilla,no,yes,party-a
23,123500,asian,graduate-professional,single,employed,vanilla,yes,no,party-a
21,54500,asian,graduate-professional,single,employed,chocolate,yes,no,party-a
25,79000,asian,college,single,employed,vanilla,no,no,party-a
80,42500,asian,graduate-professional,single,unemployed,vanilla,yes,yes,party-a
68,47500,asian,high-school,married,unemployed,vanilla,yes,yes,party-a
30,208500,asian,graduate-professional,single,employed,chocolate,yes,no,party-a
81,15000,hispanic,high-school,married,unemployed,vanilla,no,yes,party-b
68,76500,caucasian,college,single,employed,vanilla,yes,yes,party-a
40,26500,asian,high-school,married,employed,chocolate,yes,no,party-b
54,42500,asian,high-school,single,employed,chocolate,yes,yes,party-b
62,70500,asian,college,single,employed,vanilla,no,yes,party-a
26,75500,caucasian,college,single,employed,chocolate,yes,yes,party-a
84,37500,other,college,married,unemployed,chocolate,yes,yes,party-a
35,45500,hispanic,not-high-school,married,employed,vanilla,yes,no,party-b
60,81500,caucasian,college,married,employed,vanilla,no,yes,party-a
76,48000,caucasian,high-school,single,employed,chocolate,no,no,party-a
64,69000,caucasian,not-high-school,married,employed,vanilla,no,yes,party-a
52,53500,caucasian,high-school,married,employed,vanilla,yes,no,party-b
26,85500,hispanic,college,single,employed,chocolate,no,no,party-a
72,77000,caucasian,high-school,married,employed,vanilla,yes,yes,party-a
69,23500,caucasian,high-school,single,unemployed,chocolate,yes,yes,party-b
65,36000,asian,college,married,employed,chocolate,yes,no,party-b
25,45500,asian,college,single,employed,vanilla,yes,yes,party-a
18,36000,hispanic,college,single,unemployed,vanilla,no,no,party-a
55,63500,other,college,single,employed,vanilla,yes,yes,party-a
83,62500,caucasian,college,married,unemployed,chocolate,no,yes,party-a
60,32500,other,college,married,employed,chocolate,yes,no,party-b
52,62500,other,college,single,employed,chocolate,yes,yes,party-a
61,47500,asian,graduate-professional,married,employed,chocolate,yes,no,party-a
45,92500,hispanic,college,married,employed,vanilla,yes,no,party-b
77,17500,hispanic,not-high-school,married,unemployed,vanilla,yes,yes,party-a
50,22500,hispanic,not-high-school,single,employed,chocolate,yes,no,party-b
59,66500,asian,college,married,employed,vanilla,no,no,party-a
73,113000,hispanic,college,married,employed,vanilla,yes,yes,party-a
66,50000,hispanic,high-school,married,employed,vanilla,no,yes,party-a
40,71000,caucasian,not-high-school,single,employed,vanilla,yes,no,party-b
54,36500,african-american,high-school,married,employed,vanilla,yes,no,party-b
18,93000,hispanic,graduate-professional,single,employed,vanilla,no,yes,party-a
34,63500,caucasian,high-school,single,employed,vanilla,yes,yes,party-b
39,39000,african-american,college,married,employed,chocolate,yes,no,party-b
21,17500,asian,college,single,employed,chocolate,yes,no,party-b
79,39000,caucasian,high-school,married,unemployed,vanilla,yes,yes,party-b
61,65500,asian,college,married,employed,chocolate,no,yes,party-a
71,37500,african-american,graduate-professional,married,unemployed,vanilla,yes,no,party-a
59,32500,caucasian,college,single,employed,chocolate,yes,no,party-b
79,68500,african-american,high-school,single,employed,vanilla,yes,yes,party-a
30,49500,caucasian,college,single,employed,vanilla,no,no,party-b
42,24500,african-american,high-school,single,employed,chocolate,yes,yes,party-b
33,38000,caucasian,graduate-professional,single,employed,chocolate,no,no,party-b
36,48000,african-american,college,single,employed,chocolate,no,no,party-a
36,57000,hispanic,graduate-professional,single,employed,vanilla,yes,yes,party-b
83,52000,caucasian,graduate-professional,married,unemployed,chocolate,yes,no,party-a
84,50500,other,college,single,unemployed,vanilla,yes,no,party-a
40,32500,asian,high-school,single,employed,vanilla,yes,no,party-b
72,53500,other,high-school,married,employed,chocolate,no,yes,party-a
56,49500,hispanic,high-school,married,employed,chocolate,yes,no,party-a
34,50000,other,college,married,employed,vanilla,yes,no,party-b
28,105500,other,graduate-professional,single,employed,chocolate,yes,no,party-a
69,59500,hispanic,college,married,unemployed,vanilla,no,no,party-a
49,30000,african-american,college,married,employed,chocolate,no,no,party-b
37,55000,hispanic,graduate-professional,single,employed,vanilla,yes,no,party-a
35,47500,african-american,high-school,single,unemployed,chocolate,yes,no,party-a
19,134000,other,graduate-professional,single,unemployed,vanilla,yes,no,party-b
18,110000,hispanic,high-school,married,unemployed,vanilla,no,no,party-b
55,65500,other,graduate-professional,single,employed,vanilla,yes,yes,party-a
82,46500,other,not-high-school,married,unemployed,chocolate,no,yes,party-a
18,27500,caucasian,graduate-professional,single,unemployed,vanilla,yes,no,party-a
70,66500,caucasian,graduate-professional,single,unemployed,vanilla,yes,yes,party-a
74,27000,asian,college,married,unemployed,vanilla,no,no,party-b
27,38500,hispanic,high-school,single,employed,vanilla,yes,no,party-a
70,32500,african-american,high-school,married,unemployed,chocolate,no,no,party-b
51,98500,hispanic,college,married,unemployed,chocolate,yes,no,party-b
19,52000,asian,graduate-professional,single,employed,vanilla,no,no,party-a
29,80000,asian,college,single,employed,chocolate,yes,no,party-a
57,89500,other,college,single,employed,chocolate,yes,yes,party-a
44,24000,asian,college,single,employed,chocolate,no,yes,party-b
46,53500,other,college,single,unemployed,vanilla,yes,no,party-a
77,58000,hispanic,graduate-professional,single,employed,vanilla,no,yes,party-a
43,80000,asian,high-school,single,employed,vanilla,no,yes,party-b
64,54500,asian,high-school,single,employed,vanilla,yes,no,party-a
67,55000,hispanic,college,married,employed,vanilla,no,yes,party-a
68,36000,hispanic,high-school,married,unemployed,vanilla,yes,yes,party-b
70,41500,asian,high-school,married,employed,vanilla,yes,yes,party-a
48,38500,african-american,high-school,married,employed,vanilla,yes,no,party-b
41,41500,other,high-school,married,employed,chocolate,no,yes,party-a
57,41000,hispanic,high-school,single,unemployed,chocolate,yes,no,party-b
73,33500,caucasian,not-high-school,married,employed,chocolate,yes,yes,party-b
42,56000,african-american,high-school,single,employed,chocolate,yes,no,party-a
26,72000,asian,high-school,single,employed,chocolate,no,no,party-a
47,127000,hispanic,high-school,single,employed,vanilla,yes,no,party-a
53,18500,hispanic,high-school,single,employed,vanilla,no,yes,party-a
36,81500,asian,college,married,employed,vanilla,yes,no,party-b
58,43500,asian,college,married,employed,vanilla,yes,yes,party-a
76,55500,asian,graduate-professional,married,unemployed,chocolate,yes,yes,party-a
79,100000,hispanic,high-school,married,employed,vanilla,no,yes,party-a
46,83000,hispanic,college,married,employed,vanilla,no,no,party-b
55,65500,hispanic,college,married,employed,vanilla,no,no,party-a
78,35500,other,graduate-professional,married,unemployed,vanilla,no,yes,party-a
54,57000,other,not-high-school,single,employed,chocolate,yes,yes,party-b
82,60000,hispanic,high-school,married,unemployed,vanilla,yes,yes,party-a
61,62500,hispanic,college,married,employed,vanilla,yes,no,party-a
71,40500,other,high-school,married,employed,chocolate,yes,yes,party-a
77,44000,hispanic,college,single,unemployed,vanilla,yes,yes,party-b
48,46500,caucasian,college,single,employed,vanilla,no,no,party-b
43,90500,other,high-school,married,employed,vanilla,no,no,party-b
60,30500,african-american,college,married,employed,vanilla,yes,no,party-a
28,50000,african-american,high-school,single,employed,chocolate,no,no,party-a
23,57500,asian,college,married,employed,chocolate,yes,no,party-a
42,40500,other,college,married,employed,chocolate,yes,yes,party-b
58,18500,caucasian,college,single,employed,vanilla,yes,no,party-b
22,76500,other,not-high-school,single,employed,chocolate,yes,yes,party-a
73,74000,asian,high-school,married,unemployed,vanilla,yes,no,party-a
67,38500,other,high-school,married,unemployed,vanilla,yes,no,party-b
59,130500,caucasian,graduate-professional,married,employed,chocolate,no,yes,party-b
44,57500,african-american,high-school,single,employed,vanilla,no,no,party-b
79,150000,caucasian,graduate-professional,married,unemployed,chocolate,no,yes,party-a
79,66000,asian,high-school,married,unemployed,vanilla,yes,yes,party-a
58,22000,african-american,high-school,married,employed,vanilla,yes,no,party-b
31,107000,other,college,single,employed,vanilla,yes,no,party-b
34,70500,african-american,not-high-school,single,employed,chocolate,yes,no,party-a
71,34500,other,graduate-professional,married,employed,vanilla,yes,yes,party-a
40,56000,caucasian,graduate-professional,single,employed,vanilla,no,no,party-b
22,23000,other,high-school,single,employed,vanilla,no,no,party-a
45,61000,african-american,high-school,single,employed,vanilla,yes,no,party-a
38,53500,other,graduate-professional,single,employed,chocolate,yes,no,party-a
46,80500,asian,college,single,employed,vanilla,no,yes,party-a
54,57500,caucasian,high-school,married,employed,vanilla,yes,yes,party-a
81,29000,african-american,high-school,single,unemployed,vanilla,no,no,party-a
26,84500,hispanic,graduate-professional,married,employed,vanilla,yes,no,party-a
46,88000,african-american,college,single,employed,vanilla,yes,yes,party-b
71,82500,other,college,married,unemployed,chocolate,yes,yes,party-a
80,66500,african-american,graduate-professional,married,unemployed,chocolate,yes,yes,party-a
67,70500,caucasian,college,single,unemployed,chocolate,yes,yes,party-b
26,86500,african-american,graduate-professional,single,employed,vanilla,yes,no,party-b
57,55000,caucasian,college,married,employed,vanilla,yes,yes,party-a
28,91500,african-american,high-school,single,employed,chocolate,no,no,party-a
41,47000,asian,high-school,single,employed,chocolate,no,no,party-a
81,28500,other,not-high-school,married,unemployed,chocolate,yes,no,party-b
60,51000,caucasian,college,single,employed,chocolate,yes,yes,party-b
35,33000,caucasian,college,single,employed,chocolate,no,yes,party-b
72,77500,asian,college,married,unemployed,vanilla,yes,no,party-a
19,51000,hispanic,college,single,employed,vanilla,no,no,party-a
27,97000,african-american,graduate-professional,single,employed,chocolate,yes,yes,party-a
53,142500,african-american,graduate-professional,single,employed,chocolate,no,yes,party-b
43,22500,african-american,high-school,single,employed,vanilla,no,no,party-b
23,38000,african-american,high-school,single,employed,chocolate,no,no,party-a
82,31500,asian,not-high-school,married,unemployed,chocolate,yes,yes,party-b
76,134500,other,college,married,unemployed,vanilla,no,yes,party-a
65,52000,caucasian,graduate-professional,married,employed,vanilla,yes,yes,party-a
72,42000,asian,graduate-professional,married,unemployed,vanilla,yes,yes,party-a
41,55000,asian,college,married,employed,vanilla,no,no,party-a
36,123500,caucasian,graduate-professional,married,employed,vanilla,yes,no,party-b
79,82500,african-american,college,married,unemployed,vanilla,yes,no,party-a
62,162000,other,graduate-professional,single,unemployed,chocolate,yes,yes,party-b
58,41000,hispanic,graduate-professional,single,unemployed,vanilla,yes,yes,party-b
59,20500,african-american,graduate-professional,single,employed,chocolate,no,no,party-b
21,57000,african-american,high-school,single,employed,vanilla,yes,no,party-a
26,46000,african-american,high-school,single,employed,vanilla,yes,no,party-a
72,53500,hispanic,high-school,married,employed,chocolate,no,yes,party-a
82,65000,african-american,high-school,married,unemployed,vanilla,yes,no,party-a
79,102000,asian,graduate-professional,married,unemployed,chocolate,no,no,party-a
39,30000,asian,not-high-school,single,employed,vanilla,no,yes,party-b
34,71000,african-american,not-high-school,single,employed,vanilla,yes,yes,party-b
64,131500,caucasian,graduate-professional,married,unemployed,vanilla,yes,no,party-b
75,21500,caucasian,not-high-school,married,employed,vanilla,yes,no,party-b
73,38500,hispanic,college,married,employed,chocolate,no,no,party-a
23,35500,caucasian,graduate-professional,single,unemployed,vanilla,no,no,party-a
32,63500,caucasian,college,married,employed,vanilla,yes,no,party-a
63,124000,other,graduate-professional,married,employed,chocolate,yes,no,party-b
38,41000,caucasian,high-school,single,employed,chocolate,no,no,party-b
78,54500,asian,college,married,employed,vanilla,yes,yes,party-a
39,46500,hispanic,college,married,employed,chocolate,yes,no,party-b
23,55000,hispanic,college,single,employed,chocolate,no,no,party-a
23,95000,asian,high-school,single,employed,chocolate,no,no,party-a
38,26500,african-american,college,single,employed,vanilla,no,yes,party-a
47,84500,caucasian,graduate-professional,single,employed,chocolate,no,no,party-a
68,121000,caucasian,graduate-professional,single,employed,chocolate,yes,yes,party-a
44,44000,caucasian,college,single,employed,chocolate,no,yes,party-b
53,101500,african-american,graduate-professional,married,unemployed,chocolate,no,yes,party-b
60,17500,hispanic,not-high-school,single,employed,vanilla,yes,yes,party-a
59,220000,hispanic,graduate-professional,married,employed,vanilla,no,yes,party-b
28,37000,asian,not-high-school,single,employed,chocolate,yes,yes,party-b
47,106500,caucasian,college,married,employed,chocolate,yes,yes,party-a
41,25500,african-american,high-school,single,employed,vanilla,no,no,party-b
74,53000,caucasian,college,single,unemployed,vanilla,yes,no,party-a
45,87000,hispanic,high-school,married,employed,vanilla,no,no,party-a
19,37000,asian,graduate-professional,single,employed,chocolate,yes,no,party-a
82,29000,caucasian,college,married,employed,vanilla,yes,yes,party-a
40,40500,caucasian,graduate-professional,single,employed,chocolate,yes,yes,party-b
19,30000,african-american,college,single,employed,chocolate,yes,no,party-b
74,154500,asian,college,married,unemployed,vanilla,yes,yes,party-a
32,91000,other,graduate-professional,single,employed,chocolate,yes,no,party-a
57,20500,asian,high-school,married,employed,vanilla,yes,no,party-a
78,60000,asian,graduate-professional,married,employed,vanilla,no,no,party-a
52,34500,other,high-school,single,employed,vanilla,yes,yes,party-b
74,34000,hispanic,high-school,single,employed,chocolate,yes,yes,party-b
66,44500,caucasian,high-school,married,employed,vanilla,yes,no,party-a
80,70000,hispanic,graduate-professional,married,unemployed,vanilla,no,yes,party-a
47,77500,caucasian,high-school,single,employed,vanilla,no,yes,party-b
66,86500,african-american,college,married,employed,vanilla,yes,no,party-a
68,40500,caucasian,high-school,married,employed,chocolate,yes,no,party-b
45,91000,other,high-school,single,employed,vanilla,yes,no,party-a
65,43500,asian,high-school,single,employed,vanilla,no,no,party-a
22,120500,other,high-school,single,unemployed,chocolate,yes,no,party-a
39,83000,hispanic,graduate-professional,single,employed,chocolate,no,no,party-a
46,27000,hispanic,high-school,single,employed,chocolate,yes,yes,party-b
30,44500,caucasian,high-school,married,unemployed,chocolate,yes,no,party-b
76,120500,caucasian,graduate-professional,married,unemployed,vanilla,no,yes,party-a
66,35000,african-american,high-school,married,unemployed,vanilla,no,no,party-b
45,66500,other,college,married,employed,chocolate,yes,no,party-a
30,95500,hispanic,graduate-professional,single,employed,vanilla,yes,no,party-a
43,50000,other,college,single,unemployed,vanilla,no,yes,party-b
29,54000,asian,high-school,single,employed,vanilla,yes,no,party-a
41,109500,other,graduate-professional,single,employed,vanilla,yes,yes,party-b
42,99500,other,college,married,employed,vanilla,yes,yes,party-a
84,35500,hispanic,high-school,married,unemployed,vanilla,yes,no,party-b
80,41000,hispanic,high-school,married,unemployed,chocolate,yes,yes,party-b
31,26000,asian,high-school,single,employed,vanilla,yes,no,party-b
64,71500,asian,high-school,married,unemployed,vanilla,yes,no,party-b
29,33500,african-american,high-school,single,employed,chocolate,yes,no,party-a
29,82500,african-american,graduate-professional,single,employed,chocolate,no,no,party-a
34,89000,asian,graduate-professional,single,employed,vanilla,yes,no,party-b
18,36000,african-american,college,single,unemployed,vanilla,no,no,party-b
80,55500,asian,high-school,married,unemployed,chocolate,no,no,party-b
23,82500,african-american,graduate-professional,single,employed,vanilla,yes,yes,party-a
51,139000,asian,graduate-professional,single,employed,chocolate,no,yes,party-b
34,91500,asian,college,married,unemployed,vanilla,yes,no,party-b
82,61500,hispanic,not-high-school,married,unemployed,vanilla,no,yes,party-a
65,45000,african-american,graduate-professional,single,employed,vanilla,yes,no,party-a
63,30500,other,not-high-school,married,employed,chocolate,no,yes,party-b
18,15000,hispanic,high-school,single,employed,vanilla,yes,no,party-a
66,27000,african-american,graduate-professional,married,employed,chocolate,yes,yes,party-b
58,36500,african-american,college,single,employed,chocolate,no,no,party-a
42,41000,hispanic,college,single,employed,vanilla,yes,no,party-b
41,53500,caucasian,college,single,employed,vanilla,no,yes,party-b
84,45500,other,graduate-professional,married,unemployed,vanilla,no,yes,party-a
25,69000,caucasian,college,single,employed,vanilla,yes,no,party-a
26,67000,asian,high-school,married,employed,chocolate,no,yes,party-a
42,66000,african-american,high-school,married,unemployed,vanilla,no,no,party-b
70,39000,asian,graduate-professional,single,unemployed,vanilla,no,no,party-a
67,78000,hispanic,college,married,unemployed,chocolate,no,no,party-b
41,51000,asian,high-school,married,employed,chocolate,no,yes,party-b
75,39000,asian,high-school,single,unemployed,vanilla,yes,no,party-b
41,18500,caucasian,high-school,married,employed,vanilla,yes,no,party-b
31,55000,caucasian,high-school,single,employed,chocolate,yes,yes,party-a
28,77000,hispanic,high-school,married,unemployed,chocolate,yes,no,party-b
70,35500,asian,not-high-school,single,unemployed,vanilla,yes,yes,party-b
24,38500,other,high-school,single,unemployed,vanilla,yes,no,party-a
62,61500,african-american,graduate-professional,married,employed,vanilla,no,no,party-a
79,53500,other,graduate-professional,married,unemployed,chocolate,no,yes,party-a
60,42000,caucasian,college,married,employed,chocolate,yes,yes,party-a
47,53500,african-american,high-school,single,employed,chocolate,yes,no,party-a
58,82000,asian,high-school,married,employed,chocolate,no,yes,party-a
73,104000,asian,graduate-professional,single,unemployed,chocolate,yes,yes,party-b
71,26500,hispanic,not-high-school,single,employed,vanilla,no,no,party-a
52,52000,asian,graduate-professional,single,employed,chocolate,no,no,party-a
73,27000,hispanic,college,married,unemployed,vanilla,no,yes,party-a
59,47500,hispanic,graduate-professional,married,employed,chocolate,yes,no,party-a
27,42500,other,graduate-professional,single,employed,chocolate,no,yes,party-a
73,108000,asian,high-school,married,unemployed,vanilla,no,yes,party-b
19,83000,african-american,high-school,single,employed,vanilla,no,no,party-a
65,59000,asian,graduate-professional,married,unemployed,vanilla,no,no,party-a
33,93500,asian,high-school,single,employed,chocolate,yes,yes,party-b
67,50500,african-american,high-school,single,unemployed,chocolate,yes,no,party-a
32,15500,african-american,college,married,employed,vanilla,yes,no,party-b
72,30000,african-american,college,married,unemployed,vanilla,yes,no,party-b
82,46500,caucasian,high-school,married,unemployed,chocolate,yes,yes,party-a
67,45500,other,graduate-professional,single,unemployed,vanilla,no,no,party-a
60,60500,asian,graduate-professional,married,employed,chocolate,no,yes,party-a
37,45000,other,graduate-professional,single,employed,chocolate,no,no,party-b
71,63000,caucasian,college,married,unemployed,chocolate,no,yes,party-a
72,76500,asian,graduate-professional,married,unemployed,vanilla,no,no,party-a
33,43500,other,college,married,employed,chocolate,no,no,party-a
63,29000,other,college,married,employed,chocolate,no,no,party-a
48,17500,african-american,college,single,employed,chocolate,no,no,party-b
57,26000,caucasian,graduate-professional,married,employed,vanilla,yes,yes,party-b
64,48000,african-american,college,married,employed,chocolate,no,yes,party-a
55,24500,african-american,high-school,married,unemployed,chocolate,yes,no,party-b
59,68500,caucasian,college,single,employed,vanilla,no,yes,party-a
49,71000,caucasian,graduate-professional,married,employed,vanilla,no,no,party-a
49,20000,asian,high-school,single,employed,chocolate,yes,no,party-b
23,59000,other,college,single,employed,vanilla,yes,no,party-a
72,38000,other,college,married,unemployed,chocolate,no,yes,party-a
79,163500,asian,college,married,employed,vanilla,yes,yes,party-a
83,85500,african-american,college,married,unemployed,vanilla,yes,yes,party-a
40,78000,other,college,single,unemployed,chocolate,yes,no,party-b
71,143000,other,high-school,married,unemployed,chocolate,yes,yes,party-a
76,108500,hispanic,college,married,unemployed,chocolate,no,yes,party-a
26,42500,asian,high-school,single,employed,chocolate,no,no,party-a
40,15500,other,not-high-school,married,employed,chocolate,no,no,party-b
19,41500,hispanic,college,single,unemployed,vanilla,no,yes,party-b
22,41500,african-american,graduate-professional,single,unemployed,chocolate,no,no,party-a
80,61000,hispanic,high-school,married,unemployed,chocolate,yes,no,party-b
28,59500,hispanic,high-school,single,unemployed,chocolate,no,no,party-a
29,49000,caucasian,not-high-school,single,employed,chocolate,no,yes,party-b
62,45500,hispanic,college,married,employed,chocolate,yes,no,party-a
82,57500,other,high-school,single,unemployed,chocolate,yes,yes,party-a
46,77500,hispanic,high-school,married,employed,vanilla,no,no,party-a
29,57500,caucasian,high-school,single,employed,vanilla,no,no,party-a
69,31000,other,college,single,employed,vanilla,yes,yes,party-a
33,19500,african-american,not-high-school,single,employed,vanilla,no,no,party-b
48,87000,other,college,married,unemployed,vanilla,yes,no,party-a
34,92500,african-american,college,married,unemployed,chocolate,yes,yes,party-b
55,77000,caucasian,not-high-school,married,employed,chocolate,no,no,party-a
84,72000,african-american,high-school,married,unemployed,vanilla,no,yes,party-a
83,29500,asian,graduate-professional,married,employed,vanilla,yes,yes,party-a
81,69500,african-american,graduate-professional,married,employed,vanilla,yes,yes,party-a
31,54000,african-american,high-school,single,employed,chocolate,yes,no,party-b
82,48000,african-american,high-school,married,unemployed,chocolate,yes,yes,party-a
54,26500,hispanic,high-school,single,employed,chocolate,yes,yes,party-b
65,29000,asian,high-school,married,employed,chocolate,yes,no,party-a
78,59000,hispanic,college,married,unemployed,chocolate,no,yes,party-a
67,74000,hispanic,graduate-professional,married,unemployed,chocolate,no,yes,party-a
37,66000,hispanic,college,married,employed,chocolate,yes,no,party-b
76,42000,caucasian,graduate-professional,single,employed,vanilla,yes,no,party-a
62,30500,african-american,college,married,employed,chocolate,yes,yes,party-a
48,100500,caucasian,high-school,married,employed,vanilla,yes,yes,party-a
34,59500,hispanic,graduate-professional,single,employed,chocolate,yes,yes,party-a
81,83500,other,college,married,unemployed,chocolate,yes,yes,party-a
62,127000,asian,college,married,unemployed,vanilla,no,yes,party-b
75,23000,hispanic,graduate-professional,married,unemployed,chocolate,yes,yes,party-a
61,16500,hispanic,not-high-school,married,employed,vanilla,yes,no,party-b
30,71000,hispanic,high-school,married,employed,vanilla,yes,no,party-b
59,52000,caucasian,high-school,married,employed,chocolate,yes,no,party-b
34,51000,hispanic,college,single,employed,chocolate,yes,no,party-a
40,45500,hispanic,high-school,married,employed,chocolate,no,yes,party-b
20,56500,caucasian,college,single,employed,chocolate,yes,no,party-a
59,44500,hispanic,college,married,unemployed,chocolate,yes,no,party-b
59,36000,asian,college,single,employed,vanilla,no,no,party-b
55,110500,asian,graduate-professional,single,employed,chocolate,yes,no,party-a
28,49500,caucasian,not-high-school,single,employed,vanilla,yes,no,party-b
77,39500,asian,high-school,married,unemployed,vanilla,no,no,party-b
45,24000,other,graduate-professional,married,employed,vanilla,yes,no,party-b
79,49500,hispanic,high-school,married,unemployed,vanilla,no,yes,party-a
28,95000,other,college,married,employed,chocolate,yes,no,party-a
27,116500,asian,graduate-professional,single,employed,chocolate,yes,no,party-a
61,25500,african-american,not-high-school,single,unemployed,vanilla,no,no,party-b
69,32500,asian,high-school,married,unemployed,chocolate,no,yes,party-b
31,108000,other,graduate-professional,married,employed,vanilla,yes,no,party-b
25,99000,hispanic,college,single,employed,chocolate,no,no,party-a
52,106000,other,high-school,married,employed,chocolate,no,yes,party-b
52,94000,hispanic,graduate-professional,single,employed,vanilla,yes,no,party-b
74,71000,hispanic,college,married,unemployed,vanilla,yes,yes,party-a
65,71000,african-american,high-school,married,unemployed,vanilla,no,no,party-b
24,98000,asian,high-school,married,employed,vanilla,yes,no,party-a
84,27500,asian,high-school,single,unemployed,chocolate,yes,yes,party-b
35,34500,asian,high-school,married,employed,vanilla,yes,no,party-b
76,90000,african-american,graduate-professional,single,employed,vanilla,yes,yes,party-a
28,24500,african-american,high-school,single,employed,chocolate,yes,no,party-a
57,15500,african-american,high-school,single,employed,vanilla,yes,yes,party-b
48,51000,caucasian,high-school,single,employed,vanilla,no,no,party-a
52,66000,caucasian,not-high-school,single,employed,chocolate,no,yes,party-b
79,19000,african-american,not-high-school,married,unemployed,vanilla,yes,yes,party-a
58,16000,asian,college,single,employed,chocolate,no,yes,party-b
33,54000,hispanic,college,single,employed,chocolate,yes,no,party-a
36,161500,asian,graduate-professional,married,employed,vanilla,no,yes,party-b
50,87500,hispanic,graduate-professional,married,employed,chocolate,yes,yes,party-b
56,135500,african-american,graduate-professional,married,employed,chocolate,yes,yes,party-a
23,114000,african-american,high-school,single,employed,vanilla,no,no,party-a
23,94500,asian,high-school,single,employed,vanilla,no,yes,party-a
22,72000,african-american,high-school,married,unemployed,vanilla,yes,no,party-b
46,35500,other,college,married,employed,vanilla,yes,no,party-b
53,81500,hispanic,college,married,employed,chocolate,no,no,party-b
59,80500,asian,graduate-professional,married,unemployed,vanilla,no,no,party-a
68,68000,african-american,college,married,unemployed,chocolate,no,yes,party-a
57,40500,african-american,high-school,married,employed,chocolate,no,yes,party-b
70,28000,african-american,graduate-professional,single,employed,vanilla,no,yes,party-b
26,40500,hispanic,high-school,single,employed,vanilla,no,yes,party-b
64,83500,caucasian,college,married,employed,chocolate,yes,no,party-a
50,71500,hispanic,high-school,single,employed,chocolate,yes,yes,party-b
23,36500,caucasian,high-school,single,employed,vanilla,no,no,party-a
70,108500,african-american,graduate-professional,married,employed,chocolate,yes,yes,party-a
81,20000,asian,not-high-school,married,unemployed,vanilla,no,yes,party-a
53,59000,asian,college,single,employed,vanilla,yes,yes,party-a
70,99000,other,graduate-professional,married,unemployed,chocolate,yes,no,party-a
62,43000,hispanic,graduate-professional,married,employed,vanilla,yes,no,party-a
32,28500,caucasian,high-school,single,employed,vanilla,yes,no,party-b
62,81500,hispanic,college,single,employed,chocolate,yes,yes,party-a
46,29500,hispanic,college,single,employed,chocolate,no,no,party-a
56,68000,african-american,college,married,employed,chocolate,no,no,party-a
39,54000,caucasian,high-school,single,employed,vanilla,no,yes,party-b
33,40500,hispanic,graduate-professional,single,employed,vanilla,yes,no,party-b
38,53500,african-american,graduate-professional,single,employed,vanilla,no,no,party-a
55,32500,african-american,high-school,married,employed,chocolate,yes,no,party-a
58,15000,caucasian,not-high-school,married,employed,chocolate,yes,yes,party-b
47,65500,hispanic,college,married,employed,vanilla,yes,no,party-b
67,72000,asian,high-school,single,employed,chocolate,yes,no,party-a
78,109000,other,graduate-professional,married,unemployed,vanilla,no,yes,party-a
19,34500,hispanic,high-school,single,employed,chocolate,no,no,party-a
25,22000,hispanic,high-school,single,unemployed,vanilla,yes,no,party-a
75,29000,african-american,high-school,married,unemployed,chocolate,yes,no,party-b
77,55000,african-american,not-high-school,married,employed,chocolate,no,no,party-a
50,37000,caucasian,high-school,married,unemployed,chocolate,no,yes,party-b
74,145000,hispanic,graduate-professional,married,employed,vanilla,no,no,party-b
55,31500,african-american,high-school,married,employed,vanilla,yes,yes,party-b
19,58500,other,college,single,employed,chocolate,yes,no,party-a
30,79000,caucasian,high-school,married,employed,chocolate,yes,yes,party-a
65,106500,caucasian,graduate-professional,married,employed,chocolate,no,yes,party-b
84,42000,african-american,high-school,married,unemployed,chocolate,no,no,party-a
36,78000,african-american,college,single,employed,chocolate,no,yes,party-b
63,35000,african-american,high-school,married,employed,chocolate,yes,yes,party-a
53,39000,african-american,high-school,single,employed,vanilla,yes,no,party-b
44,142000,asian,college,married,employed,chocolate,yes,yes,party-b
32,58500,other,not-high-school,single,unemployed,vanilla,no,no,party-b
25,69500,hispanic,graduate-professional,married,employed,chocolate,yes,yes,party-a
78,94000,african-american,high-school,married,unemployed,vanilla,no,no,party-b
18,46500,hispanic,high-school,single,unemployed,vanilla,yes,no,party-a
41,28000,hispanic,college,married,employed,chocolate,yes,no,party-b
41,47000,other,high-school,single,unemployed,vanilla,no,no,party-b
73,39000,other,graduate-professional,single,employed,chocolate,yes,yes,party-a
29,74500,other,high-school,single,employed,vanilla,yes,yes,party-b
52,52500,caucasian,not-high-school,married,employed,chocolate,yes,no,party-b
55,37000,other,graduate-professional,single,unemployed,chocolate,yes,yes,party-b
44,46000,other,college,single,employed,chocolate,no,yes,party-a
69,112500,african-american,graduate-professional,married,unemployed,vanilla,no,no,party-b
61,67000,asian,college,married,employed,chocolate,no,yes,party-a
35,109000,african-american,high-school,married,employed,chocolate,yes,no,party-b
24,31000,other,college,married,employed,chocolate,yes,no,party-a
34,63000,asian,college,married,employed,vanilla,yes,yes,party-a
82,92000,caucasian,college,single,employed,vanilla,no,yes,party-a
42,49500,hispanic,high-school,married,employed,chocolate,yes,no,party-b
80,36500,other,college,married,employed,chocolate,no,yes,party-a
57,136000,hispanic,college,single,employed,chocolate,no,no,party-a
62,133000,caucasian,graduate-professional,single,employed,chocolate,yes,yes,party-b
44,58000,asian,college,single,employed,vanilla,yes,no,party-a
80,59000,asian,high-school,single,unemployed,vanilla,yes,no,party-a
75,41500,caucasian,high-school,married,employed,vanilla,no,no,party-b
45,78000,african-american,high-school,married,employed,vanilla,yes,yes,party-a
45,54500,other,graduate-professional,single,employed,chocolate,yes,no,party-a
81,66500,hispanic,graduate-professional,single,employed,vanilla,no,yes,party-a
74,152500,asian,graduate-professional,married,employed,chocolate,yes,yes,party-a
60,47500,caucasian,high-school,married,employed,chocolate,no,no,party-b
63,101500,asian,not-high-school,married,employed,vanilla,yes,yes,party-a
26,42000,other,college,married,employed,vanilla,yes,no,party-a
27,64500,african-american,college,single,employed,chocolate,yes,no,party-a
65,76500,caucasian,graduate-professional,married,employed,vanilla,yes,no,party-a
44,67000,asian,high-school,married,employed,chocolate,yes,no,party-b
42,42500,african-american,high-school,married,employed,vanilla,yes,no,party-b
41,38000,african-american,not-high-school,single,employed,vanilla,yes,no,party-b
20,109500,african-american,college,single,employed,chocolate,no,no,party-a
28,31000,african-american,college,single,employed,vanilla,no,no,party-a
45,36000,other,high-school,married,employed,chocolate,yes,no,party-b
77,28500,caucasian,graduate-professional,married,employed,vanilla,no,yes,party-a
72,143500,asian,college,married,employed,chocolate,yes,no,party-b
41,66000,african-american,high-school,married,unemployed,vanilla,no,no,party-b
76,43500,hispanic,college,married,unemployed,chocolate,no,yes,party-a
55,60500,african-american,college,married,employed,vanilla,yes,no,party-a
67,32500,caucasian,graduate-professional,married,employed,chocolate,yes,yes,party-a
42,30500,caucasian,graduate-professional,married,unemployed,vanilla,no,no,party-b
24,136000,african-american,college,single,employed,chocolate,yes,no,party-a
37,39000,african-american,high-school,single,employed,chocolate,yes,no,party-a
35,60500,african-american,high-school,married,employed,chocolate,yes,no,party-a
57,59000,hispanic,college,married,employed,vanilla,yes,no,party-a
69,41000,asian,high-school,married,employed,chocolate,yes,no,party-a
49,52500,hispanic,college,single,employed,vanilla,yes,yes,party-b
58,66500,caucasian,college,single,employed,chocolate,yes,no,party-a
71,48500,asian,graduate-professional,married,unemployed,chocolate,yes,yes,party-a
25,72500,other,college,single,employed,vanilla,yes,no,party-a
26,113500,asian,college,married,employed,vanilla,no,no,party-b
73,30500,asian,not-high-school,married,employed,vanilla,yes,yes,party-b
21,35500,caucasian,graduate-professional,single,employed,chocolate,yes,no,party-a
55,82500,african-american,college,single,employed,vanilla,yes,no,party-a
34,49500,asian,high-school,single,employed,chocolate,yes,no,party-b
73,66500,caucasian,high-school,married,unemployed,vanilla,yes,yes,party-a
55,73000,asian,graduate-professional,married,employed,chocolate,yes,yes,party-a
59,48000,hispanic,college,married,employed,chocolate,no,no,party-b
43,83500,african-american,college,single,employed,vanilla,no,yes,party-a
25,16500,hispanic,graduate-professional,single,employed,chocolate,no,no,party-a
65,19000,hispanic,not-high-school,married,unemployed,chocolate,no,no,party-a
70,60500,african-american,graduate-professional,married,unemployed,chocolate,yes,yes,party-a
34,33000,caucasian,college,married,unemployed,chocolate,no,no,party-b
69,18000,african-american,college,married,employed,chocolate,yes,no,party-a
25,91500,hispanic,graduate-professional,single,unemployed,vanilla,yes,no,party-a
67,30500,other,graduate-professional,married,employed,vanilla,yes,yes,party-b
48,58500,asian,high-school,single,employed,chocolate,yes,no,party-a
27,40000,hispanic,graduate-professional,married,employed,vanilla,no,no,party-a
18,42500,african-american,graduate-professional,single,unemployed,chocolate,yes,no,party-a
25,59000,caucasian,college,single,employed,chocolate,no,no,party-a
38,74500,asian,high-school,single,employed,vanilla,yes,no,party-b
70,55500,other,high-school,single,unemployed,vanilla,no,yes,party-a
64,22000,hispanic,high-school,married,employed,chocolate,yes,no,party-b
37,50500,caucasian,graduate-professional,single,employed,chocolate,no,no,party-a
26,60500,asian,high-school,single,employed,vanilla,yes,no,party-a
35,48000,asian,college,married,employed,vanilla,yes,yes,party-a
67,46500,caucasian,high-school,married,unemployed,chocolate,yes,no,party-a
63,72000,asian,high-school,single,employed,vanilla,no,yes,party-b
37,47000,other,high-school,single,employed,vanilla,yes,no,party-a
45,49500,hispanic,college,married,employed,chocolate,yes,no,party-a
29,38500,other,college,single,employed,vanilla,yes,no,party-b
41,69000,african-american,graduate-professional,single,employed,chocolate,no,yes,party-a
45,76500,asian,graduate-professional,single,employed,vanilla,no,yes,party-b
24,89000,other,college,single,employed,vanilla,no,no,party-a
60,111000,caucasian,college,married,employed,chocolate,yes,no,party-b
60,50000,african-american,high-school,single,employed,chocolate,no,no,party-a
53,104000,asian,high-school,single,employed,vanilla,yes,no,party-b
33,60000,asian,college,single,employed,chocolate,no,no,party-a
84,22500,african-american,high-school,married,unemployed,vanilla,yes,no,party-b
42,73500,asian,college,married,employed,chocolate,yes,no,party-a
49,91500,african-american,graduate-professional,married,employed,chocolate,no,no,party-a
19,78000,african-american,graduate-professional,single,employed,chocolate,yes,no,party-a
55,59500,other,graduate-professional,single,unemployed,vanilla,yes,yes,party-b
51,64500,hispanic,high-school,married,employed,chocolate,yes,no,party-b
28,220000,african-american,college,single,employed,vanilla,yes,yes,party-b
19,135000,other,graduate-professional,single,employed,vanilla,yes,yes,party-a
42,46500,caucasian,high-school,single,employed,vanilla,yes,yes,party-b
70,24500,caucasian,not-high-school,married,employed,vanilla,no,yes,party-b
79,27500,asian,graduate-professional,married,unemployed,chocolate,yes,no,party-a
82,16500,caucasian,college,married,unemployed,chocolate,no,yes,party-b
67,28000,caucasian,high-school,married,unemployed,chocolate,no,no,party-b
78,49500,hispanic,college,married,employed,vanilla,yes,yes,party-a
60,21500,other,high-school,single,employed,chocolate,yes,no,party-a
48,53500,other,college,single,employed,vanilla,yes,yes,party-a
73,37000,african-american,high-school,married,employed,vanilla,yes,yes,party-a
78,63500,hispanic,not-high-school,married,unemployed,vanilla,no,yes,party-a
83,35500,other,college,married,employed,vanilla,no,no,party-b
42,37000,hispanic,college,single,employed,chocolate,yes,no,party-b
59,50500,other,graduate-professional,married,employed,vanilla,no,no,party-a
68,69000,african-american,college,married,unemployed,chocolate,no,yes,party-a
48,44500,caucasian,graduate-professional,single,unemployed,vanilla,yes,yes,party-b
63,43000,hispanic,not-high-school,married,employed,chocolate,yes,no,party-b
64,81500,asian,high-school,married,employed,chocolate,yes,yes,party-b
69,28500,asian,not-high-school,married,employed,chocolate,no,no,party-a
82,70000,other,college,single,unemployed,vanilla,yes,yes,party-a
40,30000,asian,high-school,married,employed,chocolate,yes,no,party-b
36,59000,other,college,single,employed,chocolate,yes,yes,party-b
66,149500,other,graduate-professional,single,unemployed,vanilla,no,yes,party-a
62,97500,hispanic,college,single,employed,chocolate,no,no,party-a
82,28500,hispanic,high-school,single,unemployed,vanilla,no,yes,party-a
82,220000,other,graduate-professional,married,employed,vanilla,yes,yes,party-a
19,119500,african-american,graduate-professional,single,employed,vanilla,no,yes,party-b
63,39000,hispanic,high-school,married,employed,chocolate,yes,yes,party-a
34,144500,african-american,graduate-professional,married,employed,vanilla,yes,no,party-a
32,81500,other,graduate-professional,single,employed,chocolate,no,no,party-b
38,97500,other,graduate-professional,married,employed,chocolate,yes,yes,party-a
25,59500,hispanic,high-school,single,employed,vanilla,no,no,party-a
55,31000,other,high-school,married,employed,chocolate,yes,no,party-a
28,52500,asian,college,single,employed,chocolate,yes,yes,party-a
56,41500,hispanic,college,married,employed,vanilla,no,no,party-a
18,49000,caucasian,college,single,unemployed,vanilla,yes,yes,party-a
51,162000,asian,graduate-professional,married,employed,vanilla,no,no,party-b
83,67000,african-american,high-school,married,unemployed,vanilla,yes,no,party-b
36,85500,caucasian,college,married,employed,vanilla,yes,yes,party-b
65,94500,hispanic,college,married,employed,vanilla,no,no,party-a
62,24500,caucasian,high-school,married,employed,vanilla,yes,no,party-b
73,47500,asian,not-high-school,married,unemployed,chocolate,yes,yes,party-a
74,27000,other,high-school,married,unemployed,chocolate,no,no,party-b
36,63000,hispanic,college,married,employed,chocolate,no,no,party-a
35,28000,other,high-school,single,employed,chocolate,yes,yes,party-b
24,25500,african-american,college,single,unemployed,chocolate,yes,no,party-a
67,48000,asian,graduate-professional,married,unemployed,vanilla,yes,yes,party-a
38,35000,hispanic,graduate-professional,single,employed,chocolate,no,no,party-b
33,23000,caucasian,high-school,single,employed,vanilla,yes,yes,party-b
26,36000,other,college,married,employed,chocolate,yes,yes,party-a
74,109000,african-american,college,married,unemployed,chocolate,no,yes,party-b
54,42000,asian,college,married,employed,chocolate,no,no,party-b
61,59500,hispanic,graduate-professional,single,employed,chocolate,no,yes,party-a
66,34500,other,graduate-professional,married,employed,chocolate,yes,yes,party-a
34,38000,other,high-school,single,employed,chocolate,no,yes,party-b
41,52000,asian,high-school,married,employed,chocolate,yes,yes,party-a
72,44500,other,high-school,married,unemployed,chocolate,yes,yes,party-b
33,106500,african-american,college,married,employed,chocolate,no,yes,party-b
77,31000,asian,high-school,married,unemployed,vanilla,yes,no,party-b
57,118500,hispanic,graduate-professional,married,employed,chocolate,yes,no,party-b
75,26500,asian,college,married,unemployed,vanilla,no,no,party-b
70,57000,caucasian,not-high-school,single,unemployed,chocolate,no,yes,party-a
19,37500,asian,graduate-professional,single,unemployed,vanilla,no,no,party-a
79,54500,hispanic,graduate-professional,single,employed,vanilla,no,no,party-a
27,57000,caucasian,graduate-professional,single,employed,chocolate,yes,no,party-a
37,36000,other,high-school,single,employed,chocolate,yes,no,party-b
71,40000,african-american,high-school,married,unemployed,vanilla,yes,yes,party-a
64,100500,african-american,high-school,single,employed,vanilla,no,no,party-a
65,41000,asian,high-school,married,employed,vanilla,no,no,party-a
22,55000,african-american,graduate-professional,single,unemployed,chocolate,yes,no,party-a
34,72500,hispanic,high-school,single,employed,chocolate,yes,yes,party-b
34,60000,african-american,high-school,single,employed,vanilla,no,no,party-a
36,65000,other,college,single,unemployed,chocolate,yes,no,party-b
23,17500,caucasian,not-high-school,married,employed,vanilla,yes,no,party-b
37,30500,caucasian,high-school,single,employed,vanilla,yes,no,party-b
55,33500,other,high-school,single,employed,vanilla,yes,yes,party-b
28,28000,caucasian,graduate-professional,single,unemployed,chocolate,no,no,party-a
69,42000,african-american,high-school,married,unemployed,chocolate,yes,no,party-b
59,70500,caucasian,high-school,single,employed,vanilla,yes,no,party-a
21,92500,caucasian,graduate-professional,single,employed,vanilla,yes,no,party-a
77,22000,asian,high-school,married,unemployed,vanilla,no,yes,party-b
35,59000,african-american,college,single,employed,vanilla,yes,yes,party-b
84,68500,african-american,graduate-professional,married,employed,chocolate,yes,yes,party-a
66,57000,african-american,high-school,single,employed,chocolate,yes,no,party-a
19,23000,african-american,not-high-school,single,employed,vanilla,no,no,party-a
80,21500,other,college,single,unemployed,vanilla,no,no,party-a
70,78000,caucasian,college,married,unemployed,vanilla,yes,yes,party-a
25,30000,african-american,not-high-school,married,employed,chocolate,yes,no,party-b
52,59000,asian,high-school,single,employed,chocolate,no,no,party-a
45,72500,other,high-school,married,employed,chocolate,yes,no,party-a
82,42500,asian,college,married,employed,chocolate,yes,yes,party-a
58,62000,asian,graduate-professional,married,unemployed,vanilla,yes,yes,party-a
76,59000,hispanic,graduate-professional,single,unemployed,chocolate,no,yes,party-a
71,33500,caucasian,high-school,married,unemployed,chocolate,yes,yes,party-a
57,29000,caucasian,not-high-school,married,employed,vanilla,yes,no,party-b
45,29000,other,not-high-school,married,unemployed,vanilla,yes,no,party-b
70,87000,hispanic,high-school,single,unemployed,vanilla,yes,no,party-b
21,30500,african-american,high-school,single,employed,vanilla,yes,yes,party-b
68,76500,asian,graduate-professional,married,unemployed,chocolate,yes,yes,party-a
43,207500,african-american,college,single,employed,vanilla,yes,yes,party-b
47,56000,caucasian,graduate-professional,single,employed,chocolate,yes,no,party-a
65,38000,asian,college,married,employed,chocolate,yes,no,party-b
82,33000,asian,college,married,unemployed,chocolate,yes,no,party-b
72,37000,hispanic,high-school,married,unemployed,chocolate,yes,yes,party-a
30,52000,asian,not-high-school,single,employed,chocolate,yes,no,party-a
58,19000,caucasian,high-school,married,employed,vanilla,yes,no,party-a
40,41000,caucasian,not-high-school,married,employed,chocolate,yes,no,party-b
39,82000,caucasian,high-school,single,employed,vanilla,no,no,party-b
49,49500,caucasian,college,married,unemployed,chocolate,yes,yes,party-a
39,38000,other,college,single,employed,chocolate,yes,no,party-b
56,23500,caucasian,high-school,married,unemployed,vanilla,no,no,party-b
28,61000,other,college,single,unemployed,chocolate,no,no,party-a
68,43000,caucasian,college,married,unemployed,chocolate,no,no,party-a
43,133500,other,high-school,married,employed,vanilla,yes,no,party-b
55,73500,asian,graduate-professional,married,employed,vanilla,yes,no,party-a
21,58500,african-american,college,single,unemployed,vanilla,no,yes,party-a
67,125000,other,college,married,unemployed,chocolate,no,yes,party-b
33,51000,hispanic,college,single,unemployed,vanilla,yes,no,party-a
35,73500,other,graduate-professional,married,employed,vanilla,no,no,party-a
67,76000,african-american,not-high-school,married,employed,chocolate,yes,yes,party-a
78,74000,caucasian,college,married,employed,chocolate,no,yes,party-a
37,34000,hispanic,high-school,married,employed,vanilla,yes,no,party-b
19,24500,hispanic,high-school,married,employed,chocolate,no,no,party-b
34,55000,asian,college,single,unemployed,chocolate,no,no,party-a
18,50000,hispanic,not-high-school,single,unemployed,vanilla,no,yes,party-a
56,31000,african-american,high-school,married,employed,chocolate,yes,no,party-b
35,40000,caucasian,high-school,single,employed,vanilla,no,no,party-b
46,20000,caucasian,not-high-school,married,employed,vanilla,no,yes,party-b
46,37000,other,graduate-professional,married,unemployed,chocolate,yes,yes,party-b
79,58000,other,college,married,unemployed,chocolate,yes,yes,party-a
76,77500,other,college,married,employed,vanilla,no,yes,party-a
63,36000,caucasian,high-school,married,employed,chocolate,yes,yes,party-a
42,33500,african-american,graduate-professional,single,employed,vanilla,no,no,party-b
28,68000,asian,high-school,married,unemployed,chocolate,yes,no,party-a
63,41000,asian,graduate-professional,married,employed,chocolate,yes,no,party-b
50,65000,asian,graduate-professional,married,unemployed,chocolate,no,no,party-b
59,78500,other,not-high-school,married,employed,vanilla,no,no,party-a
33,53500,african-american,college,single,employed,vanilla,yes,no,party-a
49,84500,african-american,high-school,single,unemployed,vanilla,yes,yes,party-b
76,90000,asian,high-school,married,unemployed,vanilla,yes,no,party-b
76,18500,african-american,not-high-school,married,unemployed,chocolate,no,yes,party-b
51,66500,other,college,single,employed,chocolate,yes,yes,party-b
53,41000,other,high-school,single,unemployed,chocolate,no,yes,party-b
67,52000,african-american,college,married,unemployed,chocolate,yes,no,party-a
42,55000,other,graduate-professional,single,employed,chocolate,no,yes,party-b
19,121000,caucasian,college,married,employed,chocolate,no,no,party-a
41,41500,other,high-school,single,unemployed,chocolate,no,no,party-b
76,147500,caucasian,college,married,employed,chocolate,yes,yes,party-a
81,95000,hispanic,high-school,married,employed,vanilla,no,yes,party-a
20,46000,caucasian,college,single,employed,vanilla,no,no,party-a
49,43500,caucasian,high-school,single,employed,vanilla,no,yes,party-b
27,66000,caucasian,high-school,single,employed,vanilla,no,no,party-a
39,65000,asian,high-school,single,employed,vanilla,yes,yes,party-b
67,35000,asian,college,single,unemployed,vanilla,yes,no,party-b
18,34000,hispanic,high-school,single,unemployed,vanilla,no,no,party-a
37,38000,hispanic,college,married,employed,chocolate,yes,yes,party-b
34,204500,caucasian,graduate-professional,single,employed,chocolate,yes,no,party-b
54,65500,african-american,college,single,employed,chocolate,yes,yes,party-b
42,173500,hispanic,college,married,employed,vanilla,no,yes,party-b
33,80500,caucasian,graduate-professional,married,unemployed,chocolate,yes,yes,party-b
38,61500,asian,high-school,married,employed,vanilla,no,yes,party-b
25,50000,african-american,graduate-professional,married,employed,vanilla,yes,no,party-a
76,18000,african-american,high-school,married,employed,vanilla,yes,no,party-b
66,48500,hispanic,graduate-professional,married,employed,vanilla,yes,no,party-a
26,28500,other,college,single,employed,vanilla,yes,no,party-a
45,52500,african-american,high-school,married,employed,vanilla,yes,no,party-b
60,35000,caucasian,graduate-professional,married,employed,vanilla,yes,no,party-b
45,86000,asian,graduate-professional,married,employed,chocolate,yes,yes,party-a
50,43000,african-american,high-school,single,employed,vanilla,no,no,party-b
70,133500,hispanic,college,married,unemployed,vanilla,no,yes,party-a
74,51000,caucasian,high-school,married,unemployed,vanilla,yes,no,party-a
77,36500,other,high-school,married,employed,vanilla,yes,no,party-a
74,74000,hispanic,college,married,unemployed,vanilla,yes,yes,party-a
30,20000,other,high-school,married,employed,chocolate,yes,no,party-b
26,69000,hispanic,high-school,single,employed,vanilla,no,no,party-a
79,21000,caucasian,high-school,married,unemployed,vanilla,no,no,party-a
68,55000,african-american,high-school,married,employed,chocolate,no,yes,party-a
22,76500,caucasian,college,single,employed,vanilla,yes,no,party-a
39,90000,other,college,single,employed,vanilla,no,no,party-a
25,79000,african-american,college,married,employed,chocolate,yes,no,party-b
23,35500,caucasian,high-school,single,employed,chocolate,yes,no,party-b
78,162000,hispanic,college,married,unemployed,vanilla,yes,yes,party-b
45,143000,other,college,married,employed,chocolate,yes,yes,party-b
59,78500,african-american,high-school,single,employed,chocolate,no,yes,party-b
79,84500,hispanic,college,married,employed,vanilla,yes,yes,party-a
62,94500,asian,college,married,employed,chocolate,no,no,party-b
76,73500,asian,college,single,unemployed,vanilla,no,yes,party-b
28,41500,caucasian,high-school,married,employed,vanilla,no,no,party-b
72,76000,asian,high-school,married,unemployed,chocolate,yes,yes,party-a
40,40000,caucasian,college,single,unemployed,chocolate,yes,no,party-b
20,95000,asian,high-school,single,employed,vanilla,yes,no,party-a
77,26500,other,college,married,employed,vanilla,no,yes,party-a
68,112500,caucasian,college,married,unemployed,chocolate,yes,yes,party-a
40,100500,asian,graduate-professional,married,unemployed,vanilla,yes,no,party-b
66,55000,other,college,married,employed,chocolate,yes,yes,party-a
49,65500,hispanic,graduate-professional,single,employed,vanilla,no,no,party-a
83,60000,hispanic,college,married,unemployed,vanilla,yes,yes,party-a
80,80000,other,graduate-professional,married,unemployed,chocolate,yes,yes,party-a
35,40000,caucasian,college,married,employed,chocolate,no,yes,party-b
76,99000,hispanic,college,married,unemployed,chocolate,no,yes,party-a
49,50500,asian,high-school,married,employed,vanilla,yes,no,party-b
34,90000,asian,college,married,employed,vanilla,yes,no,party-b
64,80000,hispanic,college,married,employed,vanilla,yes,no,party-b
38,57500,caucasian,graduate-professional,married,employed,chocolate,yes,yes,party-a
46,39500,asian,college,married,employed,vanilla,no,no,party-b
70,148000,asian,graduate-professional,married,unemployed,vanilla,no,yes,party-a
34,33500,caucasian,graduate-professional,married,employed,chocolate,no,no,party-b
39,61500,hispanic,college,single,employed,chocolate,yes,no,party-a
56,15000,hispanic,not-high-school,single,employed,chocolate,yes,yes,party-b
20,86000,african-american,graduate-professional,single,employed,chocolate,yes,yes,party-a
22,32000,asian,college,single,employed,chocolate,no,no,party-a
81,66000,asian,high-school,married,unemployed,chocolate,no,yes,party-a
54,23000,african-american,college,married,employed,vanilla,yes,yes,party-b
72,151000,caucasian,college,married,unemployed,vanilla,no,yes,party-a
31,37000,caucasian,graduate-professional,single,employed,vanilla,yes,no,party-b
35,53000,african-american,college,married,employed,vanilla,no,yes,party-a
53,49000,other,high-school,married,employed,chocolate,no,no,party-b
19,49000,asian,high-school,single,employed,vanilla,no,yes,party-b
56,22500,other,college,married,employed,vanilla,no,no,party-b
59,53000,hispanic,graduate-professional,married,employed,chocolate,yes,yes,party-a
80,129000,other,college,single,unemployed,chocolate,yes,yes,party-b
65,112500,caucasian,college,married,employed,chocolate,yes,yes,party-a
42,43500,caucasian,high-school,single,employed,chocolate,no,no,party-b
78,137500,caucasian,college,married,employed,vanilla,yes,yes,party-a
26,22500,asian,not-high-school,single,employed,vanilla,yes,no,party-a
44,105500,asian,college,single,employed,chocolate,no,no,party-b
54,73000,asian,college,married,employed,chocolate,yes,yes,party-a
52,120000,other,graduate-professional,married,employed,chocolate,yes,yes,party-a
62,111500,african-american,graduate-professional,married,employed,vanilla,yes,no,party-a
71,51500,hispanic,not-high-school,married,unemployed,vanilla,yes,yes,party-a
18,100000,african-american,graduate-professional,single,employed,vanilla,yes,no,party-a
56,34000,african-american,high-school,single,employed,vanilla,no,yes,party-b
53,42500,caucasian,high-school,single,employed,vanilla,yes,no,party-a
37,69500,asian,graduate-professional,single,employed,vanilla,yes,yes,party-b
66,52000,hispanic,graduate-professional,single,employed,vanilla,no,yes,party-a
64,122500,asian,graduate-professional,married,employed,chocolate,no,yes,party-b
60,23500,hispanic,high-school,married,employed,chocolate,yes,no,party-b
76,31000,other,high-school,married,unemployed,vanilla,no,no,party-b
76,57500,asian,college,married,unemployed,vanilla,yes,yes,party-a
49,90000,caucasian,college,married,employed,chocolate,yes,no,party-a
78,58000,other,graduate-professional,married,unemployed,chocolate,yes,no,party-a
54,28000,asian,high-school,married,employed,vanilla,yes,no,party-b
61,112500,asian,high-school,married,employed,chocolate,yes,yes,party-a
46,71500,hispanic,graduate-professional,single,unemployed,vanilla,yes,no,party-b
19,48500,caucasian,high-school,single,employed,chocolate,yes,yes,party-a
72,100000,asian,graduate-professional,single,employed,vanilla,yes,yes,party-a
79,52500,hispanic,high-school,married,unemployed,chocolate,no,no,party-a
25,36500,other,college,single,employed,vanilla,yes,no,party-a
27,24000,other,not-high-school,single,employed,chocolate,yes,no,party-b
55,79500,asian,not-high-school,single,employed,vanilla,yes,no,party-b
33,25000,african-american,graduate-professional,single,employed,vanilla,yes,yes,party-a
81,50500,caucasian,high-school,married,unemployed,vanilla,yes,yes,party-a
39,55000,hispanic,graduate-professional,single,employed,chocolate,no,yes,party-a
84,29000,asian,not-high-school,single,unemployed,vanilla,yes,no,party-b
43,104000,hispanic,college,single,unemployed,vanilla,yes,no,party-a
56,44500,african-american,college,single,employed,vanilla,yes,no,party-a
43,97000,hispanic,graduate-professional,married,employed,chocolate,yes,no,party-b
38,62500,african-american,college,single,employed,vanilla,no,no,party-a
83,50500,african-american,high-school,married,employed,chocolate,no,yes,party-a
31,52000,asian,high-school,single,employed,vanilla,no,no,party-a
39,18000,hispanic,college,married,employed,vanilla,no,no,party-b
31,62500,african-american,college,married,unemployed,chocolate,yes,no,party-b
51,35000,other,not-high-school,married,unemployed,chocolate,no,yes,party-b
67,23000,hispanic,high-school,married,unemployed,vanilla,yes,yes,party-a
47,66500,hispanic,graduate-professional,single,employed,chocolate,yes,no,party-a
50,47500,caucasian,college,single,employed,chocolate,yes,no,party-a
68,44000,hispanic,college,married,unemployed,vanilla,yes,yes,party-a
57,129500,african-american,graduate-professional,married,employed,vanilla,yes,yes,party-a
36,63000,caucasian,college,married,employed,chocolate,no,no,party-b
77,34000,caucasian,college,married,unemployed,chocolate,yes,no,party-a
31,132000,caucasian,high-school,single,employed,chocolate,yes,no,party-b
56,22000,african-american,high-school,married,employed,chocolate,no,no,party-b
20,21000,hispanic,not-high-school,married,employed,chocolate,yes,no,party-b
26,39000,hispanic,college,single,employed,vanilla,no,no,party-a
61,65500,asian,not-high-school,single,employed,vanilla,no,no,party-b
72,61500,caucasian,college,married,unemployed,vanilla,no,no,party-a
21,20000,african-american,high-school,single,employed,vanilla,no,no,party-a
53,41500,hispanic,not-high-school,married,employed,vanilla,no,no,party-b
37,46000,african-american,college,single,employed,vanilla,yes,no,party-b
72,51500,asian,graduate-professional,married,employed,vanilla,yes,yes,party-a
52,47000,hispanic,high-school,single,employed,chocolate,no,no,party-a
66,78000,african-american,college,married,employed,chocolate,yes,yes,party-a
74,24000,caucasian,high-school,married,employed,vanilla,yes,no,party-a
59,30500,caucasian,high-school,married,employed,vanilla,yes,no,party-b
82,61000,hispanic,college,single,employed,vanilla,no,yes,party-b
27,33000,caucasian,graduate-professional,single,employed,vanilla,yes,no,party-b
59,34500,asian,high-school,single,employed,vanilla,yes,yes,party-b
73,25500,other,not-high-school,married,employed,vanilla,yes,yes,party-a
41,53500,other,high-school,single,employed,chocolate,yes,no,party-a
76,125000,african-american,college,married,unemployed,vanilla,yes,yes,party-b
29,97500,asian,high-school,single,employed,vanilla,yes,yes,party-a
19,20000,other,high-school,single,unemployed,vanilla,yes,no,party-a
46,78500,asian,college,single,employed,vanilla,no,yes,party-a
22,38000,other,high-school,married,employed,vanilla,no,no,party-a
28,26500,caucasian,high-school,single,employed,vanilla,yes,no,party-a
62,47500,hispanic,high-school,married,employed,chocolate,yes,no,party-b
70,20000,african-american,high-school,married,unemployed,chocolate,yes,no,party-b
48,53500,asian,high-school,married,unemployed,vanilla,yes,yes,party-b
84,76000,other,high-school,married,unemployed,vanilla,no,yes,party-a
26,138500,african-american,college,married,employed,vanilla,no,no,party-b
34,48500,other,college,single,employed,vanilla,yes,no,party-a
69,34000,other,high-school,married,unemployed,vanilla,no,yes,party-b
72,37500,hispanic,college,married,employed,vanilla,yes,no,party-a
69,49500,african-american,high-school,married,unemployed,chocolate,no,yes,party-a
76,162000,hispanic,high-school,married,employed,vanilla,yes,yes,party-a
75,28500,caucasian,graduate-professional,married,unemployed,vanilla,yes,yes,party-a
34,69500,other,high-school,married,unemployed,vanilla,yes,no,party-b
60,24000,african-american,not-high-school,married,employed,vanilla,no,no,party-b
72,120500,other,high-school,married,employed,vanilla,yes,yes,party-a
63,30000,other,high-school,married,unemployed,chocolate,yes,no,party-b
33,49000,hispanic,graduate-professional,single,employed,vanilla,yes,no,party-a
76,40000,hispanic,not-high-school,married,unemployed,vanilla,yes,yes,party-b
58,41500,african-american,college,single,employed,chocolate,no,no,party-a
61,50500,other,graduate-professional,single,unemployed,chocolate,yes,yes,party-a
46,171500,hispanic,college,single,employed,vanilla,no,yes,party-b
53,58000,other,college,married,unemployed,vanilla,yes,yes,party-b
32,43500,african-american,college,single,employed,vanilla,no,no,party-a
79,16000,asian,not-high-school,married,unemployed,vanilla,no,yes,party-a
60,63500,caucasian,college,married,employed,chocolate,no,yes,party-a
59,34500,asian,high-school,single,employed,vanilla,no,yes,party-b
33,36500,other,high-school,single,employed,vanilla,yes,no,party-b
28,32500,other,not-high-school,single,unemployed,chocolate,no,no,party-a
78,66500,other,high-school,single,employed,chocolate,yes,yes,party-b
69,34000,african-american,high-school,married,unemployed,chocolate,yes,no,party-b
73,33500,hispanic,college,married,unemployed,vanilla,yes,yes,party-a
26,63500,african-american,college,married,employed,chocolate,yes,no,party-a
32,63500,caucasian,graduate-professional,married,employed,chocolate,no,yes,party-b
75,34500,caucasian,high-school,married,unemployed,vanilla,yes,no,party-b
72,156500,other,graduate-professional,married,unemployed,vanilla,no,yes,party-a
71,31500,african-american,high-school,married,unemployed,vanilla,yes,yes,party-a
51,66500,asian,graduate-professional,married,employed,chocolate,yes,no,party-a
52,65000,caucasian,graduate-professional,married,employed,vanilla,yes,no,party-a
67,76000,caucasian,graduate-professional,married,unemployed,chocolate,no,no,party-a
56,89000,caucasian,graduate-professional,married,employed,chocolate,yes,no,party-a
28,52500,caucasian,high-school,married,employed,vanilla,no,no,party-b
56,181500,hispanic,high-school,married,employed,vanilla,yes,yes,party-a
82,26000,other,college,single,employed,chocolate,yes,no,party-a
24,74500,caucasian,graduate-professional,single,employed,chocolate,yes,no,party-a
61,94000,asian,high-school,single,unemployed,chocolate,yes,yes,party-a
50,32500,other,high-school,single,employed,chocolate,yes,yes,party-b
68,35500,other,graduate-professional,married,employed,chocolate,yes,no,party-b
80,64000,african-american,high-school,married,unemployed,vanilla,yes,no,party-a
27,28000,caucasian,high-school,single,unemployed,vanilla,no,yes,party-b
42,54000,caucasian,graduate-professional,married,employed,vanilla,yes,no,party-b
61,22000,other,high-school,single,employed,vanilla,yes,yes,party-b
21,35500,asian,college,married,unemployed,vanilla,no,yes,party-b
49,28500,caucasian,high-school,married,employed,vanilla,yes,yes,party-b
31,27500,other,college,single,employed,chocolate,no,yes,party-b
69,23500,caucasian,high-school,married,employed,chocolate,no,no,party-a
27,35000,hispanic,graduate-professional,married,employed,chocolate,no,no,party-b
75,39500,caucasian,high-school,married,unemployed,chocolate,no,yes,party-b
55,37500,african-american,not-high-school,single,employed,chocolate,yes,no,party-b
65,109000,asian,college,married,employed,vanilla,yes,yes,party-b
75,73000,caucasian,not-high-school,married,unemployed,chocolate,yes,no,party-a
65,29500,other,high-school,married,employed,vanilla,no,no,party-b
30,22000,hispanic,high-school,single,employed,vanilla,yes,no,party-b
70,107000,caucasian,college,married,unemployed,vanilla,no,no,party-b
58,39500,asian,high-school,married,employed,vanilla,yes,yes,party-b
48,35000,asian,not-high-school,married,employed,chocolate,yes,no,party-b
79,43000,other,college,married,unemployed,vanilla,yes,yes,party-a
33,55500,other,college,married,employed,vanilla,no,no,party-b
39,82000,caucasian,graduate-professional,single,employed,vanilla,yes,yes,party-a
60,96500,african-american,graduate-professional,single,employed,chocolate,no,yes,party-a
68,60500,caucasian,not-high-school,married,unemployed,vanilla,yes,no,party-b
74,114000,african-american,college,single,unemployed,vanilla,no,no,party-a
30,44000,african-american,high-school,married,employed,chocolate,yes,no,party-b
42,41000,caucasian,college,single,employed,vanilla,no,yes,party-b
79,76000,asian,college,single,unemployed,chocolate,yes,yes,party-a
22,36500,african-american,high-school,married,employed,vanilla,no,no,party-a
79,191500,caucasian,graduate-professional,married,employed,chocolate,yes,yes,party-a
54,62500,asian,high-school,married,employed,chocolate,no,yes,party-a
52,105000,asian,not-high-school,married,employed,chocolate,no,yes,party-b
41,42000,hispanic,not-high-school,married,employed,vanilla,no,yes,party-a
78,72000,other,graduate-professional,married,unemployed,vanilla,no,yes,party-a
41,51500,african-american,graduate-professional,single,unemployed,vanilla,no,yes,party-b
39,42000,other,college,single,employed,vanilla,yes,yes,party-a
77,47500,hispanic,high-school,married,unemployed,vanilla,yes,yes,party-a
62,91000,other,college,married,employed,chocolate,no,no,party-a
26,42000,african-american,college,single,employed,chocolate,yes,yes,party-a
22,54000,african-american,high-school,single,unemployed,chocolate,yes,no,party-a
34,84000,hispanic,graduate-professional,single,employed,vanilla,yes,no,party-a
59,97000,african-american,graduate-professional,married,unemployed,vanilla,no,yes,party-a
62,20000,other,college,married,employed,chocolate,no,no,party-b
81,61500,caucasian,college,married,unemployed,vanilla,no,yes,party-a
21,74000,asian,college,married,employed,chocolate,yes,no,party-a
49,52500,hispanic,graduate-professional,married,employed,chocolate,yes,yes,party-a
70,159500,caucasian,college,married,unemployed,chocolate,no,yes,party-a
39,25500,hispanic,college,single,employed,vanilla,yes,no,party-b
60,124500,other,college,single,employed,vanilla,yes,no,party-b
37,35000,other,not-high-school,single,employed,vanilla,yes,no,party-b
59,42500,caucasian,graduate-professional,married,employed,vanilla,yes,no,party-a
57,65000,caucasian,college,married,unemployed,chocolate,yes,no,party-a
68,110500,hispanic,high-school,married,unemployed,vanilla,yes,yes,party-a
22,150000,african-american,high-school,single,unemployed,vanilla,yes,no,party-a
77,23000,other,graduate-professional,married,unemployed,chocolate,no,no,party-a
77,66000,caucasian,high-school,married,unemployed,chocolate,yes,yes,party-a
20,59500,hispanic,graduate-professional,single,employed,vanilla,yes,no,party-a
23,30500,african-american,high-school,single,employed,chocolate,yes,yes,party-b
35,36000,african-american,high-school,single,employed,chocolate,yes,no,party-a
23,41000,african-american,college,single,employed,chocolate,yes,no,party-a
75,82500,hispanic,graduate-professional,married,unemployed,chocolate,yes,no,party-a
65,133500,other,college,single,employed,vanilla,yes,yes,party-b
42,53500,caucasian,high-school,single,employed,chocolate,no,no,party-a
51,44500,other,graduate-professional,single,employed,chocolate,no,no,party-a
50,30500,other,high-school,married,employed,chocolate,no,no,party-b
48,41500,african-american,high-school,single,unemployed,vanilla,yes,no,party-b
28,28000,african-american,college,single,employed,vanilla,no,no,party-a
44,71500,other,graduate-professional,single,employed,chocolate,yes,no,party-a
35,60500,caucasian,graduate-professional,single,employed,vanilla,yes,no,party-a
67,54500,asian,graduate-professional,married,employed,vanilla,no,yes,party-a
59,20000,african-american,college,single,employed,vanilla,yes,no,party-a
76,63000,caucasian,graduate-professional,single,unemployed,chocolate,yes,yes,party-b
70,93500,asian,high-school,single,unemployed,vanilla,no,yes,party-a
70,100000,hispanic,college,married,unemployed,chocolate,no,no,party-a
84,55500,asian,graduate-professional,single,unemployed,vanilla,yes,yes,party-b
40,25000,hispanic,high-school,married,employed,vanilla,no,no,party-b
76,31000,african-american,high-school,married,unemployed,vanilla,yes,no,party-b
43,30000,asian,college,married,employed,chocolate,yes,no,party-b
40,40500,asian,college,married,employed,chocolate,no,no,party-b
53,45000,caucasian,graduate-professional,married,employed,chocolate,yes,no,party-a
57,91500,asian,college,married,employed,vanilla,yes,yes,party-a
19,21500,caucasian,high-school,single,employed,chocolate,yes,yes,party-a
26,21000,african-american,high-school,married,employed,vanilla,no,no,party-b
42,80000,african-american,high-school,married,employed,vanilla,yes,no,party-b
43,33500,hispanic,college,single,employed,chocolate,no,no,party-a
38,82500,african-american,college,single,unemployed,chocolate,no,yes,party-b
77,122000,african-american,high-school,married,employed,chocolate,no,no,party-a
49,28000,asian,college,married,employed,vanilla,yes,no,party-b
41,116500,caucasian,graduate-professional,single,employed,chocolate,no,no,party-b
20,99000,asian,high-school,married,unemployed,chocolate,no,yes,party-a
56,53500,asian,college,single,employed,chocolate,no,no,party-a
70,36000,caucasian,college,single,employed,vanilla,yes,no,party-a
20,116000,other,graduate-professional,single,employed,vanilla,yes,no,party-a
75,126000,asian,high-school,married,unemployed,chocolate,no,yes,party-a
33,45000,other,college,single,employed,chocolate,yes,no,party-a
77,44500,caucasian,high-school,married,employed,chocolate,yes,yes,party-a
43,81000,other,high-school,married,employed,chocolate,yes,no,party-b
82,61500,other,high-school,married,unemployed,chocolate,no,yes,party-a
60,65500,hispanic,high-school,married,employed,vanilla,yes,no,party-a
21,55000,african-american,graduate-professional,married,employed,vanilla,no,no,party-a
32,40000,caucasian,college,single,unemployed,chocolate,yes,no,party-b
49,40000,hispanic,college,married,employed,vanilla,no,no,party-a
74,56000,other,high-school,married,unemployed,vanilla,yes,yes,party-b
72,55500,african-american,college,married,employed,vanilla,no,no,party-a
33,90000,asian,graduate-professional,single,employed,chocolate,yes,no,party-a
52,53000,african-american,high-school,single,unemployed,chocolate,yes,no,party-b
65,80000,asian,high-school,married,employed,vanilla,yes,yes,party-a
83,30000,caucasian,college,married,unemployed,vanilla,no,yes,party-a
76,47500,african-american,college,married,unemployed,chocolate,no,no,party-a
62,70500,other,high-school,married,employed,chocolate,no,no,party-a
37,72000,other,college,married,employed,chocolate,no,no,party-a
71,70000,other,college,married,employed,chocolate,yes,yes,party-a
70,15000,caucasian,high-school,married,unemployed,chocolate,no,yes,party-a
42,86500,asian,college,married,employed,vanilla,yes,yes,party-a
35,41000,asian,high-school,married,employed,chocolate,yes,no,party-b
20,30500,other,college,single,employed,vanilla,yes,no,party-a
18,91500,caucasian,graduate-professional,married,employed,vanilla,yes,no,party-b
54,50500,asian,high-school,single,employed,vanilla,yes,yes,party-a
57,123500,other,graduate-professional,single,employed,chocolate,yes,yes,party-b
28,47000,caucasian,graduate-professional,married,employed,vanilla,no,no,party-a
63,60500,asian,graduate-professional,married,employed,chocolate,no,yes,party-a
54,63000,hispanic,college,single,employed,vanilla,no,no,party-a
71,47000,asian,college,married,employed,chocolate,no,no,party-a
84,112000,african-american,college,married,unemployed,chocolate,no,no,party-b
41,153000,hispanic,graduate-professional,single,employed,vanilla,yes,yes,party-a
26,64000,african-american,college,single,employed,vanilla,no,no,party-a
26,68500,caucasian,college,single,unemployed,chocolate,yes,no,party-a
34,54500,asian,not-high-school,single,employed,vanilla,no,no,party-a
23,30000,hispanic,graduate-professional,single,employed,vanilla,no,no,party-a
62,21500,asian,graduate-professional,single,unemployed,vanilla,yes,no,party-a
52,38500,other,college,married,employed,chocolate,yes,no,party-b
25,55500,asian,college,single,employed,chocolate,no,no,party-a
23,63500,hispanic,not-high-school,single,employed,vanilla,yes,no,party-b
83,85000,african-american,college,married,unemployed,chocolate,no,yes,party-a
74,28000,other,high-school,married,unemployed,chocolate,no,no,party-a
38,127500,asian,graduate-professional,married,employed,vanilla,no,yes,party-b
64,98500,african-american,college,married,employed,vanilla,no,yes,party-a
84,57500,hispanic,high-school,married,unemployed,vanilla,yes,yes,party-a
84,78000,caucasian,graduate-professional,married,unemployed,vanilla,yes,yes,party-a
49,39000,asian,not-high-school,married,employed,chocolate,yes,no,party-b
61,47000,caucasian,high-school,single,employed,vanilla,yes,no,party-a
46,42500,asian,college,single,employed,vanilla,yes,no,party-a
77,51000,asian,high-school,single,unemployed,chocolate,no,no,party-a
77,154000,other,graduate-professional,married,unemployed,vanilla,yes,yes,party-a
84,77500,other,graduate-professional,married,employed,vanilla,no,yes,party-a
84,29000,asian,not-high-school,married,employed,vanilla,yes,yes,party-b
20,87000,other,college,single,employed,vanilla,no,no,party-a
29,47500,other,not-high-school,single,unemployed,chocolate,no,no,party-b
38,19000,african-american,high-school,single,employed,vanilla,no,no,party-b
45,83000,asian,college,married,employed,chocolate,no,no,party-b
45,73000,african-american,graduate-professional,single,employed,vanilla,yes,no,party-a
77,20000,other,not-high-school,single,employed,vanilla,no,yes,party-b
53,59000,hispanic,college,married,employed,vanilla,no,yes,party-b
69,15000,asian,not-high-school,married,unemployed,chocolate,yes,no,party-a
21,30500,african-american,graduate-professional,single,employed,chocolate,yes,yes,party-a
57,46500,african-american,not-high-school,married,employed,vanilla,no,no,party-b
55,67500,caucasian,not-high-school,married,employed,chocolate,no,yes,party-a
64,66000,hispanic,not-high-school,single,employed,vanilla,no,no,party-a
62,96000,other,graduate-professional,single,employed,vanilla,yes,yes,party-a
52,35500,asian,college,married,unemployed,chocolate,yes,no,party-b
66,59000,african-american,high-school,married,employed,chocolate,no,yes,party-a
23,43500,hispanic,college,single,employed,vanilla,no,yes,party-a
71,85500,asian,graduate-professional,married,unemployed,chocolate,yes,yes,party-a
38,52000,hispanic,college,married,employed,vanilla,yes,no,party-b
43,46000,caucasian,college,married,employed,chocolate,no,no,party-b
83,68500,asian,graduate-professional,married,employed,vanilla,no,yes,party-a
84,34000,hispanic,college,married,unemployed,chocolate,yes,no,party-b
36,63000,asian,graduate-professional,single,employed,chocolate,no,yes,party-a
18,46500,hispanic,not-high-school,single,unemployed,vanilla,no,no,party-b
38,42000,caucasian,college,married,employed,chocolate,no,no,party-b
39,74000,other,high-school,married,employed,chocolate,yes,yes,party-a
28,72500,caucasian,graduate-professional,single,unemployed,chocolate,no,no,party-a
84,51500,asian,college,married,unemployed,vanilla,yes,yes,party-a
57,92000,asian,high-school,married,unemployed,chocolate,no,no,party-b
57,82500,other,graduate-professional,married,unemployed,vanilla,yes,yes,party-a
52,39000,caucasian,high-school,married,employed,vanilla,yes,no,party-b
48,75500,asian,graduate-professional,married,employed,vanilla,no,no,party-b
61,73000,hispanic,high-school,married,employed,vanilla,yes,no,party-b
64,32500,hispanic,college,married,employed,vanilla,no,no,party-b
68,40000,caucasian,college,married,employed,chocolate,no,no,party-b
76,59000,african-american,college,married,employed,chocolate,yes,yes,party-a
69,117000,other,high-school,married,employed,chocolate,yes,yes,party-a
20,26500,african-american,high-school,single,employed,chocolate,yes,yes,party-b
54,50500,asian,not-high-school,married,employed,chocolate,yes,no,party-b
53,15000,other,not-high-school,single,employed,chocolate,no,no,party-b
62,39000,hispanic,college,single,employed,vanilla,yes,no,party-b
39,133000,hispanic,high-school,single,employed,vanilla,no,yes,party-b
81,128000,hispanic,college,single,unemployed,chocolate,yes,no,party-b
73,92000,african-american,graduate-professional,single,unemployed,vanilla,yes,no,party-a
55,49000,african-american,high-school,married,employed,chocolate,no,yes,party-a
18,84500,caucasian,not-high-school,single,employed,vanilla,no,no,party-a
70,62500,asian,college,married,unemployed,chocolate,no,yes,party-a
39,52000,african-american,high-school,single,employed,chocolate,no,yes,party-b
79,79500,asian,graduate-professional,married,employed,vanilla,no,yes,party-a
80,53500,asian,graduate-professional,married,employed,vanilla,yes,no,party-a
18,73500,caucasian,college,single,employed,vanilla,yes,no,party-a
33,132500,hispanic,graduate-professional,single,employed,chocolate,yes,yes,party-b
76,20000,african-american,high-school,single,unemployed,chocolate,no,yes,party-b
63,24000,caucasian,high-school,married,employed,vanilla,yes,no,party-a
67,84000,african-american,graduate-professional,single,unemployed,vanilla,no,yes,party-a
73,85500,african-american,college,single,employed,vanilla,no,yes,party-a
20,109500,other,college,single,employed,vanilla,yes,no,party-a
46,90500,asian,graduate-professional,married,unemployed,chocolate,yes,no,party-a
29,19500,caucasian,not-high-school,single,employed,chocolate,yes,no,party-a
24,17000,african-american,high-school,married,employed,vanilla,no,no,party-a
23,80000,african-american,graduate-professional,married,employed,vanilla,no,no,party-a
21,46000,african-american,not-high-school,married,employed,vanilla,no,no,party-a
44,26500,african-american,college,married,employed,chocolate,no,no,party-b
75,81500,african-american,high-school,married,employed,vanilla,yes,yes,party-a
21,100000,asian,high-school,single,unemployed,vanilla,no,no,party-a
44,92000,asian,college,married,unemployed,vanilla,yes,no,party-b
20,133000,asian,graduate-professional,single,unemployed,chocolate,yes,no,party-a
42,41000,african-american,college,married,employed,chocolate,no,yes,party-b
65,44000,caucasian,high-school,married,employed,vanilla,no,no,party-b
63,40500,caucasian,college,single,unemployed,vanilla,yes,yes,party-b
21,48000,african-american,college,single,unemployed,vanilla,no,no,party-a
67,29000,caucasian,high-school,married,unemployed,vanilla,yes,yes,party-b
82,93500,hispanic,college,single,unemployed,vanilla,yes,no,party-a
59,109000,asian,college,single,employed,chocolate,yes,yes,party-b
53,87500,african-american,graduate-professional,married,unemployed,chocolate,yes,yes,party-a
70,61000,hispanic,high-school,married,unemployed,chocolate,yes,yes,party-a
74,53500,caucasian,not-high-school,married,unemployed,vanilla,yes,yes,party-a
53,33500,other,college,married,unemployed,chocolate,no,no,party-b
59,72500,asian,high-school,single,employed,chocolate,no,no,party-b
68,51500,hispanic,not-high-school,married,employed,chocolate,no,no,party-a
18,20500,asian,high-school,married,employed,vanilla,no,no,party-a
66,95000,african-american,graduate-professional,married,employed,vanilla,yes,no,party-a
64,71000,asian,graduate-professional,single,employed,chocolate,yes,yes,party-b
82,64000,caucasian,college,married,unemployed,vanilla,yes,yes,party-a
23,54500,asian,high-school,single,employed,vanilla,no,no,party-a
35,33000,other,college,married,employed,chocolate,yes,no,party-b
82,48000,other,graduate-professional,married,unemployed,chocolate,no,yes,party-a
56,104500,other,college,married,unemployed,chocolate,yes,no,party-a
75,85500,caucasian,college,single,employed,vanilla,yes,yes,party-b
73,47000,hispanic,not-high-school,married,unemployed,vanilla,yes,yes,party-a
69,82000,other,college,married,employed,vanilla,yes,no,party-a
46,68000,asian,graduate-professional,single,unemployed,chocolate,yes,no,party-b
31,81500,caucasian,college,married,employed,vanilla,no,yes,party-a
55,55000,asian,high-school,single,employed,chocolate,yes,yes,party-b
42,25000,caucasian,high-school,married,employed,vanilla,yes,yes,party-b
24,56000,asian,college,single,employed,vanilla,no,no,party-a
47,18500,caucasian,college,married,employed,vanilla,yes,no,party-b
55,84500,caucasian,high-school,married,employed,chocolate,yes,yes,party-a
21,220000,hispanic,graduate-professional,single,employed,chocolate,no,yes,party-b
70,141500,other,graduate-professional,single,unemployed,chocolate,yes,yes,party-a
31,24500,hispanic,college,single,employed,vanilla,yes,no,party-a
57,32000,african-american,high-school,married,employed,chocolate,yes,no,party-b
77,37500,other,high-school,single,employed,chocolate,no,no,party-a
29,109000,asian,graduate-professional,single,employed,chocolate,no,yes,party-a
31,58500,hispanic,college,single,employed,chocolate,yes,no,party-a
56,21500,asian,college,single,employed,vanilla,no,yes,party-a
41,88500,african-american,high-school,single,employed,vanilla,yes,yes,party-a
23,34500,other,high-school,single,unemployed,vanilla,yes,no,party-a
77,74000,asian,high-school,married,employed,chocolate,no,yes,party-a
78,41000,asian,college,married,unemployed,vanilla,no,yes,party-a
71,128500,african-american,graduate-professional,single,unemployed,chocolate,no,yes,party-a
62,61000,other,college,married,unemployed,vanilla,yes,yes,party-a
54,15500,hispanic,not-high-school,married,employed,vanilla,yes,no,party-b
36,18500,other,college,single,employed,chocolate,yes,no,party-b
21,43000,hispanic,high-school,married,unemployed,chocolate,yes,no,party-b
67,118500,caucasian,graduate-professional,married,unemployed,chocolate,yes,yes,party-b
63,66000,asian,college,single,employed,chocolate,yes,yes,party-a
20,44000,other,high-school,single,employed,chocolate,yes,no,party-a
72,56000,african-american,high-school,married,employed,chocolate,yes,no,party-a
20,48000,african-american,not-high-school,single,employed,chocolate,yes,no,party-a
23,47500,asian,high-school,single,unemployed,chocolate,yes,yes,party-a
21,72000,african-american,high-school,married,employed,vanilla,no,no,party-a
81,74000,caucasian,high-school,married,employed,chocolate,yes,no,party-b
76,40000,african-american,high-school,married,unemployed,chocolate,no,yes,party-a
35,45000,other,college,married,employed,chocolate,yes,no,party-b
76,120000,caucasian,graduate-professional,married,unemployed,chocolate,no,yes,party-a
54,61000,other,college,single,employed,vanilla,yes,no,party-b
48,60000,caucasian,high-school,married,employed,chocolate,no,no,party-b
42,62000,caucasian,high-school,married,unemployed,chocolate,no,yes,party-b
35,101500,asian,college,married,employed,vanilla,no,yes,party-a
76,37500,hispanic,college,single,unemployed,vanilla,no,yes,party-b
84,33000,asian,high-school,single,unemployed,vanilla,yes,no,party-a
42,73000,caucasian,graduate-professional,single,employed,chocolate,yes,no,party-a
57,53000,african-american,high-school,single,employed,chocolate,no,no,party-a
50,37500,hispanic,college,married,unemployed,chocolate,no,yes,party-a
71,55000,asian,high-school,married,employed,chocolate,yes,yes,party-a
30,34000,hispanic,high-school,single,unemployed,vanilla,no,no,party-b
68,26500,caucasian,high-school,married,unemployed,chocolate,no,no,party-b
77,32500,other,college,married,employed,chocolate,no,yes,party-a
65,28500,caucasian,high-school,single,employed,chocolate,yes,no,party-b
27,59500,other,high-school,married,employed,vanilla,yes,no,party-a
32,56000,hispanic,graduate-professional,single,unemployed,chocolate,yes,no,party-b
37,79000,asian,college,married,unemployed,vanilla,no,yes,party-b
36,97000,asian,college,single,employed,vanilla,no,no,party-a
82,19500,caucasian,college,married,unemployed,chocolate,no,yes,party-a
35,75000,caucasian,college,married,employed,chocolate,yes,no,party-b
47,45500,caucasian,high-school,married,employed,vanilla,yes,no,party-a
55,26500,african-american,high-school,single,employed,chocolate,yes,no,party-a
81,27000,african-american,college,single,unemployed,chocolate,no,yes,party-b
83,74000,caucasian,high-school,married,employed,chocolate,no,no,party-a
23,46500,african-american,high-school,single,employed,vanilla,yes,no,party-b
64,36000,african-american,high-school,married,employed,vanilla,yes,no,party-b
35,44000,caucasian,graduate-professional,single,employed,vanilla,no,yes,party-b
61,64500,other,high-school,married,employed,vanilla,no,no,party-b
76,116500,african-american,college,married,unemployed,vanilla,yes,yes,party-a
46,15000,asian,high-school,single,employed,vanilla,yes,no,party-b
35,59500,hispanic,high-school,single,employed,vanilla,no,yes,party-b
56,41500,african-american,graduate-professional,married,employed,chocolate,no,no,party-b
84,45000,other,college,married,employed,chocolate,no,yes,party-a
70,82500,other,college,single,unemployed,vanilla,no,yes,party-a
70,33000,asian,high-school,married,unemployed,chocolate,yes,no,party-b
76,72500,hispanic,graduate-professional,married,unemployed,vanilla,yes,yes,party-a
21,23000,african-american,high-school,single,employed,chocolate,yes,no,party-b
46,65500,african-american,high-school,married,employed,chocolate,yes,yes,party-a
40,63000,asian,high-school,married,employed,chocolate,no,no,party-b
82,52500,other,high-school,single,unemployed,vanilla,yes,no,party-a
72,68500,hispanic,high-school,married,unemployed,vanilla,yes,yes,party-a
28,25000,other,college,married,employed,chocolate,yes,no,party-b
48,89500,caucasian,graduate-professional,married,employed,vanilla,no,no,party-b
53,53000,african-american,not-high-school,married,employed,chocolate,no,no,party-b
38,70500,other,college,married,employed,chocolate,no,yes,party-a
84,83500,asian,graduate-professional,married,unemployed,chocolate,yes,yes,party-a
61,121000,asian,college,single,employed,vanilla,yes,no,party-b
74,15500,asian,high-school,single,unemployed,vanilla,no,yes,party-b
51,35500,caucasian,not-high-school,married,employed,vanilla,no,no,party-b
67,44500,hispanic,college,single,employed,vanilla,yes,yes,party-a
72,26500,other,college,married,unemployed,chocolate,yes,yes,party-a
83,55000,hispanic,high-school,married,employed,chocolate,no,no,party-a
34,67000,african-american,high-school,single,employed,vanilla,no,yes,party-a
50,77000,hispanic,not-high-school,married,employed,vanilla,no,yes,party-a
63,62000,caucasian,graduate-professional,married,employed,vanilla,no,no,party-a
41,76000,asian,college,married,employed,chocolate,no,no,party-a
82,146500,african-american,graduate-professional,married,unemployed,chocolate,no,yes,party-a
79,65500,african-american,high-school,married,employed,chocolate,yes,no,party-a
33,48500,other,college,single,employed,chocolate,yes,no,party-b
70,72500,caucasian,high-school,married,unemployed,chocolate,yes,no,party-a
58,92000,asian,graduate-professional,married,employed,vanilla,yes,yes,party-a
62,28000,caucasian,college,single,unemployed,vanilla,yes,yes,party-b
20,22500,asian,graduate-professional,married,employed,chocolate,no,yes,party-a
65,42500,asian,college,single,employed,chocolate,yes,yes,party-b
36,111500,african-american,college,single,employed,chocolate,no,yes,party-b
66,50000,african-american,high-school,married,unemployed,chocolate,no,no,party-b
52,70500,hispanic,high-school,married,employed,chocolate,yes,no,party-b
47,106500,other,college,single,employed,chocolate,yes,no,party-b
62,108500,caucasian,high-school,single,unemployed,vanilla,yes,yes,party-b
51,97500,hispanic,graduate-professional,married,employed,vanilla,no,yes,party-a
57,32000,hispanic,high-school,single,employed,vanilla,yes,no,party-a
41,50500,hispanic,graduate-professional,single,employed,chocolate,yes,no,party-b
67,106000,asian,graduate-professional,married,employed,vanilla,yes,yes,party-a
50,23500,hispanic,not-high-school,married,employed,chocolate,yes,no,party-b
81,83000,african-american,college,married,unemployed,vanilla,no,yes,party-a
67,52000,asian,high-school,married,unemployed,vanilla,no,yes,party-a
73,33000,hispanic,high-school,single,unemployed,vanilla,yes,yes,party-b
53,134500,african-american,college,married,employed,vanilla,yes,yes,party-a
18,57500,african-american,college,single,employed,vanilla,no,yes,party-a
51,36000,other,college,married,employed,chocolate,yes,yes,party-a
26,44000,african-american,high-school,single,employed,chocolate,yes,no,party-a
21,25000,hispanic,high-school,single,employed,vanilla,no,no,party-a
68,68500,caucasian,graduate-professional,single,employed,chocolate,yes,yes,party-a
63,52000,african-american,high-school,married,unemployed,chocolate,no,no,party-a
41,88500,african-american,graduate-professional,married,employed,chocolate,yes,no,party-b
38,63000,hispanic,not-high-school,married,employed,vanilla,no,yes,party-a
73,62000,african-american,graduate-professional,married,unemployed,chocolate,no,yes,party-a
59,30000,hispanic,college,single,employed,chocolate,no,no,party-b
45,39000,african-american,graduate-professional,single,employed,vanilla,yes,no,party-a
36,68500,asian,high-school,married,employed,vanilla,yes,no,party-b
21,50000,other,college,single,unemployed,chocolate,yes,no,party-a
79,109000,asian,high-school,single,unemployed,vanilla,yes,yes,party-b
53,61500,hispanic,graduate-professional,single,employed,vanilla,no,no,party-a
84,45500,other,college,married,unemployed,vanilla,yes,yes,party-a
53,43500,other,college,single,employed,chocolate,yes,yes,party-a
41,90500,hispanic,high-school,married,employed,chocolate,no,no,party-b
84,121500,hispanic,college,single,unemployed,vanilla,yes,yes,party-b
79,38500,hispanic,high-school,married,unemployed,chocolate,yes,yes,party-a
55,184500,african-american,college,married,employed,chocolate,yes,no,party-a
40,43500,african-american,high-school,married,employed,vanilla,no,no,party-a
49,27000,caucasian,high-school,married,employed,vanilla,no,yes,party-b
38,43500,other,college,single,employed,chocolate,yes,no,party-a
28,15000,other,high-school,single,employed,chocolate,yes,no,party-a
46,111000,other,college,single,employed,vanilla,no,no,party-b
33,22500,other,high-school,married,employed,chocolate,yes,no,party-b
76,42000,caucasian,high-school,married,unemployed,chocolate,yes,no,party-a
66,50000,asian,high-school,married,employed,vanilla,no,yes,party-a
73,71500,hispanic,high-school,married,employed,chocolate,no,yes,party-a
32,21500,hispanic,college,single,employed,chocolate,yes,no,party-b
64,37500,hispanic,graduate-professional,married,employed,chocolate,yes,yes,party-a
38,109000,hispanic,graduate-professional,single,employed,vanilla,no,no,party-a
22,35500,african-american,college,single,unemployed,chocolate,no,no,party-b
81,34500,african-american,high-school,single,employed,vanilla,yes,yes,party-b
76,59500,caucasian,college,married,unemployed,chocolate,yes,yes,party-a
72,143500,caucasian,graduate-professional,married,unemployed,vanilla,yes,yes,party-b
37,82500,african-american,college,single,employed,chocolate,yes,yes,party-b
49,48000,asian,not-high-school,married,employed,vanilla,yes,no,party-a
66,63500,hispanic,graduate-professional,single,employed,chocolate,yes,yes,party-a
43,62000,caucasian,college,married,employed,vanilla,no,no,party-a
66,59000,caucasian,college,married,employed,chocolate,yes,yes,party-a
40,59000,hispanic,not-high-school,single,employed,chocolate,yes,yes,party-b
55,70000,asian,graduate-professional,single,employed,chocolate,yes,yes,party-a
20,107500,caucasian,graduate-professional,single,employed,chocolate,no,no,party-a
49,50000,other,graduate-professional,married,employed,chocolate,yes,yes,party-a
22,39000,other,high-school,single,employed,chocolate,no,yes,party-b
64,47500,asian,high-school,married,employed,vanilla,yes,no,party-a
42,43000,asian,college,single,unemployed,vanilla,no,yes,party-b
21,49000,caucasian,graduate-professional,single,unemployed,chocolate,yes,yes,party-b
38,72500,other,graduate-professional,married,employed,chocolate,yes,yes,party-a
36,32500,hispanic,college,single,employed,vanilla,no,no,party-b
55,121000,hispanic,college,married,employed,vanilla,no,yes,party-a
58,45000,african-american,high-school,married,employed,chocolate,yes,no,party-a
73,37500,hispanic,high-school,married,unemployed,vanilla,yes,no,party-a
69,136000,asian,graduate-professional,married,unemployed,chocolate,yes,no,party-b
81,49000,hispanic,college,married,unemployed,chocolate,yes,yes,party-a
25,31000,african-american,not-high-school,single,employed,chocolate,yes,no,party-a
49,35000,other,not-high-school,married,employed,vanilla,no,no,party-b
49,63500,african-american,not-high-school,married,employed,vanilla,yes,yes,party-b
75,29500,caucasian,high-school,married,unemployed,vanilla,no,yes,party-a
38,42000,asian,high-school,single,employed,vanilla,no,no,party-a
77,49000,hispanic,graduate-professional,married,unemployed,vanilla,yes,no,party-a
40,37000,other,high-school,single,employed,vanilla,yes,no,party-b
62,46000,other,graduate-professional,single,employed,vanilla,yes,yes,party-a
37,57000,caucasian,not-high-school,single,employed,chocolate,no,no,party-b
61,125000,african-american,graduate-professional,married,employed,chocolate,yes,yes,party-a
70,35500,caucasian,high-school,single,employed,vanilla,no,yes,party-a
41,53000,other,graduate-professional,single,unemployed,vanilla,yes,yes,party-b
27,52500,asian,high-school,single,employed,vanilla,yes,no,party-a
39,121000,asian,high-school,single,employed,chocolate,yes,no,party-b
35,20000,asian,not-high-school,married,employed,chocolate,yes,yes,party-b
28,58500,asian,not-high-school,single,unemployed,chocolate,no,no,party-a
57,71500,other,graduate-professional,married,employed,vanilla,no,yes,party-b
44,68500,caucasian,graduate-professional,single,employed,chocolate,yes,yes,party-b
74,46000,african-american,college,married,unemployed,vanilla,yes,no,party-a
56,59000,hispanic,graduate-professional,married,employed,chocolate,yes,yes,party-a
47,142000,caucasian,high-school,single,unemployed,chocolate,yes,no,party-b
35,20500,hispanic,high-school,married,employed,vanilla,yes,yes,party-a
70,35500,caucasian,not-high-school,married,employed,chocolate,yes,no,party-b
43,35500,asian,high-school,single,employed,vanilla,yes,no,party-b
77,27000,hispanic,high-school,married,employed,vanilla,yes,no,party-b
39,39500,other,high-school,married,employed,chocolate,yes,yes,party-b
64,91500,hispanic,graduate-professional,married,employed,vanilla,yes,no,party-b
50,123500,caucasian,college,married,employed,chocolate,yes,yes,party-a
73,15500,hispanic,high-school,married,unemployed,chocolate,yes,no,party-b
28,48000,hispanic,high-school,single,employed,chocolate,yes,no,party-a
79,77500,african-american,high-school,single,unemployed,vanilla,no,yes,party-a
57,64500,other,college,married,employed,vanilla,yes,no,party-b
68,82000,hispanic,high-school,single,employed,chocolate,yes,no,party-a
55,44000,asian,high-school,married,employed,vanilla,no,yes,party-a
80,29500,african-american,high-school,married,unemployed,chocolate,yes,yes,party-a
67,65500,caucasian,graduate-professional,married,unemployed,chocolate,yes,no,party-a
83,220000,african-american,graduate-professional,married,employed,vanilla,yes,yes,party-a
83,105500,asian,high-school,married,unemployed,chocolate,yes,yes,party-a
68,46000,caucasian,college,married,unemployed,vanilla,yes,yes,party-a
55,34000,caucasian,college,married,employed,vanilla,yes,no,party-b
48,21500,asian,college,single,employed,chocolate,yes,yes,party-b
51,68000,asian,graduate-professional,single,employed,vanilla,yes,yes,party-a
19,66000,hispanic,high-school,married,employed,chocolate,yes,no,party-a
56,69500,hispanic,not-high-school,married,employed,chocolate,yes,no,party-a
53,33000,caucasian,high-school,married,employed,chocolate,yes,no,party-b
78,30000,hispanic,high-school,married,unemployed,chocolate,yes,no,party-b
83,57500,african-american,graduate-professional,married,unemployed,chocolate,yes,no,party-a
52,104500,other,college,married,unemployed,chocolate,no,no,party-b
60,123000,african-american,college,single,unemployed,chocolate,no,no,party-b
67,81500,asian,graduate-professional,married,unemployed,vanilla,yes,yes,party-a
83,57000,asian,college,married,employed,chocolate,yes,yes,party-a
66,84500,other,high-school,married,employed,vanilla,yes,no,party-a
52,26000,hispanic,high-school,single,employed,vanilla,yes,yes,party-b
52,89500,hispanic,college,married,employed,vanilla,yes,no,party-a
81,37500,african-american,high-school,married,unemployed,vanilla,yes,yes,party-a
77,161000,asian,college,married,unemployed,chocolate,yes,yes,party-a
32,120500,other,college,married,employed,chocolate,yes,no,party-b
52,49500,caucasian,high-school,single,employed,vanilla,yes,no,party-a
60,40500,asian,college,married,employed,chocolate,no,no,party-b
45,54000,african-american,not-high-school,single,employed,chocolate,yes,no,party-b
55,16000,hispanic,high-school,married,employed,vanilla,yes,no,party-b
49,79500,african-american,graduate-professional,married,employed,chocolate,yes,no,party-a
39,32000,hispanic,high-school,married,employed,vanilla,yes,yes,party-b
29,61000,caucasian,college,single,employed,chocolate,yes,no,party-a
23,53500,african-american,high-school,single,employed,vanilla,yes,no,party-a
51,27500,hispanic,high-school,single,employed,vanilla,no,yes,party-b
75,34500,other,high-school,married,unemployed,chocolate,yes,yes,party-b
39,49000,african-american,not-high-school,married,employed,chocolate,yes,no,party-b
45,67500,caucasian,graduate-professional,married,employed,chocolate,yes,no,party-a
41,103500,caucasian,high-school,married,employed,vanilla,yes,no,party-b
72,90000,hispanic,high-school,married,employed,chocolate,yes,yes,party-a
75,47000,african-american,not-high-school,married,unemployed,chocolate,yes,yes,party-a
44,41000,asian,high-school,married,employed,chocolate,yes,no,party-b
42,55500,other,high-school,single,unemployed,vanilla,yes,no,party-b
60,105500,asian,college,married,employed,vanilla,yes,yes,party-a
52,74000,african-american,college,single,employed,chocolate,no,yes,party-b
56,126000,other,high-school,single,unemployed,vanilla,yes,no,party-a
27,22500,african-american,college,single,employed,chocolate,no,no,party-a
35,42500,asian,graduate-professional,single,employed,vanilla,yes,no,party-b
54,89500,hispanic,high-school,single,employed,chocolate,yes,yes,party-b
48,156000,asian,graduate-professional,single,unemployed,chocolate,no,yes,party-b
29,44500,other,not-high-school,single,employed,vanilla,yes,no,party-a
65,18500,other,high-school,married,employed,vanilla,yes,no,party-b
28,49500,caucasian,graduate-professional,married,employed,chocolate,yes,no,party-b
60,100000,hispanic,high-school,married,employed,vanilla,no,yes,party-a
79,50500,hispanic,high-school,married,unemployed,vanilla,no,no,party-b
32,97000,hispanic,college,single,employed,chocolate,yes,no,party-a
26,70500,caucasian,high-school,single,employed,vanilla,no,no,party-a
25,88000,african-american,high-school,single,employed,vanilla,no,no,party-a
48,47000,caucasian,high-school,married,employed,chocolate,yes,no,party-b
27,44000,caucasian,high-school,single,unemployed,chocolate,yes,no,party-a
59,51000,african-american,graduate-professional,married,employed,vanilla,yes,yes,party-a
34,103000,hispanic,graduate-professional,single,employed,vanilla,no,no,party-a
73,184500,african-american,college,married,employed,vanilla,yes,yes,party-b
84,35500,other,college,single,unemployed,vanilla,yes,no,party-b
42,46500,hispanic,high-school,married,employed,chocolate,no,no,party-b
76,63000,hispanic,college,married,unemployed,chocolate,yes,no,party-b
23,61000,african-american,college,single,employed,vanilla,yes,yes,party-a
27,52500,hispanic,not-high-school,married,employed,chocolate,yes,no,party-a
24,50000,african-american,high-school,single,unemployed,vanilla,yes,no,party-a
63,33000,african-american,college,married,employed,chocolate,yes,yes,party-a
19,18000,african-american,high-school,single,employed,vanilla,no,no,party-a
79,80500,african-american,college,married,employed,chocolate,yes,no,party-a
26,63500,african-american,graduate-professional,single,employed,vanilla,yes,no,party-a
48,85500,other,college,single,employed,vanilla,no,no,party-a
61,117500,asian,graduate-professional,single,unemployed,chocolate,no,yes,party-b
78,40000,caucasian,not-high-school,married,unemployed,chocolate,yes,no,party-b
41,39000,asian,graduate-professional,married,employed,chocolate,yes,no,party-b
56,81500,asian,college,single,employed,vanilla,yes,no,party-a
57,68000,asian,not-high-school,married,employed,chocolate,yes,yes,party-a
72,43000,caucasian,college,single,unemployed,vanilla,yes,no,party-a
37,74000,asian,graduate-professional,married,employed,chocolate,no,yes,party-b
37,50000,other,high-school,single,employed,vanilla,yes,no,party-b
68,79000,other,college,married,employed,chocolate,yes,yes,party-a
63,40000,hispanic,college,single,unemployed,chocolate,no,yes,party-b
36,16000,other,high-school,married,employed,vanilla,yes,yes,party-a
29,172000,asian,graduate-professional,single,employed,chocolate,yes,yes,party-b
38,29500,other,high-school,single,employed,chocolate,no,no,party-b
31,41500,other,high-school,single,employed,chocolate,yes,no,party-b
38,47500,other,high-school,single,employed,vanilla,yes,yes,party-b
68,32000,other,not-high-school,married,employed,chocolate,yes,yes,party-a
81,72000,asian,college,married,unemployed,vanilla,yes,no,party-a
83,42500,hispanic,high-school,married,employed,chocolate,no,yes,party-a
63,37500,other,college,married,employed,chocolate,yes,no,party-b
54,65000,caucasian,college,married,employed,vanilla,no,no,party-b
51,38000,african-american,graduate-professional,single,employed,vanilla,no,no,party-b
66,106500,asian,college,single,employed,vanilla,no,yes,party-b
65,36000,african-american,college,single,unemployed,vanilla,no,no,party-a
61,38500,caucasian,high-school,married,employed,chocolate,yes,yes,party-b
32,68000,caucasian,college,single,employed,chocolate,yes,no,party-b
63,35000,caucasian,high-school,single,employed,vanilla,no,no,party-b
34,166500,african-american,graduate-professional,married,employed,vanilla,yes,yes,party-b
36,73000,african-american,high-school,married,employed,chocolate,no,yes,party-a
70,26500,asian,not-high-school,married,unemployed,vanilla,no,no,party-b
71,75500,asian,graduate-professional,married,employed,chocolate,yes,no,party-a
18,39000,african-american,college,single,employed,chocolate,no,no,party-a
49,46000,caucasian,high-school,married,unemployed,vanilla,yes,no,party-b
36,31000,hispanic,college,single,employed,chocolate,yes,no,party-b
83,25500,asian,high-school,married,unemployed,vanilla,no,yes,party-a
40,39500,asian,high-school,married,employed,vanilla,no,no,party-b
84,59500,other,graduate-professional,married,employed,vanilla,yes,yes,party-a
28,50000,other,high-school,single,employed,chocolate,yes,no,party-a
68,52000,hispanic,high-school,married,employed,chocolate,no,yes,party-a
27,24500,asian,high-school,single,employed,vanilla,yes,no,party-a
50,44000,caucasian,college,single,employed,chocolate,yes,yes,party-a
49,82000,african-american,high-school,married,employed,chocolate,yes,yes,party-b
73,22000,other,high-school,married,employed,vanilla,yes,yes,party-a
51,68000,caucasian,high-school,married,employed,chocolate,yes,no,party-b
73,15000,hispanic,not-high-school,married,unemployed,vanilla,no,yes,party-b
35,37500,hispanic,high-school,single,employed,chocolate,yes,no,party-a
80,40500,caucasian,graduate-professional,married,unemployed,vanilla,yes,yes,party-a
40,155000,hispanic,college,single,employed,vanilla,yes,yes,party-a
64,67500,other,high-school,married,employed,chocolate,no,yes,party-a
65,41500,hispanic,college,single,employed,chocolate,yes,yes,party-b
82,60000,asian,high-school,married,employed,vanilla,yes,yes,party-a
41,52500,other,graduate-professional,married,employed,vanilla,yes,yes,party-a
19,82500,hispanic,college,single,unemployed,vanilla,no,no,party-a
29,30000,other,high-school,single,employed,chocolate,no,no,party-b
48,69000,asian,not-high-school,single,unemployed,vanilla,no,yes,party-b
59,33000,hispanic,college,single,employed,chocolate,yes,no,party-a
59,64500,asian,college,married,employed,vanilla,yes,yes,party-a
61,80500,caucasian,college,married,employed,vanilla,yes,no,party-a
43,36000,caucasian,graduate-professional,married,unemployed,vanilla,yes,no,party-b
28,46000,caucasian,college,married,unemployed,chocolate,no,no,party-a
32,83500,asian,graduate-professional,married,employed,chocolate,no,no,party-a
67,57500,other,high-school,married,unemployed,vanilla,yes,no,party-a
19,42000,african-american,high-school,single,unemployed,chocolate,yes,no,party-a
83,123500,caucasian,college,married,unemployed,vanilla,yes,yes,party-a
61,25500,other,college,single,employed,vanilla,no,yes,party-b
68,64500,caucasian,high-school,married,unemployed,chocolate,yes,no,party-a
58,30000,caucasian,college,married,employed,vanilla,no,yes,party-b
73,63500,caucasian,graduate-professional,married,unemployed,vanilla,no,yes,party-a
49,24000,asian,college,single,employed,vanilla,yes,yes,party-b
53,50500,african-american,graduate-professional,married,employed,vanilla,no,no,party-a
68,47000,caucasian,high-school,married,unemployed,vanilla,yes,yes,party-b
80,70500,other,graduate-professional,single,unemployed,vanilla,yes,yes,party-b
76,99500,hispanic,college,single,employed,vanilla,no,yes,party-b
42,35000,hispanic,high-school,married,employed,vanilla,yes,no,party-b
50,66500,caucasian,graduate-professional,single,employed,chocolate,yes,no,party-a
53,62500,african-american,high-school,married,employed,vanilla,yes,yes,party-b
33,70000,african-american,college,single,unemployed,vanilla,yes,yes,party-b
49,119500,african-american,high-school,single,employed,vanilla,no,yes,party-b
83,31000,other,college,married,unemployed,vanilla,yes,yes,party-b
26,37500,hispanic,graduate-professional,married,employed,chocolate,no,no,party-a
61,36500,african-american,graduate-professional,married,employed,vanilla,no,yes,party-b
55,79500,caucasian,college,married,employed,vanilla,yes,yes,party-a
26,17000,asian,high-school,married,employed,vanilla,yes,no,party-b
69,58500,other,college,married,unemployed,chocolate,yes,no,party-a
29,52000,african-american,not-high-school,married,employed,chocolate,yes,no,party-b
20,53000,hispanic,college,single,unemployed,chocolate,yes,no,party-a
33,62500,caucasian,college,married,employed,chocolate,yes,no,party-b
46,91500,asian,college,single,employed,vanilla,yes,yes,party-b
27,52000,other,graduate-professional,married,employed,chocolate,yes,no,party-a
50,25000,caucasian,high-school,single,employed,chocolate,no,no,party-b
31,220000,other,graduate-professional,single,employed,vanilla,yes,yes,party-a
32,28500,asian,college,single,employed,chocolate,yes,no,party-b
64,51500,caucasian,high-school,married,employed,chocolate,yes,no,party-a
40,22500,african-american,high-school,single,employed,vanilla,no,yes,party-b
39,46000,caucasian,high-school,married,employed,vanilla,yes,no,party-a
76,51500,other,high-school,single,employed,vanilla,yes,no,party-a
51,26000,caucasian,high-school,single,employed,vanilla,no,no,party-b
36,22500,asian,high-school,single,employed,chocolate,no,no,party-b
60,28500,african-american,not-high-school,married,employed,chocolate,yes,yes,party-b
45,22500,other,not-high-school,married,employed,vanilla,no,no,party-b
30,51500,asian,graduate-professional,single,employed,vanilla,yes,no,party-a
24,133000,caucasian,college,single,employed,vanilla,yes,no,party-a
64,70500,african-american,high-school,single,employed,vanilla,yes,yes,party-a
80,80000,asian,college,married,employed,vanilla,yes,no,party-a
42,26500,asian,college,single,employed,chocolate,no,no,party-b
76,42500,caucasian,graduate-professional,married,unemployed,vanilla,yes,yes,party-a
84,23000,other,high-school,married,employed,chocolate,no,yes,party-b
78,99000,hispanic,college,married,unemployed,vanilla,yes,yes,party-a
60,45000,hispanic,graduate-professional,married,employed,chocolate,no,yes,party-a
84,28000,other,high-school,married,unemployed,vanilla,yes,yes,party-b
60,135000,hispanic,college,married,employed,vanilla,no,no,party-b
65,56500,other,college,married,employed,chocolate,yes,yes,party-a
58,64000,other,college,married,employed,chocolate,no,no,party-a
31,58500,african-american,high-school,married,employed,chocolate,yes,no,party-b
25,112500,other,graduate-professional,single,employed,chocolate,yes,yes,party-a
77,137000,african-american,college,single,unemployed,chocolate,yes,yes,party-b
70,15000,hispanic,college,married,employed,vanilla,no,yes,party-a
27,41000,african-american,graduate-professional,single,employed,chocolate,yes,no,party-a
58,21500,asian,college,married,employed,vanilla,yes,yes,party-a
44,109000,asian,high-school,single,employed,chocolate,no,yes,party-b
45,152000,asian,college,single,employed,vanilla,yes,yes,party-a
49,21000,caucasian,high-school,married,employed,vanilla,no,no,party-b
43,56000,caucasian,graduate-professional,single,employed,vanilla,no,no,party-a
41,18000,african-american,high-school,married,employed,chocolate,yes,no,party-b
32,82000,caucasian,graduate-professional,single,employed,vanilla,yes,no,party-a
22,72000,caucasian,college,married,employed,chocolate,no,no,party-a
29,46500,hispanic,high-school,married,employed,chocolate,yes,no,party-a
26,16000,caucasian,high-school,married,unemployed,vanilla,yes,no,party-b
39,62000,other,high-school,single,employed,chocolate,yes,no,party-a
84,37000,african-american,high-school,single,employed,chocolate,yes,yes,party-b
68,22000,asian,high-school,single,unemployed,chocolate,yes,yes,party-b
70,71000,hispanic,college,married,employed,chocolate,yes,yes,party-a
43,86000,other,college,single,employed,chocolate,no,no,party-a
48,53500,african-american,graduate-professional,married,employed,vanilla,no,no,party-b
75,23000,asian,high-school,married,employed,chocolate,no,yes,party-a
43,41000,hispanic,graduate-professional,married,employed,chocolate,no,no,party-b
83,33000,hispanic,college,married,unemployed,chocolate,yes,yes,party-a
49,129500,other,graduate-professional,married,employed,vanilla,no,yes,party-b
53,52500,hispanic,graduate-professional,single,employed,chocolate,yes,no,party-b
24,62000,hispanic,college,single,employed,vanilla,no,no,party-a
73,64000,african-american,high-school,married,employed,vanilla,yes,no,party-a
61,41000,other,college,married,employed,chocolate,yes,no,party-a
51,108500,asian,graduate-professional,single,employed,vanilla,yes,yes,party-b
41,42000,other,high-school,single,unemployed,vanilla,no,no,party-b
78,100500,caucasian,college,married,unemployed,chocolate,yes,yes,party-a
36,60500,african-american,college,married,employed,vanilla,no,no,party-a
41,58000,asian,high-school,married,employed,vanilla,no,yes,party-b
52,72500,other,high-school,married,employed,chocolate,no,yes,party-a
25,46000,asian,high-school,single,employed,chocolate,no,no,party-a
71,56500,other,high-school,single,unemployed,chocolate,no,yes,party-b
30,31000,other,college,single,employed,chocolate,yes,no,party-a
29,102000,hispanic,college,single,unemployed,vanilla,no,no,party-a
36,63000,hispanic,not-high-school,married,employed,vanilla,yes,yes,party-b
26,34500,other,high-school,married,employed,chocolate,yes,yes,party-b
63,23500,african-american,high-school,married,employed,vanilla,yes,yes,party-a
63,38500,african-american,high-school,single,employed,chocolate,yes,no,party-a
32,57500,hispanic,high-school,single,employed,vanilla,yes,no,party-a
31,32000,asian,graduate-professional,single,employed,chocolate,yes,yes,party-b
58,18500,caucasian,college,married,employed,vanilla,yes,yes,party-b
22,61500,asian,college,single,employed,vanilla,yes,no,party-a
43,80000,caucasian,college,married,employed,chocolate,no,no,party-a
79,35500,hispanic,college,married,unemployed,vanilla,yes,yes,party-b
64,61000,african-american,college,married,employed,vanilla,yes,no,party-a
64,50500,asian,high-school,single,employed,vanilla,no,yes,party-b
56,43500,asian,high-school,married,employed,vanilla,yes,yes,party-a
35,69500,asian,high-school,single,employed,vanilla,yes,no,party-a
53,85500,caucasian,high-school,married,employed,chocolate,yes,yes,party-a
58,71500,other,college,married,employed,vanilla,yes,yes,party-a
71,114000,asian,college,married,unemployed,chocolate,no,yes,party-a
81,93500,hispanic,not-high-school,married,employed,chocolate,yes,yes,party-a
49,54000,asian,high-school,married,unemployed,chocolate,no,no,party-b
44,114500,hispanic,graduate-professional,single,employed,vanilla,no,no,party-a
80,85500,hispanic,graduate-professional,married,unemployed,chocolate,yes,yes,party-a
30,74500,african-american,college,single,employed,vanilla,yes,no,party-b
35,21000,hispanic,college,single,employed,vanilla,yes,no,party-b
49,74000,other,graduate-professional,married,employed,chocolate,yes,no,party-b
39,58000,african-american,not-high-school,single,employed,vanilla,yes,no,party-a
38,52000,asian,graduate-professional,single,unemployed,chocolate,yes,yes,party-a
63,127500,other,graduate-professional,married,employed,chocolate,yes,yes,party-b
32,31500,hispanic,high-school,single,employed,vanilla,yes,yes,party-b
42,65500,other,high-school,married,employed,chocolate,no,no,party-a
82,26000,asian,not-high-school,married,employed,vanilla,no,yes,party-a
79,24500,african-american,high-school,married,employed,chocolate,yes,yes,party-a
59,77000,asian,graduate-professional,single,employed,chocolate,no,yes,party-a
18,109500,hispanic,college,married,unemployed,vanilla,no,no,party-b
57,68500,other,college,married,employed,chocolate,no,yes,party-a
33,56500,caucasian,college,single,unemployed,chocolate,no,yes,party-b
58,27500,asian,high-school,married,unemployed,vanilla,yes,no,party-b
65,81000,hispanic,graduate-professional,single,employed,vanilla,yes,no,party-a
24,48000,caucasian,college,married,employed,vanilla,yes,no,party-a
52,78500,hispanic,high-school,married,employed,chocolate,yes,yes,party-a
42,66500,other,college,single,employed,vanilla,yes,yes,party-b
78,127000,other,college,married,unemployed,vanilla,yes,no,party-a
34,45500,caucasian,college,single,employed,vanilla,no,no,party-a
83,128500,hispanic,graduate-professional,married,unemployed,chocolate,no,yes,party-a
74,35500,other,not-high-school,married,unemployed,chocolate,yes,yes,party-a
24,88500,other,college,married,employed,chocolate,no,no,party-a
66,54500,hispanic,high-school,single,employed,vanilla,yes,yes,party-a
53,35500,african-american,high-school,single,employed,vanilla,no,yes,party-b
34,55000,caucasian,not-high-school,married,employed,vanilla,yes,yes,party-a
62,63000,african-american,high-school,married,employed,chocolate,yes,no,party-a
47,66000,caucasian,graduate-professional,married,employed,chocolate,no,no,party-b
80,31500,hispanic,high-school,married,employed,chocolate,no,yes,party-a
61,38000,asian,graduate-professional,married,employed,chocolate,yes,no,party-b
31,65500,hispanic,college,single,unemployed,chocolate,yes,yes,party-a
18,83500,african-american,high-school,single,employed,vanilla,no,no,party-a
41,61500,other,high-school,married,employed,chocolate,no,no,party-b
71,72500,asian,graduate-professional,married,employed,chocolate,yes,yes,party-a
73,29000,other,graduate-professional,married,employed,vanilla,yes,no,party-b
72,28500,african-american,high-school,married,unemployed,vanilla,yes,no,party-b
25,23500,other,graduate-professional,single,employed,vanilla,yes,no,party-a
69,43000,hispanic,college,married,unemployed,vanilla,yes,yes,party-a
36,44000,caucasian,college,married,employed,chocolate,yes,yes,party-a
80,74500,hispanic,graduate-professional,single,employed,vanilla,yes,yes,party-a
36,35000,hispanic,high-school,single,employed,vanilla,no,no,party-b
18,68000,other,college,married,unemployed,chocolate,yes,no,party-a
76,75500,hispanic,college,married,unemployed,vanilla,yes,yes,party-a
44,22500,african-american,high-school,married,employed,vanilla,no,no,party-b
70,46500,hispanic,college,single,unemployed,vanilla,no,yes,party-a
48,84000,asian,high-school,single,employed,chocolate,no,no,party-b
34,32000,asian,high-school,single,employed,chocolate,yes,yes,party-b
26,47500,caucasian,graduate-professional,single,employed,chocolate,yes,no,party-a
79,50000,caucasian,graduate-professional,single,unemployed,vanilla,yes,yes,party-a
48,52500,african-american,graduate-professional,married,unemployed,vanilla,yes,yes,party-b
80,142500,caucasian,graduate-professional,single,unemployed,chocolate,no,yes,party-a
58,103000,asian,high-school,married,employed,vanilla,yes,no,party-a
75,15000,caucasian,high-school,married,employed,chocolate,yes,no,party-b
66,28500,african-american,high-school,married,employed,chocolate,yes,yes,party-a
81,20500,hispanic,high-school,single,employed,chocolate,yes,yes,party-a
53,70500,hispanic,graduate-professional,married,employed,chocolate,no,yes,party-a
25,38500,african-american,high-school,married,employed,vanilla,yes,yes,party-a
82,29000,asian,high-school,married,employed,chocolate,yes,yes,party-a
27,23000,caucasian,not-high-school,single,employed,vanilla,yes,no,party-a
70,57500,african-american,not-high-school,married,unemployed,vanilla,yes,no,party-a
79,72000,african-american,high-school,married,unemployed,chocolate,yes,no,party-a
41,37500,other,high-school,single,employed,chocolate,yes,yes,party-b
69,35500,african-american,college,married,unemployed,chocolate,yes,yes,party-a
43,48000,caucasian,high-school,married,employed,vanilla,yes,yes,party-a
60,51500,other,high-school,single,employed,chocolate,yes,yes,party-a
72,51500,hispanic,high-school,married,unemployed,chocolate,no,yes,party-a
27,29500,asian,college,married,unemployed,vanilla,yes,yes,party-b
23,73500,african-american,graduate-professional,single,employed,chocolate,yes,yes,party-a
29,35000,asian,high-school,single,employed,vanilla,yes,no,party-a
33,111000,caucasian,graduate-professional,married,employed,vanilla,yes,no,party-b
23,27000,hispanic,high-school,single,unemployed,vanilla,no,no,party-b
84,59500,hispanic,graduate-professional,married,unemployed,vanilla,yes,yes,party-a
47,39000,caucasian,graduate-professional,single,employed,chocolate,yes,no,party-b
27,33500,asian,high-school,single,employed,vanilla,yes,no,party-a
32,127000,other,college,single,unemployed,chocolate,yes,no,party-b
52,17000,caucasian,high-school,single,employed,vanilla,yes,no,party-b
58,26500,african-american,college,married,employed,chocolate,no,yes,party-b
65,81500,african-american,college,married,employed,chocolate,yes,no,party-a
40,22500,caucasian,college,married,employed,vanilla,no,no,party-a
58,64500,hispanic,high-school,married,employed,vanilla,yes,yes,party-a
20,42500,hispanic,high-school,married,employed,chocolate,yes,no,party-a
77,37000,african-american,not-high-school,married,unemployed,chocolate,yes,no,party-b
53,25500,asian,not-high-school,married,unemployed,vanilla,yes,yes,party-b
19,103500,asian,high-school,single,employed,chocolate,yes,no,party-a
69,58500,caucasian,high-school,single,employed,chocolate,yes,yes,party-a
37,34500,hispanic,college,single,employed,vanilla,no,no,party-b
41,47000,hispanic,college,married,unemployed,vanilla,yes,yes,party-a
22,48000,hispanic,graduate-professional,single,employed,vanilla,yes,yes,party-a
20,139000,caucasian,graduate-professional,single,employed,vanilla,yes,no,party-a
24,62000,asian,graduate-professional,single,employed,vanilla,yes,no,party-a
33,55500,caucasian,college,single,employed,vanilla,yes,no,party-b
18,46000,other,college,single,unemployed,chocolate,no,no,party-a
24,51000,other,not-high-school,married,employed,chocolate,yes,no,party-a
19,79000,other,high-school,single,employed,chocolate,no,yes,party-a
22,95500,caucasian,high-school,single,unemployed,vanilla,yes,no,party-a
63,26000,asian,high-school,married,employed,chocolate,no,no,party-b
58,49500,other,college,married,employed,vanilla,no,no,party-a
76,43000,asian,high-school,married,unemployed,vanilla,yes,no,party-a
24,85000,asian,college,single,employed,chocolate,yes,no,party-a
79,29000,african-american,high-school,married,employed,vanilla,yes,yes,party-a
20,26000,hispanic,high-school,single,employed,chocolate,yes,no,party-b
67,40000,asian,high-school,married,employed,vanilla,yes,no,party-b
31,39500,asian,high-school,married,employed,chocolate,no,yes,party-b
76,59500,hispanic,high-school,single,unemployed,vanilla,no,yes,party-b
45,33500,other,high-school,single,employed,chocolate,yes,no,party-a
42,75000,caucasian,college,single,employed,vanilla,yes,no,party-a
72,69500,other,college,single,employed,vanilla,yes,yes,party-a
81,162500,asian,graduate-professional,married,employed,vanilla,no,yes,party-b
26,99500,caucasian,high-school,single,employed,chocolate,yes,no,party-a
58,92500,african-american,graduate-professional,married,employed,chocolate,no,yes,party-a
33,54000,asian,college,married,employed,chocolate,no,no,party-a
72,17000,caucasian,high-school,married,unemployed,vanilla,yes,yes,party-b
23,30000,african-american,high-school,single,employed,chocolate,yes,no,party-a
71,80500,african-american,college,married,employed,chocolate,no,no,party-a
45,52500,other,high-school,single,employed,chocolate,no,no,party-a
80,57500,hispanic,not-high-school,married,unemployed,chocolate,yes,no,party-a
45,20500,african-american,high-school,single,employed,vanilla,no,no,party-b
61,42000,other,not-high-school,married,employed,chocolate,no,no,party-b
32,55000,other,college,married,employed,vanilla,no,yes,party-a
49,17500,caucasian,college,married,employed,chocolate,yes,yes,party-b
41,59000,other,college,single,employed,vanilla,yes,no,party-a
69,60000,asian,graduate-professional,single,employed,chocolate,yes,no,party-a
69,27500,caucasian,high-school,married,unemployed,chocolate,yes,yes,party-a
40,31500,other,high-school,single,unemployed,vanilla,no,no,party-b
55,77500,caucasian,high-school,single,employed,vanilla,yes,no,party-a
47,27000,other,high-school,married,employed,chocolate,no,no,party-b
54,35500,caucasian,college,married,employed,chocolate,no,no,party-b
40,72500,african-american,college,single,employed,chocolate,yes,no,party-a
54,23000,african-american,college,married,employed,vanilla,yes,yes,party-b
55,112500,other,high-school,single,unemployed,chocolate,yes,yes,party-b
20,88500,asian,graduate-professional,single,employed,chocolate,yes,yes,party-a
57,30000,other,graduate-professional,single,employed,chocolate,yes,no,party-b
67,40000,african-american,high-school,single,employed,chocolate,no,yes,party-b
61,89500,asian,graduate-professional,married,employed,vanilla,no,yes,party-a
32,59500,other,graduate-professional,married,employed,vanilla,yes,yes,party-a
27,160000,asian,high-school,single,unemployed,vanilla,no,yes,party-b
57,20500,african-american,not-high-school,married,employed,vanilla,no,yes,party-a
37,24000,caucasian,high-school,married,employed,vanilla,yes,no,party-b
39,95000,asian,high-school,single,employed,chocolate,yes,no,party-b
79,67500,african-american,college,married,unemployed,vanilla,yes,no,party-a
37,51000,caucasian,graduate-professional,married,employed,chocolate,yes,no,party-a
73,64000,asian,college,married,unemployed,vanilla,yes,no,party-a
74,117500,hispanic,college,married,employed,vanilla,no,yes,party-a
74,155000,african-american,college,single,unemployed,vanilla,no,yes,party-b
38,83500,other,college,single,employed,vanilla,yes,no,party-a
44,83500,other,high-school,married,employed,vanilla,yes,yes,party-b
22,164500,african-american,college,married,employed,vanilla,no,yes,party-b
36,31000,other,college,single,employed,vanilla,yes,no,party-b
27,41000,african-american,college,single,employed,chocolate,no,yes,party-a
72,50000,caucasian,graduate-professional,single,employed,chocolate,yes,yes,party-a
45,53500,asian,high-school,single,employed,vanilla,yes,yes,party-b
41,35500,caucasian,college,single,unemployed,chocolate,yes,no,party-b
21,69000,hispanic,high-school,single,employed,vanilla,yes,no,party-a
51,42000,other,graduate-professional,married,employed,chocolate,yes,no,party-a
47,61500,african-american,college,single,employed,chocolate,no,yes,party-a
26,55000,other,high-school,single,employed,chocolate,yes,no,party-a
26,75000,caucasian,graduate-professional,married,employed,chocolate,yes,no,party-a
24,69500,asian,graduate-professional,single,unemployed,chocolate,no,no,party-a
77,32000,african-american,high-school,married,unemployed,chocolate,yes,no,party-b
84,42500,hispanic,not-high-school,married,employed,chocolate,no,yes,party-a
57,48000,african-american,high-school,married,employed,vanilla,yes,no,party-a
66,130000,african-american,high-school,married,employed,vanilla,yes,yes,party-a
80,52000,asian,graduate-professional,single,unemployed,chocolate,no,yes,party-a
56,51000,other,high-school,married,employed,vanilla,no,no,party-a
42,77500,african-american,college,single,employed,chocolate,yes,yes,party-b
37,19500,african-american,college,married,employed,vanilla,yes,yes,party-b
59,62500,other,college,single,employed,vanilla,yes,no,party-a
51,46000,caucasian,high-school,married,unemployed,chocolate,yes,no,party-b
39,49500,asian,high-school,single,employed,chocolate,yes,no,party-a
48,74000,caucasian,high-school,single,employed,chocolate,yes,yes,party-a
73,34000,asian,college,married,unemployed,vanilla,no,yes,party-a
25,92500,hispanic,graduate-professional,married,employed,vanilla,yes,yes,party-a
30,102000,other,college,married,employed,chocolate,no,yes,party-a
32,53000,caucasian,college,married,employed,vanilla,no,yes,party-a
38,42500,caucasian,college,single,employed,chocolate,yes,no,party-b
65,82000,hispanic,graduate-professional,married,employed,chocolate,yes,no,party-b
25,31000,asian,high-school,single,employed,vanilla,no,yes,party-b
33,95500,hispanic,high-school,married,employed,chocolate,no,no,party-b
50,80000,african-american,graduate-professional,married,employed,vanilla,no,yes,party-a
79,19500,hispanic,high-school,married,unemployed,chocolate,no,no,party-b
48,47500,other,high-school,married,employed,vanilla,no,yes,party-a
71,171500,asian,college,single,employed,chocolate,yes,yes,party-b
26,98500,caucasian,graduate-professional,single,employed,vanilla,yes,no,party-a
33,85500,other,graduate-professional,single,employed,vanilla,no,yes,party-a
33,73000,african-american,graduate-professional,single,employed,chocolate,yes,no,party-b
51,59000,african-american,college,married,employed,chocolate,no,yes,party-a
31,78500,african-american,high-school,single,employed,chocolate,no,yes,party-b
52,159500,other,college,single,employed,chocolate,yes,yes,party-b
80,41000,african-american,graduate-professional,married,unemployed,chocolate,yes,yes,party-a
44,34500,hispanic,college,married,employed,chocolate,yes,no,party-a
45,80000,caucasian,college,single,employed,chocolate,yes,yes,party-b
65,53500,asian,college,single,employed,vanilla,no,yes,party-a
37,79500,caucasian,high-school,single,employed,chocolate,yes,yes,party-b
84,46000,caucasian,college,married,unemployed,chocolate,yes,yes,party-a
41,57000,caucasian,college,single,unemployed,vanilla,yes,no,party-b
45,32000,other,high-school,married,employed,chocolate,yes,no,party-b
70,70500,african-american,high-school,married,unemployed,chocolate,no,no,party-a
20,25500,other,college,single,employed,vanilla,yes,no,party-b
83,47000,hispanic,high-school,married,unemployed,vanilla,yes,yes,party-a
21,48500,caucasian,graduate-professional,single,employed,chocolate,no,no,party-a
20,35000,asian,high-school,single,unemployed,vanilla,yes,no,party-a
48,44500,caucasian,college,single,unemployed,chocolate,yes,no,party-a
49,97500,other,college,single,employed,chocolate,no,yes,party-a
54,79000,caucasian,graduate-professional,single,employed,chocolate,yes,no,party-a
33,19500,caucasian,high-school,single,employed,vanilla,yes,no,party-b
34,78000,hispanic,college,married,employed,chocolate,yes,no,party-b
61,19000,caucasian,college,single,employed,vanilla,yes,no,party-a
53,33000,african-american,high-school,married,employed,vanilla,yes,yes,party-b
67,42000,asian,high-school,married,unemployed,vanilla,yes,no,party-a
23,41000,caucasian,high-school,single,employed,vanilla,yes,yes,party-a
54,175500,hispanic,graduate-professional,married,unemployed,vanilla,no,yes,party-b
66,15000,other,not-high-school,married,employed,chocolate,yes,yes,party-a
20,168500,asian,graduate-professional,single,unemployed,vanilla,yes,no,party-a
63,79500,caucasian,college,married,employed,chocolate,yes,yes,party-a
52,103500,caucasian,college,single,employed,chocolate,yes,no,party-a
35,70500,african-american,high-school,single,employed,vanilla,yes,no,party-b
50,83500,other,graduate-professional,single,employed,chocolate,yes,no,party-a
68,40000,other,college,single,employed,chocolate,yes,yes,party-a
22,54000,asian,college,married,unemployed,vanilla,no,no,party-a
37,71000,other,college,single,unemployed,vanilla,yes,yes,party-b
25,19000,asian,high-school,single,employed,vanilla,yes,no,party-a
61,68500,asian,college,single,employed,vanilla,yes,yes,party-b
70,39500,african-american,college,married,unemployed,chocolate,no,yes,party-a
19,15000,other,high-school,single,unemployed,chocolate,no,no,party-a
30,47500,caucasian,college,single,employed,chocolate,yes,no,party-a
54,127500,other,graduate-professional,single,employed,chocolate,yes,no,party-a
42,30500,hispanic,high-school,married,employed,vanilla,no,yes,party-b
81,26000,hispanic,high-school,married,unemployed,chocolate,no,yes,party-a
23,82500,african-american,college,single,employed,vanilla,yes,yes,party-a
52,26000,african-american,college,married,employed,chocolate,no,no,party-b
62,49000,african-american,high-school,single,employed,vanilla,no,yes,party-a
39,99000,caucasian,college,single,employed,chocolate,yes,no,party-b
32,68500,asian,graduate-professional,single,employed,chocolate,no,no,party-b
59,30500,asian,not-high-school,married,employed,vanilla,no,no,party-a
74,65500,asian,college,married,unemployed,vanilla,yes,yes,party-a
67,78000,caucasian,high-school,single,employed,chocolate,yes,no,party-a
56,21000,caucasian,high-school,married,unemployed,chocolate,no,no,party-b
67,96000,asian,college,married,employed,chocolate,no,yes,party-a
51,117000,hispanic,high-school,single,employed,chocolate,no,no,party-b
66,28500,caucasian,high-school,married,employed,vanilla,yes,no,party-a
79,63000,other,high-school,married,unemployed,vanilla,yes,yes,party-a
21,62000,african-american,graduate-professional,single,employed,chocolate,no,no,party-a
79,28000,hispanic,high-school,married,unemployed,vanilla,yes,no,party-b
83,56000,caucasian,graduate-professional,married,unemployed,chocolate,yes,yes,party-a
44,34000,hispanic,college,single,employed,vanilla,yes,no,party-a
66,64000,hispanic,college,married,employed,vanilla,no,no,party-a
55,21500,other,not-high-school,married,employed,chocolate,yes,no,party-b
59,62500,african-american,college,married,employed,vanilla,yes,yes,party-a
19,39000,other,high-school,married,employed,vanilla,no,no,party-b
82,42500,asian,high-school,married,unemployed,chocolate,no,yes,party-a
52,48000,african-american,graduate-professional,married,employed,chocolate,yes,yes,party-a
37,41500,asian,high-school,single,employed,vanilla,no,no,party-b
23,137000,hispanic,graduate-professional,married,unemployed,chocolate,no,no,party-a
29,63500,asian,college,single,employed,chocolate,yes,no,party-a
42,58500,african-american,college,single,unemployed,vanilla,no,yes,party-b
38,37000,african-american,high-school,married,employed,chocolate,no,no,party-b
22,23000,african-american,high-school,married,employed,chocolate,yes,no,party-b
62,38500,caucasian,high-school,married,employed,chocolate,no,no,party-a
30,53500,other,college,single,employed,chocolate,yes,yes,party-a
51,39000,african-american,high-school,single,employed,vanilla,no,yes,party-b
50,31000,african-american,high-school,single,employed,vanilla,yes,yes,party-b
65,23500,hispanic,not-high-school,married,employed,chocolate,yes,yes,party-a
49,21500,asian,graduate-professional,married,employed,vanilla,yes,no,party-b
35,54000,hispanic,graduate-professional,married,employed,vanilla,no,yes,party-b
21,29000,hispanic,college,single,employed,chocolate,yes,no,party-a
63,61000,asian,college,married,unemployed,chocolate,yes,yes,party-a
35,29000,hispanic,college,married,employed,chocolate,no,no,party-b
18,41000,african-american,high-school,married,unemployed,chocolate,yes,no,party-b
27,48500,asian,graduate-professional,single,employed,chocolate,no,no,party-a
78,121500,other,graduate-professional,married,employed,vanilla,no,yes,party-a
41,38000,hispanic,high-school,married,employed,chocolate,yes,no,party-b
29,27500,asian,high-school,married,employed,chocolate,yes,no,party-b
76,97000,caucasian,graduate-professional,married,unemployed,vanilla,no,yes,party-a
73,120500,african-american,college,single,unemployed,chocolate,yes,no,party-a
69,101000,other,graduate-professional,single,unemployed,vanilla,yes,yes,party-a
79,38500,asian,not-high-school,married,unemployed,vanilla,no,yes,party-b
82,21500,hispanic,college,married,employed,vanilla,yes,yes,party-a
75,66000,hispanic,graduate-professional,single,employed,vanilla,no,yes,party-a
25,72000,african-american,graduate-professional,single,employed,vanilla,yes,no,party-a
36,74000,other,graduate-professional,married,employed,chocolate,no,no,party-a
58,44000,caucasian,high-school,married,employed,vanilla,no,no,party-a
81,40000,caucasian,graduate-professional,married,employed,vanilla,no,yes,party-a
75,138000,african-american,graduate-professional,married,unemployed,chocolate,no,yes,party-a
53,53000,hispanic,college,married,unemployed,chocolate,no,yes,party-b
28,18000,african-american,high-school,single,employed,vanilla,yes,yes,party-b
38,50500,asian,college,single,employed,vanilla,yes,yes,party-b
33,58000,hispanic,college,married,employed,vanilla,no,no,party-b
28,59000,caucasian,high-school,single,employed,chocolate,yes,yes,party-a
43,211500,hispanic,high-school,single,unemployed,chocolate,yes,yes,party-b
29,120000,african-american,college,married,employed,chocolate,yes,no,party-a
41,65500,asian,not-high-school,married,employed,chocolate,yes,yes,party-a
57,63000,african-american,college,married,unemployed,chocolate,yes,yes,party-b
52,73000,african-american,college,married,employed,chocolate,no,yes,party-a
49,120000,african-american,graduate-professional,married,employed,vanilla,yes,no,party-b
48,17500,other,graduate-professional,single,employed,vanilla,yes,yes,party-b
34,47500,hispanic,high-school,single,employed,vanilla,no,no,party-a
21,18000,asian,college,single,employed,vanilla,yes,no,party-a
51,28500,hispanic,high-school,married,employed,chocolate,yes,no,party-b
25,17500,caucasian,high-school,single,employed,chocolate,no,yes,party-a
69,42000,asian,college,married,employed,chocolate,yes,no,party-a
22,97500,hispanic,college,married,employed,vanilla,yes,yes,party-a
50,98000,hispanic,high-school,married,employed,chocolate,yes,no,party-b
56,29500,african-american,graduate-professional,single,employed,chocolate,no,yes,party-b
28,61000,other,graduate-professional,single,employed,chocolate,yes,no,party-a
19,43500,other,college,single,employed,chocolate,yes,yes,party-a
69,25000,asian,high-school,married,employed,vanilla,no,yes,party-a
50,75500,hispanic,college,single,employed,vanilla,yes,yes,party-a
57,83000,african-american,high-school,single,employed,vanilla,yes,yes,party-b
40,96500,hispanic,college,single,employed,chocolate,no,yes,party-b
34,43500,african-american,high-school,married,employed,chocolate,no,yes,party-b
76,112000,asian,college,married,employed,vanilla,no,no,party-b
61,122000,hispanic,high-school,single,unemployed,chocolate,no,yes,party-a
76,77000,asian,college,married,unemployed,chocolate,no,no,party-b
53,29000,hispanic,high-school,single,employed,chocolate,yes,yes,party-b
73,44500,hispanic,college,married,unemployed,vanilla,yes,yes,party-a
21,57000,asian,college,married,employed,vanilla,yes,no,party-a
68,220000,caucasian,college,married,employed,chocolate,no,yes,party-a
62,29000,african-american,graduate-professional,married,employed,chocolate,yes,no,party-a
73,143000,other,high-school,married,employed,chocolate,yes,yes,party-b
36,45500,asian,college,married,employed,vanilla,yes,no,party-b
81,48500,african-american,high-school,single,unemployed,chocolate,yes,yes,party-a
44,96500,other,college,married,employed,chocolate,yes,yes,party-a
46,78500,asian,graduate-professional,single,employed,chocolate,yes,no,party-a
59,81000,asian,not-high-school,single,employed,chocolate,yes,yes,party-a
39,95500,asian,college,single,employed,vanilla,yes,no,party-a
83,46000,other,high-school,single,unemployed,chocolate,no,yes,party-b
68,37500,caucasian,graduate-professional,single,employed,vanilla,yes,no,party-a
30,37000,other,graduate-professional,single,employed,vanilla,yes,no,party-a
33,163000,asian,high-school,single,employed,vanilla,yes,no,party-b
40,61000,african-american,high-school,married,employed,chocolate,yes,no,party-b
30,118500,hispanic,graduate-professional,single,employed,chocolate,yes,no,party-b
65,59000,hispanic,college,married,employed,vanilla,yes,no,party-a
82,84000,african-american,high-school,married,employed,vanilla,no,yes,party-a
76,40000,african-american,high-school,married,unemployed,chocolate,no,yes,party-a
27,81500,hispanic,graduate-professional,single,employed,vanilla,no,yes,party-a
77,70500,caucasian,not-high-school,married,employed,chocolate,yes,no,party-a
72,33500,asian,high-school,married,unemployed,vanilla,no,no,party-b
77,68000,other,graduate-professional,married,unemployed,chocolate,no,yes,party-a
62,73500,caucasian,college,married,employed,vanilla,yes,no,party-a
59,36500,caucasian,college,single,employed,vanilla,yes,no,party-a
36,42500,african-american,college,single,employed,vanilla,yes,no,party-a
78,80000,african-american,college,married,unemployed,vanilla,no,yes,party-a
19,26000,caucasian,college,single,unemployed,chocolate,yes,no,party-a
19,62000,hispanic,college,single,employed,chocolate,yes,yes,party-a
77,188000,asian,college,married,employed,chocolate,no,yes,party-a
28,96000,african-american,graduate-professional,married,employed,vanilla,yes,no,party-a
45,49500,other,college,single,employed,vanilla,yes,yes,party-b
61,62500,african-american,high-school,married,employed,chocolate,yes,no,party-b
50,40000,hispanic,high-school,married,employed,vanilla,yes,yes,party-a
67,90000,hispanic,college,single,employed,vanilla,no,yes,party-a
56,143000,other,graduate-professional,married,employed,vanilla,no,yes,party-a
47,103000,hispanic,high-school,single,employed,vanilla,yes,no,party-a
28,48500,other,high-school,single,employed,chocolate,no,yes,party-a
30,220000,asian,graduate-professional,single,employed,vanilla,yes,no,party-b
51,45500,other,college,married,employed,chocolate,yes,yes,party-a
34,81500,other,college,married,unemployed,chocolate,no,yes,party-b
32,24000,caucasian,college,married,employed,chocolate,yes,no,party-a
29,34500,other,college,single,unemployed,vanilla,yes,yes,party-b
65,64500,hispanic,high-school,single,employed,chocolate,yes,no,party-a
81,15000,hispanic,college,married,unemployed,chocolate,yes,yes,party-a
63,29000,hispanic,college,married,employed,chocolate,no,no,party-b
25,33000,african-american,high-school,single,unemployed,vanilla,yes,yes,party-a
83,85500,caucasian,graduate-professional,single,employed,vanilla,yes,yes,party-a
23,30500,asian,not-high-school,single,employed,chocolate,yes,no,party-a
76,44000,other,college,married,employed,vanilla,no,yes,party-a
21,79500,other,high-school,single,employed,chocolate,yes,no,party-a
38,31500,african-american,college,single,employed,chocolate,yes,no,party-b
73,84500,hispanic,graduate-professional,married,unemployed,vanilla,yes,yes,party-a
48,138500,asian,high-school,single,employed,vanilla,yes,yes,party-b
30,61500,asian,college,single,employed,chocolate,yes,no,party-a
52,67500,caucasian,college,married,employed,chocolate,no,no,party-b
19,125500,asian,college,single,employed,chocolate,yes,no,party-a
44,39000,asian,high-school,single,unemployed,chocolate,yes,no,party-b
55,24500,asian,not-high-school,single,employed,chocolate,no,yes,party-a
32,67000,other,high-school,married,employed,vanilla,no,no,party-a
39,136500,other,college,married,employed,chocolate,yes,no,party-b
74,91500,hispanic,high-school,married,unemployed,chocolate,no,yes,party-a
21,72500,african-american,graduate-professional,married,employed,chocolate,no,no,party-a
27,24000,hispanic,high-school,single,unemployed,vanilla,no,no,party-b
84,120500,african-american,college,single,employed,vanilla,yes,yes,party-a
25,85000,asian,college,single,unemployed,vanilla,yes,no,party-a
55,74500,asian,college,married,employed,chocolate,yes,no,party-a
67,30000,african-american,not-high-school,single,unemployed,chocolate,yes,yes,party-b
54,36000,hispanic,graduate-professional,married,employed,vanilla,yes,yes,party-a
26,70500,hispanic,graduate-professional,single,unemployed,chocolate,yes,no,party-a
64,26500,caucasian,graduate-professional,married,employed,chocolate,yes,yes,party-a
61,40500,other,high-school,married,employed,vanilla,no,yes,party-b
60,34500,asian,high-school,married,employed,chocolate,no,yes,party-b
77,90000,caucasian,high-school,married,unemployed,chocolate,no,yes,party-b
72,55500,other,graduate-professional,married,employed,chocolate,yes,yes,party-a
73,23000,african-american,not-high-school,married,unemployed,chocolate,no,yes,party-a
56,42500,other,college,married,employed,vanilla,yes,no,party-a
60,58500,hispanic,college,married,employed,vanilla,yes,yes,party-b
59,42500,caucasian,high-school,married,employed,vanilla,no,yes,party-a
65,152500,asian,college,single,employed,vanilla,no,no,party-a
49,111500,caucasian,graduate-professional,single,employed,vanilla,yes,no,party-b
68,59500,other,graduate-professional,married,unemployed,chocolate,no,no,party-a
69,27500,caucasian,college,married,unemployed,vanilla,no,yes,party-a
53,75500,african-american,high-school,single,unemployed,chocolate,yes,no,party-b
56,72500,asian,graduate-professional,married,employed,chocolate,no,no,party-b
73,91000,caucasian,college,married,employed,chocolate,no,yes,party-a
72,25000,hispanic,not-high-school,married,unemployed,chocolate,no,yes,party-a
46,87000,african-american,high-school,single,employed,chocolate,no,no,party-b
36,19500,other,not-high-school,single,unemployed,vanilla,yes,yes,party-b
40,25500,other,college,single,unemployed,chocolate,yes,no,party-b
33,74500,asian,college,married,employed,vanilla,no,no,party-b
55,17500,caucasian,high-school,single,employed,vanilla,yes,yes,party-a
26,98000,other,high-school,married,employed,chocolate,no,no,party-a
27,21000,other,high-school,married,employed,vanilla,yes,yes,party-b
65,26000,caucasian,college,married,employed,vanilla,yes,yes,party-b
74,90000,asian,high-school,married,unemployed,chocolate,no,yes,party-a
54,137500,african-american,graduate-professional,single,employed,chocolate,yes,no,party-a
73,25500,caucasian,not-high-school,married,unemployed,chocolate,yes,no,party-b
69,56500,african-american,high-school,married,employed,chocolate,no,no,party-a
43,76000,asian,graduate-professional,married,employed,chocolate,yes,yes,party-a
40,37000,caucasian,not-high-school,single,unemployed,chocolate,yes,no,party-a
43,83500,other,graduate-professional,married,employed,vanilla,no,yes,party-b
58,103500,asian,college,married,employed,chocolate,yes,no,party-b
20,15000,hispanic,not-high-school,married,employed,chocolate,no,no,party-b
70,86500,hispanic,college,married,unemployed,vanilla,no,yes,party-a
75,36500,hispanic,college,married,employed,vanilla,no,no,party-b
70,21000,hispanic,high-school,married,employed,chocolate,yes,no,party-b
83,40500,hispanic,high-school,married,unemployed,vanilla,no,no,party-b
68,31000,caucasian,college,married,unemployed,vanilla,no,yes,party-a
68,78000,caucasian,college,married,employed,chocolate,no,no,party-a
84,48500,asian,graduate-professional,married,unemployed,vanilla,no,no,party-a
47,27000,asian,graduate-professional,married,unemployed,chocolate,yes,yes,party-a
60,31000,african-american,not-high-school,married,employed,vanilla,yes,yes,party-b
60,28000,caucasian,high-school,married,employed,vanilla,yes,no,party-b
76,23500,asian,college,married,employed,vanilla,no,no,party-b
66,24500,african-american,high-school,married,employed,vanilla,yes,no,party-a
27,70000,caucasian,high-school,single,employed,vanilla,yes,no,party-a
80,40000,hispanic,high-school,married,unemployed,vanilla,yes,yes,party-a
69,43500,african-american,high-school,single,unemployed,chocolate,yes,yes,party-a
42,52500,african-american,college,married,employed,vanilla,no,no,party-b
23,29000,african-american,high-school,single,employed,vanilla,no,no,party-a
26,30000,other,graduate-professional,single,employed,chocolate,yes,no,party-a
36,30500,african-american,high-school,married,employed,chocolate,no,no,party-b
27,81500,hispanic,college,married,employed,chocolate,no,no,party-a
25,141000,other,graduate-professional,single,employed,vanilla,yes,no,party-a
55,39000,hispanic,high-school,married,employed,vanilla,yes,no,party-b
62,28000,asian,not-high-school,married,unemployed,chocolate,yes,yes,party-b
61,46000,african-american,college,married,employed,chocolate,yes,yes,party-a
46,67000,hispanic,not-high-school,single,employed,chocolate,yes,yes,party-a
23,34500,african-american,high-school,single,employed,vanilla,no,no,party-a
56,76500,asian,college,married,employed,chocolate,yes,no,party-b
56,37500,caucasian,not-high-school,married,employed,vanilla,no,yes,party-a
48,63000,african-american,college,married,employed,chocolate,no,yes,party-a
44,39500,caucasian,high-school,married,employed,vanilla,yes,no,party-b
44,35500,african-american,college,married,employed,chocolate,yes,no,party-b
83,113000,asian,graduate-professional,married,unemployed,chocolate,no,no,party-b
37,45000,other,high-school,single,unemployed,vanilla,no,no,party-a
57,104000,other,graduate-professional,married,employed,chocolate,yes,no,party-a
36,84500,asian,graduate-professional,married,employed,chocolate,yes,no,party-b
18,22500,african-american,college,single,employed,chocolate,yes,no,party-a
43,72500,other,high-school,single,unemployed,chocolate,no,yes,party-b
54,68000,asian,college,married,employed,chocolate,no,no,party-b
51,50500,hispanic,high-school,single,unemployed,chocolate,yes,no,party-b
19,53500,hispanic,high-school,single,employed,chocolate,yes,no,party-a
39,85500,hispanic,high-school,single,employed,vanilla,no,no,party-a
57,136000,caucasian,graduate-professional,single,employed,chocolate,yes,yes,party-a
45,34500,asian,high-school,single,unemployed,vanilla,yes,no,party-b
29,26000,other,college,single,employed,chocolate,yes,no,party-a
41,16000,asian,high-school,single,employed,vanilla,yes,no,party-b
78,39500,african-american,college,married,unemployed,chocolate,no,yes,party-a
78,28500,caucasian,high-school,married,unemployed,chocolate,yes,yes,party-b
46,45000,asian,high-school,single,employed,chocolate,yes,no,party-a
43,63000,caucasian,high-school,married,employed,chocolate,no,yes,party-a
83,107000,african-american,high-school,married,unemployed,vanilla,yes,yes,party-a
43,92000,hispanic,not-high-school,married,employed,vanilla,yes,yes,party-a
44,75500,hispanic,college,married,employed,vanilla,no,no,party-a
37,33500,other,graduate-professional,married,employed,chocolate,yes,no,party-b
48,171500,african-american,graduate-professional,single,employed,vanilla,yes,yes,party-b
28,46000,asian,college,single,employed,chocolate,yes,no,party-a
26,43000,caucasian,college,single,unemployed,vanilla,no,no,party-a
22,45500,hispanic,high-school,single,unemployed,chocolate,yes,no,party-a
25,22500,caucasian,graduate-professional,single,unemployed,chocolate,yes,yes,party-a
78,40500,african-american,high-school,single,employed,vanilla,no,no,party-a
42,148000,african-american,high-school,single,employed,vanilla,yes,no,party-b
73,54000,caucasian,college,married,unemployed,vanilla,yes,no,party-b
40,185000,asian,college,single,employed,chocolate,yes,yes,party-b
67,64000,african-american,graduate-professional,married,employed,vanilla,yes,no,party-a
47,73500,caucasian,college,married,employed,vanilla,yes,yes,party-a
25,54500,hispanic,college,single,employed,vanilla,yes,no,party-a
42,69000,other,graduate-professional,single,employed,chocolate,yes,no,party-b
76,15000,other,graduate-professional,married,unemployed,vanilla,no,yes,party-a
53,18000,other,high-school,married,unemployed,vanilla,no,no,party-b
69,25000,hispanic,high-school,married,unemployed,chocolate,no,yes,party-a
29,85500,asian,high-school,married,employed,vanilla,yes,yes,party-a
22,31000,other,college,single,unemployed,vanilla,no,no,party-b
73,52000,caucasian,high-school,married,unemployed,vanilla,no,yes,party-b
57,73000,african-american,graduate-professional,married,employed,vanilla,yes,yes,party-a
38,46500,other,college,married,employed,vanilla,yes,no,party-a
66,25500,asian,high-school,married,employed,vanilla,no,yes,party-b
40,67500,caucasian,college,single,employed,vanilla,no,yes,party-a
81,30500,asian,college,married,unemployed,vanilla,no,yes,party-a
32,58000,hispanic,graduate-professional,married,employed,chocolate,yes,no,party-a
71,27500,hispanic,college,married,unemployed,chocolate,no,yes,party-b
63,40500,caucasian,college,married,employed,chocolate,yes,no,party-b
65,53000,african-american,high-school,married,employed,chocolate,yes,no,party-a
69,123500,asian,graduate-professional,married,unemployed,vanilla,no,no,party-b
49,37500,other,high-school,married,employed,vanilla,no,no,party-b
20,46500,caucasian,high-school,single,employed,chocolate,no,no,party-a
35,72500,hispanic,high-school,single,employed,vanilla,no,no,party-a
72,22000,other,not-high-school,married,unemployed,chocolate,yes,yes,party-a
49,113500,caucasian,graduate-professional,married,employed,chocolate,yes,no,party-a
41,34500,asian,high-school,married,employed,chocolate,no,no,party-a
47,40000,other,graduate-professional,married,employed,vanilla,no,no,party-b
84,68000,asian,college,married,unemployed,chocolate,yes,yes,party-a
41,48500,african-american,not-high-school,single,employed,chocolate,no,no,party-a
31,31500,other,graduate-professional,single,unemployed,vanilla,no,no,party-a
42,27500,caucasian,high-school,single,employed,chocolate,no,no,party-b
19,36500,other,not-high-school,married,employed,vanilla,yes,no,party-b
68,53000,other,college,married,unemployed,vanilla,yes,yes,party-a
64,41500,hispanic,college,married,employed,chocolate,yes,yes,party-a
26,26000,hispanic,not-high-school,married,employed,chocolate,yes,no,party-b
47,107000,asian,high-school,married,employed,chocolate,no,no,party-b
44,44500,african-american,graduate-professional,married,employed,chocolate,yes,no,party-a
40,66500,asian,high-school,single,employed,chocolate,no,no,party-a
62,31000,caucasian,high-school,married,employed,vanilla,yes,yes,party-a
43,31500,hispanic,not-high-school,married,employed,vanilla,yes,no,party-b
29,26500,caucasian,not-high-school,married,employed,vanilla,no,no,party-b
76,31000,caucasian,high-school,married,unemployed,vanilla,no,yes,party-a
47,39000,other,college,married,employed,vanilla,no,no,party-b
57,207500,african-american,college,single,employed,chocolate,yes,yes,party-b
40,54000,african-american,high-school,single,employed,vanilla,yes,yes,party-b
52,129000,hispanic,graduate-professional,single,employed,chocolate,no,no,party-b
67,123500,african-american,college,single,unemployed,vanilla,yes,yes,party-b
33,35500,african-american,high-school,single,employed,vanilla,no,no,party-a
35,16000,asian,not-high-school,single,employed,vanilla,yes,no,party-b
54,30000,asian,high-school,married,employed,chocolate,no,no,party-b
53,16500,african-american,college,married,employed,vanilla,yes,no,party-b
78,48000,asian,high-school,single,unemployed,vanilla,yes,yes,party-a
37,134000,asian,college,married,employed,chocolate,yes,yes,party-b
65,37500,african-american,college,married,employed,chocolate,yes,yes,party-b
66,46500,caucasian,college,single,employed,chocolate,yes,no,party-a
56,40000,hispanic,not-high-school,married,employed,chocolate,yes,no,party-b
68,72000,caucasian,high-school,married,employed,vanilla,no,yes,party-a
47,76500,african-american,graduate-professional,married,employed,vanilla,yes,no,party-b
57,37500,asian,high-school,single,employed,vanilla,no,yes,party-b
61,54500,african-american,high-school,married,employed,vanilla,yes,no,party-a
54,19500,african-american,high-school,married,employed,chocolate,no,no,party-b
56,77500,hispanic,high-school,married,employed,vanilla,yes,no,party-b
33,175500,hispanic,college,single,employed,vanilla,no,yes,party-b
76,42500,asian,graduate-professional,married,unemployed,vanilla,no,no,party-b
24,51000,caucasian,high-school,single,unemployed,vanilla,no,no,party-a
21,33500,caucasian,college,single,employed,chocolate,no,no,party-a
33,21500,hispanic,high-school,married,employed,vanilla,yes,yes,party-b
48,126000,african-american,graduate-professional,single,employed,vanilla,yes,no,party-b
39,36500,asian,high-school,single,unemployed,vanilla,yes,no,party-b
75,22500,asian,college,single,unemployed,chocolate,yes,no,party-a
57,30500,asian,high-school,single,employed,vanilla,no,no,party-a
43,99500,other,high-school,married,employed,vanilla,yes,yes,party-a
51,15000,asian,college,married,employed,chocolate,yes,no,party-b
47,72500,hispanic,college,married,employed,chocolate,yes,no,party-b
76,101500,hispanic,not-high-school,single,unemployed,vanilla,no,yes,party-a
51,82000,hispanic,graduate-professional,single,unemployed,vanilla,no,yes,party-a
57,97000,other,high-school,married,employed,chocolate,yes,no,party-b
69,103000,african-american,college,married,employed,vanilla,yes,yes,party-a
33,42000,caucasian,high-school,single,employed,chocolate,no,yes,party-b
79,23500,other,not-high-school,married,employed,vanilla,no,no,party-b
51,40000,hispanic,high-school,married,employed,vanilla,yes,no,party-b
46,37000,other,high-school,single,employed,chocolate,no,no,party-b
64,81000,caucasian,college,married,employed,vanilla,yes,yes,party-a
64,50000,other,high-school,single,unemployed,vanilla,yes,no,party-b
18,47000,other,high-school,single,employed,chocolate,yes,no,party-a
49,178500,caucasian,college,single,employed,vanilla,no,yes,party-b
72,37000,hispanic,high-school,married,employed,chocolate,no,yes,party-a
20,89500,asian,college,single,employed,chocolate,no,no,party-a
77,41500,african-american,college,married,employed,vanilla,yes,yes,party-a
50,197500,hispanic,graduate-professional,single,employed,chocolate,yes,yes,party-b
77,24500,african-american,not-high-school,single,unemployed,chocolate,yes,yes,party-b
81,35500,other,high-school,married,unemployed,chocolate,no,yes,party-a
78,32500,other,college,single,employed,vanilla,yes,no,party-a
68,95500,other,high-school,single,unemployed,chocolate,yes,yes,party-a
49,50000,hispanic,graduate-professional,married,employed,vanilla,yes,yes,party-a
18,36500,hispanic,high-school,single,employed,chocolate,no,no,party-a
18,23500,caucasian,high-school,single,employed,chocolate,yes,no,party-a
19,57500,other,graduate-professional,married,employed,vanilla,no,no,party-a
47,36000,caucasian,high-school,married,employed,vanilla,yes,yes,party-b
82,40000,caucasian,high-school,married,employed,chocolate,no,no,party-b
70,41500,caucasian,graduate-professional,married,unemployed,chocolate,no,yes,party-a
48,165500,hispanic,graduate-professional,married,unemployed,vanilla,yes,yes,party-b
21,46000,hispanic,not-high-school,single,unemployed,vanilla,no,no,party-a
52,54000,asian,high-school,married,employed,chocolate,no,yes,party-a
74,37000,other,high-school,married,unemployed,vanilla,yes,yes,party-a
70,100500,african-american,graduate-professional,married,unemployed,chocolate,no,no,party-a
63,74500,asian,college,single,employed,chocolate,no,no,party-a
30,45500,asian,high-school,single,employed,vanilla,yes,no,party-a
51,29000,asian,college,single,employed,chocolate,yes,yes,party-a
39,85000,hispanic,high-school,single,unemployed,vanilla,no,no,party-b
23,31000,african-american,high-school,single,employed,vanilla,no,yes,party-b
70,171500,asian,college,married,unemployed,vanilla,yes,yes,party-a
26,57000,hispanic,high-school,married,employed,chocolate,yes,yes,party-a
61,61500,african-american,college,married,unemployed,vanilla,yes,no,party-b
64,68500,caucasian,college,single,employed,vanilla,yes,no,party-a
46,22000,hispanic,not-high-school,married,employed,vanilla,no,no,party-b
78,92500,asian,graduate-professional,married,employed,vanilla,no,yes,party-a
29,28500,other,high-school,single,employed,chocolate,yes,no,party-a
49,34000,african-american,graduate-professional,married,employed,vanilla,no,yes,party-b
33,74000,other,college,married,employed,chocolate,yes,no,party-b
68,26000,other,college,married,employed,chocolate,no,yes,party-a
65,55500,other,graduate-professional,married,employed,vanilla,yes,yes,party-a
27,66000,asian,college,single,employed,chocolate,yes,no,party-a
45,79000,african-american,high-school,married,employed,chocolate,no,yes,party-a
26,64000,other,college,single,employed,vanilla,no,no,party-a
83,63000,other,college,married,unemployed,chocolate,no,yes,party-a
55,34000,african-american,high-school,married,employed,vanilla,yes,yes,party-b
76,48500,caucasian,graduate-professional,married,unemployed,vanilla,no,no,party-b
19,22000,asian,not-high-school,single,unemployed,vanilla,no,yes,party-b
30,67000,caucasian,college,single,employed,vanilla,yes,no,party-a
22,18000,african-american,not-high-school,married,employed,vanilla,no,no,party-b
52,34000,asian,college,single,employed,vanilla,yes,yes,party-b
26,75500,caucasian,high-school,single,employed,vanilla,yes,yes,party-a
76,119000,other,college,single,employed,chocolate,yes,yes,party-a
81,82000,african-american,graduate-professional,married,employed,chocolate,yes,yes,party-a
78,78000,other,graduate-professional,single,unemployed,vanilla,yes,no,party-a
45,41500,asian,high-school,single,employed,vanilla,no,no,party-b
46,85500,caucasian,high-school,single,employed,chocolate,no,no,party-a
24,69000,african-american,high-school,married,employed,vanilla,no,no,party-a
43,44000,caucasian,graduate-professional,single,employed,chocolate,no,no,party-a
24,44500,caucasian,high-school,single,employed,vanilla,no,no,party-a
24,36500,hispanic,high-school,single,employed,vanilla,yes,no,party-b
39,63500,caucasian,graduate-professional,married,employed,chocolate,yes,no,party-a
31,57000,other,college,single,employed,chocolate,no,no,party-a
30,69500,asian,not-high-school,single,unemployed,vanilla,yes,no,party-a
53,45500,hispanic,graduate-professional,married,employed,vanilla,yes,yes,party-a
38,63500,asian,high-school,single,employed,chocolate,no,yes,party-a
52,110000,asian,college,single,employed,vanilla,no,no,party-b
74,81000,other,not-high-school,married,unemployed,vanilla,no,yes,party-b
26,58500,asian,high-school,single,employed,vanilla,yes,no,party-a
57,45000,african-american,college,single,employed,vanilla,yes,no,party-a
52,32500,hispanic,college,single,employed,chocolate,yes,no,party-b
42,96000,asian,college,single,employed,vanilla,yes,no,party-b
59,38000,african-american,college,married,employed,vanilla,yes,yes,party-b
29,44500,other,college,married,employed,vanilla,no,yes,party-a
25,113000,caucasian,graduate-professional,single,employed,vanilla,no,no,party-a
39,27000,african-american,high-school,single,employed,chocolate,yes,yes,party-b
82,34000,hispanic,high-school,married,unemployed,chocolate,yes,yes,party-b
84,38500,caucasian,graduate-professional,married,unemployed,vanilla,yes,yes,party-a
35,25000,other,high-school,married,employed,vanilla,yes,no,party-b
77,79000,hispanic,graduate-professional,married,unemployed,chocolate,yes,no,party-a
73,43000,african-american,college,married,unemployed,chocolate,yes,yes,party-a
42,59000,african-american,college,single,employed,chocolate,yes,no,party-a
57,77500,hispanic,college,married,employed,chocolate,yes,no,party-a
38,74500,hispanic,graduate-professional,single,employed,vanilla,yes,yes,party-a
62,49500,caucasian,college,married,employed,vanilla,yes,yes,party-a
68,41000,asian,college,single,employed,chocolate,yes,yes,party-a
64,39500,african-american,not-high-school,single,employed,chocolate,yes,no,party-b
29,51500,hispanic,college,single,employed,vanilla,yes,no,party-a
20,45500,hispanic,high-school,single,unemployed,chocolate,no,no,party-a
84,38000,hispanic,college,married,unemployed,vanilla,yes,yes,party-b
62,148000,asian,not-high-school,single,employed,chocolate,yes,yes,party-b
31,70000,caucasian,graduate-professional,married,employed,chocolate,no,no,party-a
83,61500,hispanic,high-school,married,unemployed,chocolate,no,yes,party-a
59,29000,african-american,college,single,unemployed,vanilla,no,no,party-a
84,65500,asian,college,married,unemployed,vanilla,no,no,party-b
20,39500,other,high-school,single,employed,vanilla,no,no,party-a
47,48500,caucasian,not-high-school,single,employed,vanilla,no,no,party-b
75,57500,asian,graduate-professional,married,unemployed,chocolate,no,yes,party-a
36,132000,asian,high-school,married,employed,vanilla,yes,yes,party-b
61,78000,african-american,graduate-professional,married,unemployed,chocolate,no,no,party-a
63,72500,hispanic,not-high-school,married,employed,chocolate,yes,no,party-b
49,103000,other,high-school,married,employed,vanilla,yes,no,party-b
75,39000,caucasian,not-high-school,married,unemployed,vanilla,yes,yes,party-b
57,53000,african-american,high-school,single,employed,chocolate,yes,no,party-a
44,103500,other,graduate-professional,single,employed,chocolate,yes,yes,party-b
54,80500,hispanic,college,married,employed,chocolate,no,yes,party-a
49,42000,other,not-high-school,single,employed,chocolate,yes,no,party-b
57,122000,other,high-school,married,employed,vanilla,no,yes,party-a
24,55000,african-american,college,married,employed,chocolate,yes,yes,party-a
77,124500,asian,graduate-professional,married,employed,chocolate,yes,yes,party-a
22,15000,hispanic,high-school,single,employed,vanilla,no,no,party-a
56,40000,hispanic,graduate-professional,single,employed,chocolate,yes,no,party-b
48,69500,african-american,college,married,employed,chocolate,yes,no,party-b
72,29000,hispanic,not-high-school,married,employed,chocolate,yes,yes,party-a
71,68500,african-american,college,married,employed,vanilla,no,no,party-a
84,52500,caucasian,college,married,unemployed,vanilla,yes,yes,party-a
52,24500,african-american,college,married,employed,vanilla,yes,no,party-b
66,68500,asian,graduate-professional,married,employed,chocolate,no,yes,party-a
28,40000,other,college,single,employed,vanilla,no,yes,party-a
25,31000,african-american,graduate-professional,single,employed,vanilla,yes,yes,party-b
83,39000,asian,college,married,unemployed,chocolate,yes,yes,party-b
39,46000,hispanic,high-school,married,employed,vanilla,no,no,party-a
23,40000,caucasian,not-high-school,single,employed,vanilla,no,no,party-a
33,104500,caucasian,college,single,employed,vanilla,no,yes,party-a
33,30000,other,not-high-school,married,employed,vanilla,yes,no,party-b
19,54000,hispanic,college,married,employed,vanilla,yes,no,party-a
27,51000,other,graduate-professional,married,employed,chocolate,yes,no,party-a
48,140500,caucasian,college,married,employed,vanilla,yes,yes,party-a
24,96000,african-american,high-school,single,employed,chocolate,yes,yes,party-a
45,138500,hispanic,graduate-professional,single,employed,chocolate,no,yes,party-b
34,46000,african-american,high-school,married,employed,vanilla,no,yes,party-b
84,55500,hispanic,graduate-professional,married,employed,vanilla,yes,no,party-a
41,36000,caucasian,high-school,single,employed,chocolate,yes,yes,party-b
29,129000,asian,high-school,single,employed,chocolate,yes,yes,party-a
24,40000,other,graduate-professional,single,employed,vanilla,yes,no,party-b
73,49000,african-american,college,married,unemployed,chocolate,yes,yes,party-a
46,74000,hispanic,college,married,employed,chocolate,no,no,party-b
24,43500,caucasian,high-school,married,employed,vanilla,no,yes,party-a
71,16500,other,not-high-school,married,unemployed,chocolate,no,no,party-b
79,29000,asian,college,married,employed,chocolate,yes,yes,party-a
51,45000,caucasian,college,single,employed,chocolate,yes,no,party-b
22,29500,african-american,not-high-school,single,employed,chocolate,no,no,party-a
27,40000,hispanic,college,single,employed,vanilla,no,no,party-a
50,54000,other,college,single,employed,chocolate,yes,no,party-a
70,185500,caucasian,high-school,single,employed,vanilla,no,yes,party-a
48,31000,hispanic,college,single,employed,chocolate,yes,no,party-b
52,57000,african-american,college,single,employed,chocolate,yes,no,party-b
42,41500,hispanic,high-school,single,employed,vanilla,yes,yes,party-b
21,34000,hispanic,college,single,employed,vanilla,yes,no,party-a
50,47000,other,college,single,unemployed,chocolate,yes,no,party-b
83,118500,other,college,single,unemployed,chocolate,yes,yes,party-b
65,21000,asian,college,married,employed,chocolate,no,no,party-b
54,96500,caucasian,not-high-school,single,employed,chocolate,yes,no,party-b
59,60000,asian,high-school,married,employed,vanilla,yes,yes,party-b
76,171500,hispanic,graduate-professional,married,unemployed,chocolate,yes,yes,party-a
46,31500,african-american,college,single,employed,vanilla,yes,no,party-b
28,34000,african-american,high-school,married,employed,vanilla,yes,no,party-b
40,35500,hispanic,high-school,single,employed,chocolate,yes,no,party-b
52,56500,other,college,single,employed,chocolate,yes,no,party-a
49,80500,caucasian,college,married,unemployed,chocolate,no,no,party-b
83,34000,african-american,college,married,unemployed,chocolate,no,no,party-b
56,88500,african-american,not-high-school,married,employed,chocolate,no,no,party-a
77,60500,african-american,graduate-professional,married,employed,vanilla,no,yes,party-a
33,23000,hispanic,college,single,employed,vanilla,no,no,party-b
82,80500,caucasian,graduate-professional,married,employed,vanilla,yes,yes,party-a
25,78000,other,high-school,single,employed,vanilla,no,no,party-a
31,27000,asian,not-high-school,single,employed,chocolate,yes,no,party-b
18,48500,hispanic,high-school,single,unemployed,vanilla,yes,no,party-a
78,94500,other,high-school,married,unemployed,vanilla,yes,no,party-a
20,220000,african-american,graduate-professional,single,employed,vanilla,yes,yes,party-a
62,85500,african-american,not-high-school,single,employed,chocolate,no,yes,party-a
67,41000,hispanic,high-school,married,unemployed,vanilla,yes,no,party-b
72,78500,caucasian,college,married,employed,vanilla,no,yes,party-a
75,54000,asian,graduate-professional,married,unemployed,vanilla,no,no,party-a
21,33500,caucasian,college,single,employed,vanilla,yes,no,party-a
34,26000,caucasian,graduate-professional,single,employed,vanilla,yes,no,party-b
19,155000,other,graduate-professional,single,employed,vanilla,no,no,party-a
83,27500,other,college,married,unemployed,vanilla,yes,yes,party-b
74,51000,african-american,high-school,married,unemployed,vanilla,yes,no,party-a
75,47000,hispanic,college,married,unemployed,vanilla,yes,yes,party-a
23,31500,hispanic,not-high-school,single,employed,chocolate,no,no,party-b
55,30000,caucasian,college,single,employed,chocolate,yes,no,party-b
44,42000,other,high-school,single,employed,vanilla,yes,no,party-b
18,15500,asian,not-high-school,single,employed,chocolate,no,no,party-a
76,89000,african-american,high-school,married,unemployed,vanilla,no,yes,party-a
19,156000,caucasian,not-high-school,single,employed,chocolate,yes,no,party-a
67,98500,asian,high-school,married,unemployed,chocolate,no,yes,party-a
34,71500,hispanic,graduate-professional,single,employed,chocolate,yes,no,party-a
24,23000,african-american,not-high-school,single,employed,vanilla,yes,no,party-b
48,33500,caucasian,college,married,employed,chocolate,yes,yes,party-b
23,43500,other,college,married,employed,chocolate,yes,no,party-a
71,27000,african-american,high-school,married,unemployed,vanilla,yes,no,party-a
63,65000,hispanic,college,single,employed,chocolate,no,yes,party-b
83,39500,african-american,college,married,employed,vanilla,no,yes,party-a
77,60000,other,college,married,unemployed,vanilla,yes,yes,party-a
32,36000,other,high-school,single,employed,chocolate,yes,yes,party-b
72,77500,asian,high-school,married,unemployed,vanilla,yes,yes,party-a
48,51500,african-american,graduate-professional,single,unemployed,chocolate,yes,no,party-a
77,32000,other,high-school,married,employed,vanilla,no,yes,party-a
70,46500,hispanic,high-school,married,unemployed,chocolate,yes,no,party-b
28,68000,caucasian,high-school,single,employed,vanilla,no,no,party-a
54,29500,other,high-school,single,unemployed,vanilla,yes,yes,party-b
80,39500,other,college,married,unemployed,chocolate,no,yes,party-a
33,15000,caucasian,not-high-school,married,employed,vanilla,yes,no,party-b
31,57500,hispanic,graduate-professional,single,employed,vanilla,yes,no,party-a
80,135000,hispanic,graduate-professional,married,employed,chocolate,yes,yes,party-a
49,19000,african-american,high-school,married,unemployed,vanilla,yes,no,party-b
32,66000,hispanic,college,single,employed,vanilla,yes,no,party-a
39,29000,other,high-school,single,employed,chocolate,no,no,party-b
54,50500,hispanic,high-school,married,unemployed,chocolate,yes,yes,party-b
27,27000,hispanic,college,single,employed,chocolate,yes,yes,party-a
67,82000,african-american,graduate-professional,married,unemployed,chocolate,yes,yes,party-a
81,38500,african-american,not-high-school,married,unemployed,vanilla,no,yes,party-b
42,152000,caucasian,college,married,unemployed,vanilla,yes,no,party-b
83,18000,other,college,single,unemployed,vanilla,yes,no,party-a
31,78000,hispanic,college,married,employed,chocolate,yes,no,party-a
71,64000,african-american,high-school,married,employed,vanilla,no,no,party-a
49,93500,asian,college,single,employed,chocolate,yes,yes,party-b
26,48500,caucasian,college,single,employed,vanilla,no,no,party-a
82,68000,african-american,college,married,employed,chocolate,yes,no,party-a
36,54000,african-american,not-high-school,married,employed,vanilla,yes,no,party-b
62,41000,asian,graduate-professional,single,employed,vanilla,no,yes,party-b
38,15000,other,high-school,single,employed,vanilla,yes,no,party-b
22,75500,african-american,graduate-professional,single,employed,chocolate,no,yes,party-a
30,70500,asian,college,married,unemployed,chocolate,yes,yes,party-b
32,46500,asian,graduate-professional,single,employed,chocolate,no,no,party-a
67,36500,asian,graduate-professional,married,unemployed,chocolate,yes,no,party-b
23,20500,asian,high-school,single,employed,chocolate,yes,no,party-a
39,46000,other,graduate-professional,single,unemployed,vanilla,yes,no,party-b
60,30000,african-american,college,married,employed,vanilla,yes,no,party-a
82,60000,other,high-school,single,unemployed,vanilla,no,yes,party-a
69,25000,caucasian,not-high-school,married,unemployed,vanilla,yes,no,party-b
36,52500,other,graduate-professional,married,employed,vanilla,yes,no,party-b
66,27000,other,not-high-school,single,employed,vanilla,yes,no,party-b
45,66000,asian,not-high-school,single,employed,chocolate,yes,no,party-b
75,28000,caucasian,college,married,employed,chocolate,no,yes,party-a
58,75500,african-american,high-school,married,employed,vanilla,yes,yes,party-a
71,66500,other,high-school,married,employed,vanilla,yes,yes,party-a
18,123500,african-american,graduate-professional,single,employed,vanilla,yes,yes,party-a
37,40500,hispanic,high-school,single,employed,chocolate,no,no,party-b
50,57500,asian,college,single,employed,vanilla,yes,no,party-b
56,89500,hispanic,graduate-professional,single,employed,chocolate,yes,yes,party-a
19,62500,other,college,married,employed,vanilla,no,no,party-a
40,28500,caucasian,high-school,single,employed,chocolate,yes,no,party-a
43,59000,asian,high-school,single,employed,chocolate,yes,yes,party-b
37,51500,other,high-school,single,unemployed,chocolate,yes,no,party-b
43,64000,african-american,high-school,single,unemployed,chocolate,no,no,party-b
80,94000,asian,high-school,married,unemployed,chocolate,yes,yes,party-a
84,72500,asian,college,married,employed,chocolate,no,yes,party-a
57,86500,african-american,graduate-professional,married,employed,chocolate,no,no,party-a
51,109000,african-american,graduate-professional,single,employed,vanilla,no,yes,party-b
75,97000,other,college,married,unemployed,chocolate,no,yes,party-a
84,37000,other,high-school,married,employed,chocolate,yes,no,party-b
83,94000,caucasian,graduate-professional,married,unemployed,vanilla,no,yes,party-a
51,85500,caucasian,college,married,employed,vanilla,no,no,party-b
32,29500,other,high-school,single,employed,chocolate,yes,no,party-b
36,26500,caucasian,college,single,employed,vanilla,yes,no,party-a
47,70000,african-american,high-school,married,employed,vanilla,no,no,party-b
58,64500,asian,college,married,employed,chocolate,no,yes,party-a
22,54500,asian,high-school,married,employed,chocolate,no,no,party-a
52,39500,caucasian,not-high-school,married,unemployed,vanilla,no,no,party-b
82,27500,african-american,high-school,married,unemployed,vanilla,yes,yes,party-b
44,175500,caucasian,graduate-professional,married,employed,chocolate,no,no,party-b
35,34500,african-american,not-high-school,single,employed,chocolate,no,no,party-b
22,45000,caucasian,college,single,employed,chocolate,no,no,party-a
27,38000,other,college,married,employed,chocolate,yes,no,party-b
69,40500,other,college,married,unemployed,chocolate,yes,no,party-a
79,26000,asian,high-school,married,employed,vanilla,no,yes,party-a
67,60000,hispanic,college,married,unemployed,chocolate,yes,yes,party-a
70,111500,other,college,married,unemployed,vanilla,yes,no,party-b
37,50500,african-american,college,single,employed,chocolate,yes,yes,party-b
63,139500,other,graduate-professional,married,employed,vanilla,yes,yes,party-a
77,85000,other,high-school,married,unemployed,vanilla,yes,yes,party-a
47,73500,other,high-school,single,unemployed,vanilla,yes,no,party-a
35,58500,hispanic,college,single,employed,chocolate,yes,no,party-a
77,21500,caucasian,high-school,married,unemployed,vanilla,yes,yes,party-b
24,87000,asian,not-high-school,single,employed,vanilla,yes,no,party-a
75,41500,hispanic,high-school,married,unemployed,chocolate,yes,no,party-b
60,164000,caucasian,graduate-professional,married,employed,vanilla,yes,yes,party-b
25,103000,hispanic,graduate-professional,single,employed,chocolate,no,no,party-b
21,54000,other,graduate-professional,single,employed,vanilla,no,no,party-a
59,90500,caucasian,graduate-professional,married,employed,vanilla,yes,no,party-a
28,27000,asian,graduate-professional,married,unemployed,vanilla,no,no,party-b
19,31500,african-american,high-school,single,unemployed,chocolate,no,no,party-a
61,150000,asian,graduate-professional,married,employed,chocolate,yes,yes,party-a
25,75000,other,college,married,employed,chocolate,yes,no,party-a
39,43500,caucasian,graduate-professional,single,employed,chocolate,no,no,party-a
76,53000,asian,graduate-professional,married,unemployed,vanilla,yes,yes,party-a
44,49500,other,high-school,single,employed,chocolate,yes,yes,party-b
66,46000,african-american,high-school,married,unemployed,chocolate,no,yes,party-a
49,45500,caucasian,high-school,single,employed,chocolate,yes,yes,party-b
78,54000,african-american,graduate-professional,married,unemployed,chocolate,no,yes,party-a
66,43500,hispanic,graduate-professional,married,employed,vanilla,yes,no,party-b
41,24500,asian,not-high-school,single,employed,vanilla,yes,yes,party-b
67,220000,asian,graduate-professional,married,employed,vanilla,no,yes,party-a
52,65000,asian,college,married,employed,chocolate,yes,no,party-a
66,25000,asian,high-school,married,unemployed,chocolate,yes,yes,party-a
72,39000,asian,high-school,married,unemployed,vanilla,no,no,party-b
79,52500,asian,high-school,married,employed,vanilla,yes,yes,party-a
45,62500,caucasian,college,single,employed,vanilla,no,yes,party-a
50,30500,caucasian,college,single,employed,vanilla,yes,yes,party-b
37,29000,african-american,high-school,married,employed,chocolate,yes,yes,party-b
71,57000,other,college,single,employed,chocolate,yes,yes,party-a
27,45500,hispanic,college,single,employed,chocolate,yes,no,party-a
59,67000,african-american,college,single,employed,vanilla,yes,yes,party-a
42,89000,asian,high-school,single,employed,vanilla,yes,yes,party-b
81,81500,caucasian,college,married,unemployed,chocolate,no,yes,party-a
80,61000,hispanic,high-school,married,unemployed,chocolate,no,yes,party-a
64,40000,other,high-school,married,employed,vanilla,yes,no,party-b
52,128500,african-american,graduate-professional,single,employed,chocolate,yes,no,party-a
79,33000,other,not-high-school,single,unemployed,chocolate,yes,no,party-a
70,65500,other,college,single,unemployed,chocolate,yes,no,party-a
76,91000,caucasian,high-school,married,employed,chocolate,no,yes,party-a
26,58000,hispanic,high-school,single,employed,vanilla,yes,yes,party-a
65,43000,caucasian,not-high-school,married,employed,vanilla,yes,yes,party-a
78,135500,other,graduate-professional,single,unemployed,vanilla,yes,yes,party-b
48,77500,hispanic,college,single,employed,chocolate,yes,no,party-a
63,47500,hispanic,high-school,married,employed,chocolate,yes,no,party-a
67,45000,hispanic,college,married,unemployed,vanilla,no,no,party-a
77,74500,hispanic,graduate-professional,married,employed,chocolate,yes,no,party-a
54,44500,asian,college,single,employed,chocolate,yes,no,party-b
75,19500,asian,not-high-school,married,employed,chocolate,no,no,party-b
38,39000,caucasian,high-school,single,employed,vanilla,yes,no,party-b
34,62000,african-american,graduate-professional,single,employed,chocolate,no,no,party-b
60,123500,african-american,college,married,employed,chocolate,no,yes,party-b
24,24000,african-american,not-high-school,single,employed,vanilla,yes,no,party-b
67,18000,caucasian,not-high-school,single,unemployed,chocolate,no,no,party-b
43,39000,asian,high-school,single,employed,vanilla,yes,no,party-a
18,64500,african-american,graduate-professional,single,unemployed,chocolate,yes,no,party-a
59,36000,asian,graduate-professional,married,employed,vanilla,yes,yes,party-a
23,35000,caucasian,high-school,single,employed,chocolate,yes,no,party-a
25,220000,asian,college,single,employed,vanilla,yes,no,party-a
37,33000,african-american,not-high-school,married,employed,vanilla,yes,no,party-b
52,62000,african-american,college,married,employed,chocolate,yes,yes,party-a
77,82000,asian,graduate-professional,married,unemployed,vanilla,no,yes,party-a
27,105500,caucasian,college,married,employed,chocolate,yes,no,party-a
81,26000,caucasian,high-school,married,employed,chocolate,yes,no,party-b
51,59000,asian,college,married,unemployed,chocolate,no,no,party-b
30,57500,hispanic,college,single,employed,chocolate,yes,no,party-a
66,115500,other,high-school,single,employed,chocolate,no,no,party-a
54,78000,asian,graduate-professional,married,employed,chocolate,yes,yes,party-a
65,104500,caucasian,graduate-professional,married,employed,vanilla,yes,no,party-a
61,65000,caucasian,high-school,married,employed,chocolate,yes,yes,party-a
56,73000,other,college,married,unemployed,vanilla,yes,yes,party-a
35,78500,asian,college,single,employed,vanilla,yes,no,party-a
21,39000,hispanic,college,single,employed,vanilla,yes,no,party-a
42,45000,asian,high-school,single,employed,vanilla,yes,yes,party-a
28,34000,caucasian,college,married,employed,vanilla,yes,no,party-b
35,68000,african-american,high-school,married,employed,vanilla,yes,no,party-a
23,40000,other,high-school,single,employed,vanilla,yes,yes,party-b
68,65000,caucasian,college,married,unemployed,chocolate,yes,no,party-a
61,82000,other,high-school,married,employed,vanilla,yes,no,party-a
41,58000,hispanic,college,single,employed,vanilla,no,no,party-a
23,62000,hispanic,graduate-professional,single,employed,chocolate,yes,no,party-a
43,75000,hispanic,not-high-school,single,employed,chocolate,yes,no,party-a
31,53000,african-american,college,married,employed,vanilla,yes,no,party-b
81,39500,other,college,married,unemployed,chocolate,no,yes,party-a
77,64500,other,high-school,married,unemployed,chocolate,yes,no,party-a
70,39500,african-american,high-school,married,employed,vanilla,no,no,party-b
67,56000,asian,college,married,employed,vanilla,no,no,party-a
35,51500,hispanic,high-school,single,employed,chocolate,yes,yes,party-b
22,99500,asian,college,single,employed,vanilla,yes,yes,party-a
29,33500,other,high-school,single,employed,chocolate,no,no,party-b
77,32500,hispanic,college,married,unemployed,chocolate,no,no,party-b
19,105000,african-american,college,single,employed,vanilla,yes,no,party-a
41,117000,asian,graduate-professional,single,employed,vanilla,no,no,party-b
80,29000,african-american,high-school,married,unemployed,chocolate,yes,yes,party-b
76,43000,caucasian,not-high-school,single,unemployed,chocolate,no,yes,party-a
36,39500,hispanic,high-school,single,employed,chocolate,yes,no,party-a
71,57500,other,high-school,married,unemployed,vanilla,yes,yes,party-a
72,136500,hispanic,not-high-school,married,employed,chocolate,yes,yes,party-b
59,47500,hispanic,college,single,employed,vanilla,yes,no,party-a
42,40000,asian,high-school,single,employed,vanilla,yes,no,party-b
34,64500,caucasian,high-school,single,employed,chocolate,no,no,party-a
79,122500,other,graduate-professional,married,unemployed,vanilla,yes,no,party-a
70,73000,asian,graduate-professional,married,unemployed,chocolate,yes,yes,party-a
65,68500,african-american,college,married,employed,chocolate,no,yes,party-a
41,99500,asian,high-school,single,employed,chocolate,yes,yes,party-b
51,64000,african-american,college,married,employed,chocolate,no,no,party-b
75,106500,hispanic,college,married,employed,vanilla,yes,yes,party-a
39,25500,hispanic,college,married,employed,chocolate,yes,yes,party-a
68,87000,caucasian,college,single,unemployed,vanilla,no,yes,party-a
23,33000,african-american,high-school,married,unemployed,chocolate,yes,no,party-a
30,23500,african-american,not-high-school,single,employed,chocolate,yes,no,party-b
50,81500,asian,graduate-professional,married,employed,chocolate,no,no,party-b
67,108000,hispanic,high-school,married,unemployed,chocolate,no,no,party-b
21,193000,hispanic,high-school,single,employed,chocolate,yes,no,party-b
34,77000,hispanic,graduate-professional,single,employed,chocolate,no,no,party-a
53,40500,hispanic,college,single,employed,chocolate,no,no,party-b
68,37500,hispanic,high-school,married,unemployed,vanilla,no,yes,party-b
39,45500,other,high-school,married,employed,vanilla,no,yes,party-a
62,16500,caucasian,not-high-school,married,employed,vanilla,yes,yes,party-b
58,57500,hispanic,college,married,employed,chocolate,yes,yes,party-a
35,173000,african-american,high-school,married,employed,chocolate,no,no,party-a
61,76000,asian,graduate-professional,married,employed,vanilla,no,yes,party-a
29,106000,hispanic,college,single,employed,chocolate,yes,no,party-a
34,28500,other,college,single,employed,vanilla,yes,no,party-a
57,43000,asian,college,single,employed,chocolate,no,no,party-a
21,184000,african-american,graduate-professional,single,employed,vanilla,yes,no,party-a
36,49500,caucasian,high-school,married,employed,chocolate,no,no,party-b
54,81000,hispanic,high-school,married,employed,chocolate,yes,no,party-b
64,95000,african-american,graduate-professional,single,unemployed,vanilla,yes,no,party-a
67,102000,caucasian,graduate-professional,single,employed,vanilla,yes,yes,party-a
57,41500,asian,not-high-school,married,employed,chocolate,no,no,party-b
82,46500,other,high-school,married,employed,chocolate,yes,no,party-b
19,20000,other,high-school,married,employed,vanilla,no,no,party-a
48,22000,hispanic,college,married,employed,vanilla,no,yes,party-b
20,40000,hispanic,high-school,single,employed,vanilla,yes,no,party-b
20,86000,caucasian,college,married,unemployed,vanilla,yes,no,party-a
58,49500,african-american,not-high-school,married,employed,chocolate,no,yes,party-a
65,49000,african-american,college,married,employed,chocolate,no,no,party-a
53,68500,hispanic,college,married,employed,chocolate,yes,no,party-b
68,80000,asian,high-school,married,employed,vanilla,no,no,party-b
42,29000,african-american,high-school,single,employed,chocolate,yes,yes,party-b
20,66500,african-american,college,single,unemployed,vanilla,yes,no,party-a
43,81000,hispanic,graduate-professional,single,employed,chocolate,yes,no,party-b
79,27000,hispanic,college,married,unemployed,vanilla,no,yes,party-a
36,26500,caucasian,graduate-professional,married,unemployed,chocolate,yes,no,party-b
74,39500,other,high-school,married,unemployed,vanilla,no,yes,party-a
38,65500,caucasian,high-school,married,employed,chocolate,no,no,party-a
74,37000,other,graduate-professional,married,unemployed,vanilla,yes,no,party-a
72,90500,asian,college,married,unemployed,chocolate,no,yes,party-a
43,127000,caucasian,graduate-professional,married,employed,chocolate,yes,yes,party-b
76,135500,caucasian,college,married,unemployed,vanilla,no,yes,party-a
63,32500,caucasian,high-school,married,employed,vanilla,yes,no,party-b
55,89000,asian,graduate-professional,married,employed,vanilla,yes,yes,party-a
27,48000,other,high-school,married,employed,vanilla,no,no,party-a
62,29500,african-american,graduate-professional,married,employed,vanilla,yes,yes,party-b
83,27500,african-american,college,married,unemployed,chocolate,yes,yes,party-b
34,49500,other,college,married,employed,chocolate,yes,no,party-b
72,38500,hispanic,graduate-professional,married,employed,chocolate,yes,yes,party-a
84,47500,african-american,college,married,unemployed,vanilla,yes,no,party-a
68,65500,asian,college,married,employed,vanilla,yes,no,party-a
54,30500,caucasian,college,married,unemployed,chocolate,yes,no,party-b
77,79000,asian,college,married,unemployed,vanilla,yes,yes,party-a
56,136500,african-american,graduate-professional,single,employed,vanilla,yes,yes,party-b
24,33500,caucasian,not-high-school,married,unemployed,vanilla,no,no,party-b
67,58500,caucasian,graduate-professional,married,unemployed,chocolate,no,yes,party-a
51,22500,african-american,not-high-school,single,employed,chocolate,no,yes,party-b
49,63000,african-american,high-school,married,unemployed,vanilla,no,no,party-b
26,73500,other,college,single,employed,vanilla,yes,no,party-a
66,47500,caucasian,college,single,unemployed,chocolate,no,no,party-a
75,59500,asian,college,married,employed,chocolate,no,yes,party-a
42,35000,asian,not-high-school,married,employed,vanilla,no,no,party-b
57,45500,caucasian,high-school,married,employed,chocolate,yes,no,party-b
29,26500,hispanic,high-school,single,employed,vanilla,yes,no,party-b
81,41000,african-american,graduate-professional,single,unemployed,chocolate,yes,yes,party-a
41,68000,asian,college,single,unemployed,vanilla,yes,yes,party-b
78,41000,other,college,married,unemployed,vanilla,no,yes,party-b
68,31000,african-american,high-school,married,employed,vanilla,yes,no,party-b
25,138000,hispanic,college,single,employed,vanilla,yes,no,party-a
62,44000,other,high-school,married,employed,vanilla,no,yes,party-a
26,44500,african-american,college,single,employed,chocolate,yes,no,party-a
25,33000,other,graduate-professional,married,employed,vanilla,yes,no,party-a
78,42500,caucasian,high-school,single,employed,chocolate,yes,no,party-a
49,17000,african-american,not-high-school,married,employed,chocolate,yes,yes,party-b
33,19000,african-american,not-high-school,married,employed,vanilla,yes,no,party-b
21,41500,hispanic,high-school,married,employed,chocolate,yes,no,party-b
36,49000,other,college,single,employed,vanilla,yes,no,party-a
48,41500,other,graduate-professional,single,employed,chocolate,yes,yes,party-a
64,64500,caucasian,college,single,employed,chocolate,no,yes,party-b
47,84000,caucasian,not-high-school,married,employed,chocolate,yes,no,party-b
24,17500,african-american,high-school,single,employed,vanilla,no,no,party-a
27,41000,caucasian,high-school,married,unemployed,vanilla,yes,no,party-b
56,93000,hispanic,high-school,married,employed,chocolate,no,no,party-a
66,63500,other,college,married,employed,vanilla,yes,yes,party-a
22,25500,african-american,college,single,employed,chocolate,no,no,party-b
38,35000,hispanic,college,married,employed,chocolate,yes,no,party-b
49,29000,african-american,college,married,employed,vanilla,no,no,party-b
40,26000,asian,high-school,single,employed,chocolate,no,no,party-a
28,79000,asian,college,single,employed,chocolate,yes,no,party-a
48,132000,other,high-school,single,employed,chocolate,yes,yes,party-b
52,29500,hispanic,graduate-professional,married,employed,vanilla,yes,yes,party-b
76,84000,other,graduate-professional,married,employed,vanilla,yes,no,party-a
61,47500,african-american,college,married,unemployed,vanilla,no,yes,party-a
42,49000,other,college,married,employed,vanilla,yes,no,party-b
58,43000,caucasian,high-school,married,employed,chocolate,yes,yes,party-a
34,101500,asian,graduate-professional,married,employed,vanilla,yes,no,party-a
84,33500,hispanic,college,married,unemployed,chocolate,no,no,party-a
34,37000,asian,college,married,employed,vanilla,yes,no,party-b
45,24500,caucasian,college,married,employed,vanilla,yes,no,party-b
46,75500,other,not-high-school,single,employed,vanilla,no,yes,party-b
45,100000,african-american,graduate-professional,married,employed,vanilla,yes,yes,party-a
74,49500,hispanic,graduate-professional,single,employed,chocolate,no,yes,party-a
18,92500,caucasian,graduate-professional,single,unemployed,chocolate,no,no,party-a
33,29500,caucasian,high-school,married,employed,chocolate,yes,no,party-b
77,46500,other,high-school,single,unemployed,vanilla,no,no,party-a
59,125500,asian,graduate-professional,married,employed,vanilla,yes,no,party-b
81,72000,caucasian,high-school,married,unemployed,chocolate,no,yes,party-a
73,86000,caucasian,graduate-professional,married,unemployed,vanilla,yes,yes,party-a
18,73000,hispanic,high-school,single,employed,chocolate,yes,no,party-a
29,102500,african-american,high-school,married,employed,chocolate,no,no,party-a
39,69000,other,college,married,employed,vanilla,yes,no,party-a
22,60000,hispanic,graduate-professional,single,unemployed,vanilla,yes,no,party-a
57,49000,hispanic,graduate-professional,single,employed,vanilla,yes,no,party-a
50,64000,other,not-high-school,married,unemployed,chocolate,yes,yes,party-a
42,45500,caucasian,high-school,married,employed,vanilla,yes,yes,party-a
37,44500,asian,college,married,employed,chocolate,yes,yes,party-b
71,33000,caucasian,high-school,married,unemployed,vanilla,yes,no,party-b
84,32500,asian,college,married,employed,vanilla,yes,yes,party-b
53,38500,other,college,married,employed,vanilla,no,yes,party-b
21,73000,african-american,college,single,employed,chocolate,yes,no,party-a
39,72000,african-american,high-school,single,employed,chocolate,no,yes,party-b
25,32000,caucasian,high-school,married,employed,vanilla,yes,no,party-b
19,85000,african-american,graduate-professional,single,employed,vanilla,yes,no,party-a
36,39500,asian,graduate-professional,single,employed,chocolate,yes,no,party-b
55,60500,caucasian,high-school,single,employed,chocolate,no,no,party-a
28,54000,caucasian,college,single,employed,vanilla,yes,no,party-a
72,21500,hispanic,high-school,married,unemployed,vanilla,yes,no,party-b
18,78500,caucasian,college,married,unemployed,vanilla,no,no,party-a
68,39000,african-american,high-school,single,unemployed,chocolate,no,no,party-b
20,122000,african-american,graduate-professional,single,employed,vanilla,no,no,party-a
52,15000,caucasian,high-school,single,unemployed,vanilla,yes,yes,party-b
19,99000,asian,not-high-school,single,employed,vanilla,no,no,party-a
61,49000,other,graduate-professional,married,employed,vanilla,yes,yes,party-a
66,133000,african-american,college,single,employed,vanilla,yes,yes,party-b
64,24000,caucasian,high-school,married,employed,chocolate,yes,yes,party-b
61,32500,hispanic,graduate-professional,single,employed,vanilla,yes,yes,party-b
75,114000,caucasian,college,married,unemployed,chocolate,no,yes,party-a
44,26500,african-american,not-high-school,married,employed,chocolate,no,yes,party-b
18,69500,caucasian,high-school,single,unemployed,vanilla,yes,yes,party-b
74,50500,hispanic,graduate-professional,married,unemployed,vanilla,yes,yes,party-a
54,24000,african-american,high-school,married,employed,chocolate,yes,no,party-b
60,55500,african-american,high-school,married,employed,chocolate,yes,no,party-b
54,40000,caucasian,high-school,single,employed,chocolate,yes,yes,party-b
19,27500,african-american,high-school,single,unemployed,vanilla,yes,no,party-b
66,105500,caucasian,graduate-professional,married,unemployed,chocolate,no,yes,party-b
51,47500,caucasian,not-high-school,married,employed,vanilla,yes,no,party-b
81,41000,caucasian,high-school,married,unemployed,vanilla,yes,no,party-a
40,37000,caucasian,graduate-professional,single,unemployed,chocolate,yes,yes,party-b
54,67000,other,college,single,employed,chocolate,no,no,party-a
84,31500,asian,high-school,married,employed,vanilla,no,no,party-b
41,40000,hispanic,high-school,married,employed,chocolate,yes,no,party-b
81,30500,hispanic,high-school,married,unemployed,chocolate,no,no,party-b
60,64500,hispanic,not-high-school,married,unemployed,chocolate,yes,no,party-b
45,77000,african-american,college,single,unemployed,chocolate,yes,no,party-b
54,220000,asian,graduate-professional,married,employed,vanilla,no,yes,party-b
29,47500,african-american,college,single,employed,vanilla,yes,no,party-a
77,41000,african-american,college,married,unemployed,vanilla,yes,no,party-b
56,93500,other,high-school,married,employed,chocolate,yes,no,party-a
61,50000,caucasian,college,married,employed,chocolate,no,yes,party-a
31,85500,asian,college,single,employed,chocolate,yes,no,party-a
76,70000,asian,college,married,unemployed,vanilla,yes,yes,party-a
43,104500,hispanic,college,single,employed,vanilla,no,no,party-a
74,70500,caucasian,graduate-professional,married,unemployed,chocolate,yes,yes,party-a
80,36500,african-american,graduate-professional,married,unemployed,chocolate,yes,yes,party-a
25,47000,hispanic,high-school,single,employed,chocolate,yes,no,party-a
29,47000,other,college,married,employed,chocolate,yes,no,party-a
33,127500,hispanic,college,single,employed,vanilla,no,no,party-a
20,60500,caucasian,high-school,single,employed,chocolate,yes,no,party-a
50,29500,hispanic,high-school,married,employed,chocolate,no,no,party-b
70,71000,other,college,married,unemployed,vanilla,yes,yes,party-b
23,93500,other,high-school,single,employed,chocolate,yes,no,party-a
56,26000,asian,college,single,employed,chocolate,no,no,party-a
35,35000,caucasian,college,married,employed,chocolate,no,no,party-b
64,59000,african-american,college,married,unemployed,chocolate,yes,no,party-b
35,64000,hispanic,college,single,employed,vanilla,no,yes,party-a
40,45500,asian,graduate-professional,married,employed,vanilla,yes,no,party-a
72,79500,african-american,college,married,unemployed,chocolate,no,yes,party-a
35,68500,other,high-school,single,employed,chocolate,yes,yes,party-b
71,45500,african-american,high-school,single,unemployed,chocolate,yes,no,party-b
22,31000,african-american,high-school,single,employed,chocolate,yes,no,party-a
25,57000,african-american,graduate-professional,single,employed,vanilla,yes,yes,party-a
32,42000,caucasian,high-school,married,employed,chocolate,yes,yes,party-b
29,46000,hispanic,college,married,employed,vanilla,no,no,party-a
83,72000,other,high-school,single,unemployed,chocolate,yes,yes,party-a
57,70500,caucasian,college,single,employed,chocolate,yes,yes,party-a
56,33000,asian,college,married,employed,vanilla,yes,no,party-b
44,56500,african-american,high-school,single,employed,vanilla,yes,yes,party-b
67,76500,african-american,graduate-professional,married,unemployed,vanilla,yes,no,party-b
30,27500,hispanic,high-school,married,employed,vanilla,yes,no,party-b
79,110000,caucasian,not-high-school,single,unemployed,vanilla,no,yes,party-b
62,32000,caucasian,high-school,married,unemployed,chocolate,no,no,party-b
63,55500,hispanic,college,single,employed,chocolate,yes,yes,party-a
56,99500,other,graduate-professional,married,employed,chocolate,no,no,party-a
20,61500,african-american,high-school,single,unemployed,chocolate,no,no,party-a
67,82500,other,college,married,unemployed,chocolate,no,no,party-b
51,101000,asian,college,single,employed,chocolate,yes,yes,party-b
71,22000,african-american,high-school,single,employed,vanilla,yes,no,party-a
39,96000,hispanic,graduate-professional,married,employed,vanilla,no,yes,party-a
25,38000,other,college,single,employed,vanilla,yes,no,party-b
19,72000,asian,graduate-professional,single,employed,vanilla,yes,no,party-a
36,44500,asian,college,single,employed,vanilla,yes,no,party-b
63,66500,other,college,married,employed,vanilla,no,yes,party-a
37,56500,african-american,high-school,married,employed,chocolate,yes,no,party-b
70,44000,other,not-high-school,single,employed,vanilla,no,yes,party-a
74,107000,hispanic,college,married,employed,vanilla,yes,no,party-a
64,44000,african-american,college,married,unemployed,chocolate,no,no,party-b
81,106000,hispanic,college,married,employed,chocolate,yes,yes,party-a
62,64000,hispanic,high-school,married,employed,vanilla,no,no,party-a
31,35000,asian,high-school,married,unemployed,vanilla,yes,no,party-b
23,41000,other,not-high-school,single,employed,chocolate,yes,no,party-a
65,39000,african-american,college,married,employed,chocolate,yes,yes,party-b
59,40000,asian,high-school,married,employed,chocolate,no,yes,party-b
61,42000,african-american,not-high-school,single,employed,vanilla,no,yes,party-a
26,103000,african-american,graduate-professional,single,employed,vanilla,yes,no,party-a
23,79000,african-american,college,single,employed,vanilla,no,no,party-a
23,41500,asian,high-school,single,unemployed,vanilla,yes,no,party-b
67,43500,other,high-school,married,unemployed,vanilla,yes,yes,party-a
42,60000,caucasian,college,single,employed,vanilla,no,no,party-a
74,27000,asian,high-school,married,unemployed,vanilla,no,yes,party-a
67,88000,other,graduate-professional,single,unemployed,vanilla,no,no,party-a
20,19000,caucasian,college,single,unemployed,vanilla,no,no,party-a
19,44500,african-american,college,single,employed,vanilla,no,no,party-a
37,54000,caucasian,college,single,employed,chocolate,yes,yes,party-a
66,37000,hispanic,college,married,employed,chocolate,no,yes,party-b
51,131000,other,high-school,married,employed,chocolate,yes,no,party-a
77,82500,other,high-school,married,employed,chocolate,yes,yes,party-a
39,40500,caucasian,college,single,employed,vanilla,no,no,party-b
54,27500,caucasian,college,married,employed,chocolate,yes,no,party-b
44,94500,other,college,single,employed,chocolate,yes,yes,party-a
56,118000,other,college,single,employed,chocolate,yes,yes,party-b
65,55500,caucasian,high-school,married,employed,chocolate,yes,no,party-a
69,86000,asian,graduate-professional,married,unemployed,vanilla,no,yes,party-a
28,69000,caucasian,high-school,single,employed,chocolate,yes,no,party-a
32,27500,other,high-school,single,employed,vanilla,yes,no,party-b
24,50000,asian,high-school,single,employed,vanilla,yes,no,party-a
36,25500,other,high-school,married,employed,vanilla,no,no,party-b
50,31000,caucasian,college,married,employed,vanilla,no,no,party-b
28,81000,asian,graduate-professional,single,employed,chocolate,yes,no,party-a
52,74500,caucasian,college,married,employed,chocolate,yes,yes,party-a
41,30500,other,college,single,employed,chocolate,no,no,party-a
76,220000,hispanic,college,single,unemployed,chocolate,yes,yes,party-a
37,46500,asian,high-school,married,unemployed,vanilla,no,no,party-b
84,109000,hispanic,high-school,single,unemployed,chocolate,no,yes,party-b
23,96500,other,college,single,employed,vanilla,no,no,party-a
78,34500,hispanic,college,single,unemployed,chocolate,yes,yes,party-b
73,69000,asian,college,single,employed,vanilla,yes,yes,party-a
61,42500,asian,college,married,employed,chocolate,no,no,party-a
55,78000,other,not-high-school,single,employed,vanilla,yes,yes,party-a
51,52000,asian,high-school,single,employed,vanilla,no,no,party-b
74,75000,asian,high-school,married,employed,chocolate,no,yes,party-a
84,27500,african-american,high-school,married,unemployed,vanilla,yes,no,party-b
22,61000,asian,graduate-professional,married,unemployed,vanilla,yes,no,party-a
35,61000,african-american,high-school,single,employed,chocolate,yes,no,party-a
83,15000,caucasian,high-school,married,employed,chocolate,yes,yes,party-b
21,46000,caucasian,college,single,unemployed,vanilla,yes,no,party-a
75,50500,asian,high-school,married,employed,chocolate,yes,yes,party-a
22,155500,other,graduate-professional,married,unemployed,chocolate,yes,no,party-b
75,86000,caucasian,high-school,married,employed,chocolate,no,yes,party-b
52,163500,caucasian,graduate-professional,married,employed,vanilla,no,no,party-b
69,33000,caucasian,college,married,unemployed,chocolate,no,no,party-b
18,50000,african-american,college,single,employed,vanilla,yes,no,party-a
26,73000,other,high-school,single,employed,vanilla,no,no,party-a
48,53000,african-american,high-school,married,employed,vanilla,no,yes,party-a
65,49500,african-american,high-school,married,employed,vanilla,yes,no,party-b
57,110500,caucasian,high-school,single,employed,chocolate,no,yes,party-b
81,20000,caucasian,high-school,married,unemployed,chocolate,no,yes,party-a
62,66000,hispanic,high-school,single,employed,vanilla,no,no,party-a
80,44000,hispanic,college,single,employed,vanilla,no,yes,party-a
83,59500,african-american,college,single,unemployed,chocolate,yes,yes,party-a
54,38000,other,college,single,unemployed,vanilla,yes,no,party-b
65,111500,african-american,graduate-professional,single,employed,chocolate,yes,no,party-b
47,61000,caucasian,college,single,employed,chocolate,yes,no,party-a
49,60000,african-american,college,single,employed,chocolate,no,no,party-a
56,37500,african-american,high-school,married,employed,vanilla,yes,no,party-b
30,61000,african-american,graduate-professional,single,employed,chocolate,yes,no,party-a
48,85000,other,high-school,married,employed,chocolate,no,no,party-b
27,68000,caucasian,college,single,unemployed,chocolate,no,no,party-a
19,128000,asian,high-school,married,employed,vanilla,no,yes,party-a
84,57000,other,college,married,unemployed,chocolate,yes,no,party-a
55,26000,caucasian,high-school,single,employed,vanilla,yes,no,party-a
19,139500,african-american,college,single,employed,vanilla,yes,no,party-a
45,129500,asian,graduate-professional,married,employed,chocolate,no,no,party-a
28,40000,asian,graduate-professional,married,employed,chocolate,no,no,party-a
68,55500,other,college,married,employed,chocolate,yes,no,party-a
34,32000,african-american,college,married,employed,vanilla,yes,no,party-b
36,110500,caucasian,graduate-professional,single,employed,vanilla,yes,no,party-b
28,54500,caucasian,college,married,employed,vanilla,yes,no,party-a
59,57000,caucasian,high-school,married,employed,chocolate,yes,no,party-a
19,28500,asian,not-high-school,single,unemployed,chocolate,yes,no,party-a
54,60500,african-american,graduate-professional,single,employed,chocolate,no,no,party-a
57,54000,asian,college,married,employed,vanilla,yes,yes,party-a
59,44500,asian,high-school,married,employed,chocolate,yes,yes,party-a
71,21000,african-american,not-high-school,married,employed,chocolate,yes,no,party-a
44,31000,hispanic,college,single,employed,vanilla,yes,yes,party-b
24,71000,caucasian,college,single,employed,vanilla,yes,yes,party-a
63,86500,african-american,college,single,employed,vanilla,yes,yes,party-a
54,79500,other,high-school,married,employed,chocolate,no,no,party-b
49,158500,hispanic,college,married,employed,chocolate,no,no,party-b
37,59500,caucasian,college,single,employed,vanilla,yes,yes,party-b
73,34000,hispanic,high-school,married,employed,chocolate,yes,yes,party-b
84,42000,other,high-school,single,employed,vanilla,yes,no,party-a
62,18500,caucasian,high-school,married,employed,vanilla,yes,yes,party-b
27,82500,caucasian,high-school,single,employed,vanilla,yes,no,party-a
33,30500,caucasian,college,single,employed,vanilla,no,no,party-b
75,42500,african-american,high-school,single,employed,chocolate,yes,yes,party-a
80,23000,other,not-high-school,married,employed,vanilla,yes,yes,party-a
73,49000,hispanic,college,married,unemployed,chocolate,yes,no,party-a
43,52000,other,graduate-professional,married,employed,chocolate,no,no,party-b
33,24500,hispanic,college,married,employed,chocolate,yes,no,party-b
69,147000,other,high-school,married,unemployed,vanilla,yes,yes,party-a
29,83500,african-american,graduate-professional,single,employed,vanilla,no,no,party-a
67,21000,african-american,not-high-school,married,employed,chocolate,yes,yes,party-b
57,40000,african-american,college,single,employed,vanilla,yes,no,party-a
55,52000,other,college,married,employed,vanilla,yes,no,party-a
81,87500,hispanic,high-school,married,unemployed,chocolate,no,yes,party-a
62,60500,african-american,high-school,married,employed,chocolate,no,yes,party-a
46,37500,african-american,high-school,married,employed,chocolate,yes,no,party-b
26,103500,african-american,high-school,single,employed,vanilla,yes,no,party-a
19,72000,african-american,graduate-professional,single,employed,chocolate,yes,no,party-a
55,90000,other,college,married,employed,chocolate,no,yes,party-a
52,63500,hispanic,high-school,married,employed,vanilla,no,no,party-b
83,37500,other,graduate-professional,single,employed,vanilla,yes,yes,party-a
30,70000,hispanic,graduate-professional,married,employed,chocolate,yes,no,party-a
53,40000,caucasian,high-school,single,employed,vanilla,yes,no,party-b
81,136000,hispanic,college,married,unemployed,vanilla,yes,yes,party-a
22,75000,caucasian,graduate-professional,single,employed,vanilla,yes,yes,party-a
79,54500,other,graduate-professional,married,employed,vanilla,yes,yes,party-a
67,54500,other,not-high-school,married,employed,chocolate,yes,yes,party-a
40,90500,other,graduate-professional,married,unemployed,chocolate,no,yes,party-b
19,111500,asian,college,single,unemployed,vanilla,yes,no,party-b
47,41500,african-american,college,married,employed,vanilla,no,yes,party-a
67,30000,hispanic,college,married,unemployed,chocolate,yes,no,party-b
76,31000,african-american,not-high-school,married,unemployed,chocolate,no,yes,party-b
40,72000,caucasian,graduate-professional,single,employed,chocolate,yes,yes,party-b
73,211500,asian,graduate-professional,single,unemployed,chocolate,no,yes,party-a
38,145500,caucasian,college,single,employed,vanilla,yes,no,party-b
71,148500,caucasian,graduate-professional,married,unemployed,chocolate,yes,yes,party-a
45,96500,caucasian,college,married,employed,vanilla,yes,no,party-b
37,21000,other,high-school,single,employed,vanilla,yes,no,party-a
35,87000,other,college,single,employed,chocolate,yes,yes,party-b
81,36000,caucasian,college,married,unemployed,vanilla,yes,yes,party-a
78,24500,other,high-school,single,employed,vanilla,yes,yes,party-b
31,70000,hispanic,graduate-professional,single,employed,chocolate,no,no,party-a
83,220000,hispanic,graduate-professional,married,unemployed,chocolate,no,yes,party-a
26,65500,african-american,graduate-professional,single,employed,vanilla,yes,no,party-a
56,37000,hispanic,college,married,unemployed,chocolate,no,no,party-b
69,36500,asian,graduate-professional,married,unemployed,chocolate,yes,no,party-b
25,53000,hispanic,college,single,employed,chocolate,yes,no,party-a
66,18000,hispanic,high-school,married,employed,vanilla,no,no,party-b
56,52500,hispanic,not-high-school,married,employed,chocolate,no,yes,party-a
54,50000,hispanic,college,married,unemployed,chocolate,yes,yes,party-a
72,43500,other,college,married,employed,chocolate,no,no,party-a
34,58500,african-american,high-school,single,employed,chocolate,yes,yes,party-b
65,19500,asian,not-high-school,married,employed,vanilla,no,no,party-b
68,34500,asian,high-school,single,employed,chocolate,yes,yes,party-a
33,15000,asian,high-school,married,employed,vanilla,no,no,party-b
26,64500,other,high-school,single,unemployed,vanilla,yes,no,party-a
52,67000,caucasian,high-school,married,employed,vanilla,yes,yes,party-a
59,35500,african-american,college,single,unemployed,chocolate,yes,no,party-b
62,48500,asian,graduate-professional,married,unemployed,chocolate,yes,no,party-a
67,34000,asian,high-school,married,unemployed,chocolate,yes,no,party-b
40,41500,other,college,single,employed,chocolate,no,yes,party-b
33,41000,caucasian,high-school,single,employed,chocolate,yes,no,party-b
81,20000,african-american,high-school,single,employed,vanilla,yes,no,party-b
79,75000,asian,high-school,married,unemployed,chocolate,yes,yes,party-a
51,87500,african-american,graduate-professional,single,employed,chocolate,no,no,party-b
28,219500,other,graduate-professional,single,employed,chocolate,no,yes,party-b
79,60500,hispanic,high-school,married,unemployed,chocolate,yes,no,party-a
27,18000,caucasian,not-high-school,single,employed,vanilla,no,yes,party-b
46,28500,hispanic,not-high-school,single,unemployed,vanilla,no,no,party-b
44,48500,hispanic,college,single,employed,chocolate,yes,no,party-a
58,59500,hispanic,not-high-school,married,employed,vanilla,no,yes,party-b
40,130000,african-american,graduate-professional,single,employed,vanilla,no,no,party-a
56,30500,other,high-school,single,employed,vanilla,yes,yes,party-b
64,23000,hispanic,high-school,single,employed,chocolate,yes,no,party-a
76,48500,other,college,married,unemployed,chocolate,yes,yes,party-a
44,39000,asian,high-school,single,employed,chocolate,yes,no,party-b
56,39000,other,not-high-school,single,employed,chocolate,yes,yes,party-b
42,69000,caucasian,college,married,employed,chocolate,no,yes,party-b
57,122500,other,college,married,employed,chocolate,yes,yes,party-a
39,126500,other,college,single,employed,vanilla,no,yes,party-b
40,81000,african-american,graduate-professional,single,employed,vanilla,no,no,party-a
42,37500,caucasian,high-school,married,employed,vanilla,yes,yes,party-b
72,44000,caucasian,graduate-professional,married,unemployed,vanilla,yes,yes,party-a
29,50000,asian,not-high-school,single,employed,chocolate,yes,yes,party-b
70,19500,asian,not-high-school,married,employed,vanilla,no,yes,party-b
81,55000,african-american,college,single,employed,chocolate,yes,yes,party-a
23,42000,caucasian,college,single,unemployed,vanilla,no,yes,party-a
64,69000,other,college,married,employed,chocolate,no,yes,party-a
44,77500,hispanic,high-school,single,employed,vanilla,no,yes,party-a
72,91500,hispanic,high-school,married,unemployed,chocolate,yes,no,party-a
25,119000,african-american,graduate-professional,single,employed,chocolate,no,yes,party-b
46,72000,other,graduate-professional,single,employed,chocolate,yes,yes,party-b
40,22500,african-american,college,single,employed,vanilla,yes,no,party-b
62,55500,african-american,high-school,single,employed,vanilla,yes,yes,party-b
67,22000,asian,high-school,married,employed,vanilla,yes,no,party-b
64,84500,asian,high-school,single,employed,vanilla,yes,no,party-b
80,20000,caucasian,not-high-school,married,employed,chocolate,no,no,party-b
47,95500,caucasian,college,single,employed,vanilla,yes,yes,party-a
50,87000,hispanic,graduate-professional,married,employed,vanilla,yes,no,party-a
65,78500,african-american,high-school,married,employed,chocolate,no,yes,party-a
62,93000,caucasian,college,single,employed,vanilla,no,no,party-a
57,58000,other,graduate-professional,single,employed,vanilla,yes,no,party-a
18,39500,caucasian,high-school,single,employed,chocolate,yes,yes,party-b
30,41000,asian,high-school,single,employed,vanilla,yes,no,party-b
28,34000,african-american,high-school,single,employed,chocolate,yes,no,party-a
35,29000,asian,high-school,married,employed,vanilla,yes,no,party-b
34,68500,african-american,college,single,unemployed,chocolate,yes,yes,party-b
84,51000,other,college,married,unemployed,vanilla,no,yes,party-a
53,128500,other,not-high-school,married,employed,vanilla,yes,yes,party-b
61,52500,other,high-school,married,unemployed,chocolate,no,yes,party-a
69,36000,caucasian,college,married,unemployed,chocolate,yes,yes,party-a
76,119500,asian,college,married,unemployed,vanilla,no,yes,party-a
61,70000,other,college,single,employed,chocolate,no,no,party-a
57,44500,other,high-school,married,employed,chocolate,yes,yes,party-a
20,21000,caucasian,high-school,single,unemployed,chocolate,yes,no,party-a
83,20500,african-american,high-school,married,employed,vanilla,yes,no,party-b
33,34000,other,high-school,single,unemployed,chocolate,yes,yes,party-b
61,31500,african-american,high-school,single,employed,chocolate,no,yes,party-b
60,101000,asian,graduate-professional,married,employed,chocolate,no,yes,party-a
82,52000,other,college,married,unemployed,chocolate,yes,yes,party-a
72,137500,hispanic,graduate-professional,single,employed,vanilla,yes,yes,party-b
79,50000,hispanic,graduate-professional,married,unemployed,chocolate,yes,yes,party-a
29,20500,other,not-high-school,single,employed,chocolate,yes,no,party-a
20,109000,other,college,single,employed,vanilla,yes,no,party-a
33,107000,caucasian,graduate-professional,single,employed,vanilla,yes,no,party-a
84,25500,hispanic,high-school,single,employed,vanilla,no,yes,party-b
46,96500,hispanic,high-school,married,employed,vanilla,yes,yes,party-b
72,75500,hispanic,college,married,unemployed,chocolate,no,yes,party-a
23,15000,asian,not-high-school,single,employed,vanilla,yes,no,party-b
56,23500,other,not-high-school,married,employed,vanilla,yes,no,party-b
84,75000,african-american,high-school,single,employed,chocolate,yes,yes,party-b
63,37500,other,high-school,married,employed,chocolate,yes,no,party-a
63,26500,hispanic,high-school,married,employed,vanilla,yes,yes,party-b
38,42000,african-american,college,single,unemployed,chocolate,yes,yes,party-a
84,20000,asian,high-school,married,unemployed,chocolate,yes,no,party-b
69,48000,hispanic,college,married,unemployed,chocolate,yes,no,party-a
20,69000,african-american,college,married,unemployed,vanilla,yes,no,party-b
75,56000,caucasian,college,married,unemployed,vanilla,no,yes,party-b
42,29000,other,college,single,unemployed,chocolate,no,no,party-a
67,21000,other,high-school,married,unemployed,chocolate,no,no,party-b
69,89500,caucasian,college,single,unemployed,chocolate,no,yes,party-a
36,61000,caucasian,graduate-professional,married,employed,vanilla,yes,no,party-a
34,67500,hispanic,high-school,married,employed,vanilla,no,yes,party-a
39,31500,caucasian,high-school,married,employed,vanilla,no,no,party-b
66,35000,other,not-high-school,single,employed,chocolate,yes,yes,party-b
77,46500,other,college,single,unemployed,vanilla,no,no,party-a
24,140000,other,graduate-professional,single,employed,vanilla,no,yes,party-a
60,28500,african-american,graduate-professional,married,employed,vanilla,yes,no,party-b
23,66500,caucasian,high-school,married,employed,vanilla,yes,yes,party-a
46,31500,caucasian,high-school,single,employed,vanilla,yes,yes,party-b
79,63000,hispanic,high-school,married,employed,chocolate,yes,yes,party-a
26,34000,other,high-school,single,employed,vanilla,no,no,party-a
52,43000,hispanic,high-school,married,unemployed,chocolate,yes,no,party-a
74,149000,african-american,graduate-professional,married,unemployed,vanilla,no,yes,party-a
27,124000,hispanic,college,single,employed,chocolate,yes,no,party-a
79,98000,hispanic,graduate-professional,married,employed,vanilla,yes,yes,party-a
61,50000,african-american,college,married,employed,vanilla,yes,no,party-a
72,180000,caucasian,college,married,unemployed,chocolate,yes,yes,party-a
51,81000,caucasian,high-school,single,unemployed,chocolate,yes,yes,party-b
83,87500,caucasian,high-school,married,employed,chocolate,yes,yes,party-a
58,79500,asian,high-school,single,employed,vanilla,no,yes,party-b
51,46500,hispanic,college,married,employed,vanilla,yes,no,party-b
33,55500,caucasian,college,married,employed,chocolate,no,yes,party-b
84,57500,hispanic,college,married,unemployed,chocolate,no,yes,party-a
79,64000,african-american,college,married,unemployed,vanilla,yes,yes,party-a
48,61000,hispanic,college,single,employed,chocolate,yes,yes,party-a
62,31000,other,college,married,employed,chocolate,yes,yes,party-a
78,62000,hispanic,high-school,married,unemployed,vanilla,yes,no,party-a
81,57000,african-american,college,married,employed,vanilla,yes,yes,party-a
69,46000,caucasian,graduate-professional,married,unemployed,chocolate,yes,no,party-b
52,76500,hispanic,graduate-professional,married,employed,chocolate,no,no,party-b
53,64500,hispanic,college,single,employed,chocolate,yes,yes,party-a
23,39000,other,high-school,married,employed,vanilla,yes,no,party-a
23,58500,asian,not-high-school,single,employed,vanilla,yes,no,party-a
61,32500,hispanic,high-school,single,employed,chocolate,yes,no,party-b
65,66000,caucasian,high-school,married,employed,vanilla,no,no,party-b
44,138500,other,graduate-professional,married,employed,vanilla,no,yes,party-a
24,109000,african-american,high-school,single,employed,chocolate,yes,no,party-a
84,70500,asian,college,married,employed,vanilla,no,yes,party-a
50,88000,asian,high-school,married,employed,chocolate,yes,no,party-b
35,92500,other,graduate-professional,married,employed,chocolate,yes,no,party-b
38,89000,asian,high-school,married,employed,chocolate,yes,no,party-b
39,57500,other,college,single,employed,vanilla,yes,no,party-a
30,72000,hispanic,high-school,single,unemployed,chocolate,no,yes,party-b
47,86000,asian,high-school,single,unemployed,chocolate,yes,no,party-b
51,60500,caucasian,high-school,married,employed,vanilla,no,yes,party-a
62,42500,asian,college,married,employed,vanilla,no,no,party-a
51,39000,hispanic,high-school,married,employed,chocolate,yes,no,party-b
75,20000,african-american,high-school,married,employed,vanilla,no,no,party-b
53,141000,hispanic,college,married,employed,vanilla,yes,yes,party-a
69,38500,asian,high-school,single,employed,vanilla,no,no,party-a
69,45000,asian,college,married,unemployed,chocolate,yes,no,party-a
54,93000,other,graduate-professional,married,employed,vanilla,no,no,party-b
31,200500,african-american,graduate-professional,single,employed,vanilla,yes,yes,party-b
50,66000,african-american,graduate-professional,single,unemployed,vanilla,yes,no,party-a
54,22500,caucasian,high-school,married,employed,chocolate,no,no,party-b
47,46000,caucasian,college,single,employed,chocolate,no,no,party-a
35,45500,asian,high-school,single,employed,chocolate,yes,no,party-a
58,18000,asian,college,married,unemployed,chocolate,no,no,party-b
51,43500,other,high-school,married,employed,chocolate,yes,no,party-a
27,37500,hispanic,college,single,employed,chocolate,yes,no,party-a
42,39500,hispanic,college,married,unemployed,chocolate,no,no,party-b
20,48500,other,not-high-school,single,unemployed,chocolate,yes,yes,party-a
73,37000,other,high-school,married,unemployed,vanilla,no,no,party-b
43,56500,african-american,high-school,married,employed,vanilla,yes,yes,party-b
70,81000,african-american,high-school,married,unemployed,chocolate,yes,no,party-b
72,25500,caucasian,not-high-school,single,unemployed,chocolate,yes,yes,party-b
58,65500,caucasian,high-school,married,employed,chocolate,yes,no,party-a
35,53000,caucasian,college,married,employed,chocolate,no,no,party-b
62,83000,african-american,college,married,employed,chocolate,no,yes,party-a
82,63500,other,graduate-professional,single,unemployed,vanilla,yes,no,party-a
30,115500,caucasian,college,married,employed,vanilla,yes,yes,party-b
22,48000,african-american,college,single,unemployed,chocolate,yes,no,party-a
79,129000,caucasian,graduate-professional,married,unemployed,chocolate,yes,yes,party-a
39,26500,other,graduate-professional,single,employed,vanilla,yes,no,party-a
19,81500,asian,college,single,unemployed,vanilla,yes,no,party-a
41,76000,african-american,college,married,employed,chocolate,no,yes,party-a
22,36000,other,graduate-professional,single,unemployed,chocolate,yes,no,party-a
19,42500,other,graduate-professional,single,unemployed,chocolate,yes,no,party-a
78,24500,other,high-school,married,unemployed,vanilla,yes,yes,party-b
27,44000,african-american,high-school,single,employed,vanilla,no,no,party-a
70,57000,asian,college,married,unemployed,chocolate,yes,no,party-a
66,35500,african-american,high-school,married,employed,vanilla,no,no,party-b
36,52500,asian,high-school,single,employed,chocolate,no,yes,party-b
50,105500,hispanic,college,married,employed,chocolate,yes,no,party-b
51,155000,other,graduate-professional,married,unemployed,vanilla,no,no,party-b
63,59500,other,college,single,unemployed,chocolate,yes,yes,party-a
66,70500,caucasian,college,married,unemployed,chocolate,yes,no,party-a
74,68500,caucasian,college,married,unemployed,chocolate,yes,no,party-a
81,33000,hispanic,not-high-school,married,unemployed,vanilla,no,yes,party-b
69,50500,asian,not-high-school,married,unemployed,vanilla,yes,yes,party-a
68,51000,asian,graduate-professional,married,unemployed,chocolate,yes,yes,party-a
24,53500,african-american,college,single,employed,vanilla,yes,no,party-a
43,50500,hispanic,college,married,employed,vanilla,yes,yes,party-a
20,42000,caucasian,high-school,single,employed,chocolate,no,no,party-a
25,165000,caucasian,college,single,unemployed,vanilla,no,yes,party-a
23,28000,african-american,graduate-professional,single,employed,vanilla,no,no,party-a
60,44000,other,college,single,employed,vanilla,yes,no,party-a
46,46000,hispanic,high-school,single,employed,vanilla,no,no,party-a
27,76500,caucasian,graduate-professional,single,employed,chocolate,yes,no,party-a
27,28000,caucasian,college,single,unemployed,vanilla,yes,yes,party-b
21,21000,other,high-school,single,unemployed,vanilla,yes,no,party-a
40,54500,hispanic,college,single,employed,chocolate,yes,no,party-a
78,71000,hispanic,high-school,married,unemployed,vanilla,yes,yes,party-a
32,78000,hispanic,college,single,unemployed,chocolate,yes,no,party-b
24,34500,hispanic,graduate-professional,single,employed,vanilla,yes,no,party-a
37,89500,african-american,high-school,single,employed,chocolate,no,no,party-b
84,40000,african-american,college,married,unemployed,vanilla,yes,yes,party-a
34,47500,other,high-school,single,employed,chocolate,yes,no,party-a
58,116500,other,college,married,employed,chocolate,yes,no,party-b
34,90500,african-american,high-school,married,employed,vanilla,yes,yes,party-a
29,124500,asian,graduate-professional,single,employed,vanilla,yes,no,party-a
45,75500,asian,graduate-professional,single,employed,chocolate,yes,yes,party-a
60,76500,caucasian,high-school,single,employed,chocolate,yes,no,party-a
19,69500,african-american,graduate-professional,single,employed,chocolate,yes,no,party-a
59,95500,asian,graduate-professional,single,employed,chocolate,yes,yes,party-a
69,35000,caucasian,high-school,married,unemployed,vanilla,yes,no,party-b
62,38000,asian,college,single,unemployed,chocolate,no,yes,party-a
73,40000,hispanic,graduate-professional,married,unemployed,vanilla,yes,no,party-a
33,43000,african-american,high-school,married,employed,vanilla,no,yes,party-a
38,16500,other,not-high-school,single,employed,vanilla,yes,yes,party-b
66,42000,asian,college,single,employed,vanilla,yes,no,party-a
34,131000,african-american,college,single,employed,vanilla,no,no,party-b
50,120000,hispanic,graduate-professional,single,employed,chocolate,no,yes,party-b
52,19500,caucasian,college,married,employed,vanilla,yes,no,party-b
29,47500,caucasian,college,single,employed,chocolate,no,no,party-a
34,49500,other,college,married,employed,chocolate,no,no,party-a
30,53000,african-american,college,single,employed,chocolate,yes,yes,party-a
65,70500,asian,graduate-professional,married,unemployed,chocolate,no,no,party-a
42,52000,caucasian,not-high-school,married,employed,vanilla,yes,no,party-a
22,47000,caucasian,high-school,single,employed,vanilla,yes,no,party-a
52,158000,caucasian,college,single,employed,vanilla,no,yes,party-a
27,64000,caucasian,college,single,employed,vanilla,yes,no,party-a
32,29000,other,high-school,single,employed,chocolate,yes,no,party-a
68,49000,hispanic,not-high-school,married,employed,chocolate,no,no,party-b
45,47000,other,high-school,married,employed,chocolate,yes,no,party-b
59,24500,hispanic,high-school,married,unemployed,chocolate,no,yes,party-b
51,41000,other,graduate-professional,single,employed,vanilla,yes,no,party-b
64,33000,african-american,not-high-school,married,employed,vanilla,no,no,party-b
73,42500,caucasian,college,married,unemployed,chocolate,yes,yes,party-b
75,66000,hispanic,college,married,unemployed,vanilla,yes,no,party-a
71,28500,other,high-school,married,unemployed,chocolate,yes,no,party-a
71,44000,other,high-school,married,employed,chocolate,yes,yes,party-a
79,59500,african-american,college,married,employed,vanilla,yes,yes,party-a
25,77000,other,graduate-professional,married,employed,vanilla,no,no,party-a
42,32500,african-american,college,single,employed,vanilla,no,no,party-b
74,30000,caucasian,not-high-school,single,employed,chocolate,yes,yes,party-b
79,51500,other,high-school,married,unemployed,vanilla,yes,no,party-a
59,61000,hispanic,not-high-school,married,employed,vanilla,yes,yes,party-b
78,26500,caucasian,high-school,married,unemployed,chocolate,yes,no,party-b
19,56500,african-american,graduate-professional,single,employed,chocolate,yes,no,party-a
61,105500,hispanic,college,married,employed,chocolate,yes,yes,party-a
52,72000,african-american,graduate-professional,married,employed,chocolate,no,yes,party-a
55,58000,caucasian,high-school,married,unemployed,chocolate,no,no,party-b
45,72000,hispanic,not-high-school,single,employed,vanilla,yes,yes,party-a
81,105000,other,college,single,unemployed,chocolate,yes,yes,party-b
57,49500,asian,college,single,employed,vanilla,yes,yes,party-a
72,22000,asian,college,married,unemployed,chocolate,no,yes,party-a
19,54000,hispanic,high-school,single,unemployed,chocolate,no,no,party-a
65,31500,hispanic,college,married,employed,chocolate,yes,no,party-b
38,44000,hispanic,college,married,unemployed,chocolate,no,no,party-b
62,60000,asian,high-school,married,employed,chocolate,yes,no,party-b
32,31000,other,graduate-professional,single,unemployed,vanilla,no,no,party-a
76,67500,african-american,graduate-professional,married,unemployed,chocolate,yes,yes,party-a
58,51500,hispanic,high-school,married,employed,vanilla,yes,yes,party-a
65,87500,caucasian,college,married,employed,chocolate,no,yes,party-a
63,148500,asian,college,married,employed,chocolate,yes,yes,party-a
76,22000,asian,college,single,unemployed,vanilla,yes,no,party-a
76,51500,caucasian,college,married,employed,vanilla,yes,yes,party-a
60,72500,other,college,single,employed,vanilla,yes,no,party-a
28,39000,caucasian,graduate-professional,married,employed,vanilla,yes,no,party-b
33,68000,hispanic,high-school,single,employed,chocolate,yes,yes,party-b
20,77500,asian,high-school,married,employed,chocolate,no,no,party-a
81,90500,asian,high-school,single,unemployed,chocolate,yes,no,party-a
18,79000,asian,high-school,single,unemployed,vanilla,yes,no,party-a
29,37500,asian,high-school,married,employed,chocolate,yes,no,party-b
42,65500,hispanic,graduate-professional,single,employed,vanilla,no,yes,party-b
72,110500,hispanic,high-school,married,unemployed,vanilla,yes,yes,party-b
62,33500,caucasian,not-high-school,married,employed,vanilla,yes,yes,party-b
66,97000,hispanic,graduate-professional,married,employed,chocolate,no,no,party-a
69,58500,african-american,graduate-professional,single,unemployed,vanilla,yes,yes,party-a
24,51500,caucasian,high-school,married,employed,vanilla,yes,no,party-a
26,85500,caucasian,high-school,single,employed,chocolate,no,no,party-a
38,159000,other,college,single,employed,vanilla,yes,yes,party-b
55,49000,other,college,married,employed,chocolate,yes,no,party-a
37,38000,african-american,high-school,single,employed,vanilla,yes,yes,party-b
30,36500,other,high-school,married,unemployed,vanilla,no,no,party-b
28,64500,caucasian,graduate-professional,single,employed,vanilla,yes,no,party-a
34,58000,african-american,graduate-professional,married,unemployed,vanilla,yes,no,party-b
53,35000,caucasian,high-school,single,employed,chocolate,yes,yes,party-b
57,81000,other,college,single,employed,chocolate,no,no,party-a
21,51500,asian,college,single,employed,vanilla,yes,no,party-a
72,20000,other,graduate-professional,married,unemployed,vanilla,yes,yes,party-a
66,81500,african-american,high-school,single,employed,vanilla,yes,yes,party-a
48,25000,african-american,college,single,employed,chocolate,yes,no,party-b
46,47000,caucasian,college,single,employed,vanilla,yes,no,party-a
19,57500,caucasian,high-school,single,employed,chocolate,no,no,party-a
53,30500,caucasian,high-school,married,employed,chocolate,yes,yes,party-b
33,32000,african-american,not-high-school,single,unemployed,chocolate,yes,no,party-b
28,30500,african-american,high-school,single,unemployed,chocolate,yes,no,party-a
72,88000,hispanic,college,single,employed,chocolate,yes,yes,party-a
45,86000,other,graduate-professional,single,unemployed,vanilla,yes,yes,party-a
60,154000,asian,graduate-professional,married,employed,vanilla,yes,yes,party-a
22,81000,asian,graduate-professional,single,unemployed,vanilla,yes,no,party-a
25,27500,caucasian,high-school,single,employed,vanilla,no,no,party-b
20,103500,caucasian,graduate-professional,single,employed,chocolate,no,no,party-a
63,51500,caucasian,college,married,employed,chocolate,yes,no,party-a
42,57000,hispanic,high-school,single,employed,vanilla,no,no,party-a
28,91000,hispanic,college,single,employed,chocolate,yes,no,party-a
83,54000,african-american,college,single,employed,vanilla,yes,no,party-a
59,43000,caucasian,college,married,employed,vanilla,no,no,party-b
59,63500,hispanic,college,married,unemployed,chocolate,yes,yes,party-a
23,88000,asian,college,married,employed,vanilla,yes,no,party-b
43,57000,hispanic,graduate-professional,single,employed,chocolate,yes,no,party-a
18,32000,african-american,high-school,single,employed,vanilla,no,no,party-a
67,69500,hispanic,high-school,married,unemployed,chocolate,yes,yes,party-a
26,23500,other,graduate-professional,single,employed,vanilla,yes,no,party-a
52,54500,african-american,high-school,married,employed,chocolate,no,no,party-a
50,51500,asian,high-school,single,employed,chocolate,no,no,party-a
53,91000,caucasian,high-school,married,employed,chocolate,no,no,party-b
39,56000,african-american,high-school,single,employed,vanilla,yes,no,party-b
44,49500,caucasian,high-school,single,employed,vanilla,yes,no,party-a
66,169500,hispanic,college,married,employed,vanilla,yes,yes,party-a
34,70000,caucasian,graduate-professional,married,unemployed,chocolate,yes,no,party-b
80,29500,african-american,college,married,unemployed,chocolate,yes,no,party-b
42,43500,caucasian,high-school,single,employed,chocolate,no,no,party-a
45,74000,hispanic,graduate-professional,married,unemployed,vanilla,yes,no,party-a
46,34500,hispanic,not-high-school,single,employed,chocolate,yes,no,party-b
55,45000,african-american,high-school,married,unemployed,vanilla,no,no,party-b
28,40000,caucasian,graduate-professional,single,employed,vanilla,yes,yes,party-b
59,62500,african-american,high-school,married,employed,chocolate,yes,no,party-a
31,45500,hispanic,high-school,single,employed,chocolate,no,no,party-b
22,126500,hispanic,high-school,single,employed,chocolate,yes,no,party-a
72,122000,african-american,high-school,single,unemployed,chocolate,yes,yes,party-b
82,44000,caucasian,college,single,unemployed,chocolate,no,yes,party-a
80,175000,hispanic,high-school,married,unemployed,vanilla,yes,yes,party-a
75,36500,asian,high-school,married,employed,chocolate,no,yes,party-a
75,178500,hispanic,graduate-professional,married,unemployed,vanilla,no,yes,party-a
81,21500,hispanic,college,single,unemployed,vanilla,yes,yes,party-b
54,38500,caucasian,graduate-professional,married,employed,chocolate,yes,yes,party-b
83,23000,caucasian,graduate-professional,married,employed,chocolate,yes,no,party-a
39,136000,hispanic,graduate-professional,single,employed,chocolate,no,yes,party-b
59,53000,asian,high-school,single,employed,vanilla,no,yes,party-b
35,33500,african-american,high-school,married,employed,vanilla,yes,no,party-b
25,49500,hispanic,high-school,single,unemployed,vanilla,no,no,party-a
58,38500,asian,high-school,married,employed,vanilla,yes,no,party-a
22,18000,asian,high-school,single,unemployed,chocolate,yes,no,party-a
61,65000,african-american,college,married,employed,chocolate,yes,no,party-a
51,73500,asian,high-school,single,employed,vanilla,no,yes,party-a
19,39000,asian,high-school,single,unemployed,vanilla,no,no,party-a
66,48000,african-american,college,married,unemployed,vanilla,yes,yes,party-a
53,52000,other,high-school,married,employed,chocolate,yes,no,party-a
31,62000,asian,graduate-professional,single,employed,chocolate,yes,yes,party-b
84,41500,hispanic,high-school,married,employed,vanilla,yes,yes,party-a
83,55500,asian,graduate-professional,married,unemployed,chocolate,yes,no,party-a
68,16000,caucasian,high-school,married,unemployed,vanilla,no,no,party-b
78,42000,hispanic,high-school,single,employed,chocolate,no,yes,party-a
80,56000,caucasian,high-school,single,employed,chocolate,yes,yes,party-a
23,67000,african-american,graduate-professional,single,unemployed,vanilla,yes,no,party-a
22,51000,african-american,high-school,single,employed,chocolate,no,no,party-a
70,28000,african-american,college,married,employed,chocolate,yes,yes,party-a
70,61500,other,graduate-professional,married,employed,vanilla,yes,no,party-a
54,28500,caucasian,not-high-school,married,employed,chocolate,yes,no,party-b
33,15000,caucasian,not-high-school,single,unemployed,chocolate,yes,no,party-b
52,75000,other,graduate-professional,married,employed,vanilla,yes,yes,party-a
83,44500,other,graduate-professional,married,employed,vanilla,no,no,party-a
77,64500,african-american,graduate-professional,married,unemployed,chocolate,no,no,party-a
48,77000,asian,not-high-school,single,unemployed,vanilla,no,yes,party-b
80,65500,caucasian,college,married,employed,chocolate,no,yes,party-a
42,29500,asian,college,single,employed,vanilla,yes,no,party-a
51,41500,other,not-high-school,married,employed,vanilla,yes,no,party-b
33,43500,african-american,college,married,employed,vanilla,no,no,party-b
77,39000,caucasian,high-school,married,employed,vanilla,yes,no,party-b
71,70000,asian,graduate-professional,single,unemployed,chocolate,yes,yes,party-a
55,57000,hispanic,high-school,married,employed,vanilla,yes,yes,party-a
49,53000,caucasian,high-school,single,employed,chocolate,yes,no,party-b
63,135500,other,college,married,employed,chocolate,yes,yes,party-b
62,38000,hispanic,college,married,employed,chocolate,yes,yes,party-b
35,27000,asian,college,single,unemployed,chocolate,yes,no,party-a
31,52000,other,college,single,unemployed,vanilla,no,no,party-a
83,52000,african-american,high-school,married,employed,vanilla,no,no,party-a
29,195000,asian,graduate-professional,single,employed,chocolate,yes,yes,party-a
42,99500,caucasian,college,single,employed,vanilla,yes,no,party-a
36,59500,asian,high-school,single,unemployed,chocolate,yes,yes,party-b
21,220000,caucasian,graduate-professional,single,unemployed,chocolate,yes,no,party-b
72,61000,other,high-school,married,unemployed,chocolate,no,yes,party-a
57,46500,african-american,high-school,single,employed,vanilla,no,no,party-b
52,39500,other,college,single,employed,vanilla,no,no,party-b
26,40500,asian,high-school,single,employed,vanilla,no,no,party-a
21,51500,african-american,not-high-school,single,unemployed,chocolate,no,no,party-a
53,44000,other,college,married,employed,vanilla,no,yes,party-a
24,30500,hispanic,high-school,married,employed,vanilla,yes,no,party-b
72,74000,african-american,college,single,employed,vanilla,yes,yes,party-a
57,155500,hispanic,college,single,employed,chocolate,yes,yes,party-b
21,43000,other,not-high-school,married,employed,chocolate,yes,no,party-b
38,38500,caucasian,college,single,employed,chocolate,no,no,party-b
32,39000,hispanic,college,single,unemployed,vanilla,yes,yes,party-b
37,72000,hispanic,high-school,married,employed,chocolate,no,no,party-b
70,49500,asian,graduate-professional,single,unemployed,vanilla,no,yes,party-a
55,49500,hispanic,graduate-professional,single,employed,chocolate,yes,no,party-a
44,49500,caucasian,not-high-school,married,employed,vanilla,yes,no,party-b
76,22000,other,high-school,married,unemployed,chocolate,no,no,party-b
29,115000,caucasian,high-school,single,employed,vanilla,no,no,party-a
32,78000,african-american,high-school,single,employed,chocolate,yes,yes,party-a
27,25000,african-american,not-high-school,married,unemployed,chocolate,yes,no,party-b
77,114000,caucasian,high-school,married,employed,chocolate,yes,yes,party-a
34,45500,asian,graduate-professional,single,employed,vanilla,yes,no,party-a
64,49500,african-american,high-school,single,employed,vanilla,yes,yes,party-b
74,25000,hispanic,high-school,single,unemployed,chocolate,yes,yes,party-b
51,108500,other,college,single,employed,vanilla,yes,yes,party-b
39,87500,hispanic,graduate-professional,married,unemployed,chocolate,yes,yes,party-a
83,102000,asian,high-school,married,unemployed,chocolate,yes,yes,party-a
67,95500,african-american,graduate-professional,single,employed,chocolate,yes,no,party-a
60,22500,caucasian,high-school,married,employed,vanilla,yes,yes,party-b
82,104500,asian,college,single,unemployed,chocolate,no,no,party-a
34,81500,hispanic,college,single,employed,chocolate,yes,no,party-a
84,48500,african-american,graduate-professional,married,unemployed,vanilla,no,yes,party-a
46,98500,african-american,high-school,married,unemployed,vanilla,yes,no,party-b
43,52500,other,not-high-school,single,employed,chocolate,yes,yes,party-b
63,64000,other,high-school,married,employed,chocolate,yes,yes,party-a
62,54500,asian,graduate-professional,married,employed,chocolate,yes,yes,party-a
57,79000,caucasian,high-school,married,employed,vanilla,no,yes,party-b
41,38000,asian,not-high-school,single,employed,vanilla,no,no,party-b
33,134500,caucasian,graduate-professional,single,employed,chocolate,no,yes,party-b
82,62500,asian,high-school,single,employed,vanilla,yes,no,party-a
46,124500,hispanic,graduate-professional,married,employed,vanilla,yes,no,party-b
59,29000,other,college,married,employed,chocolate,yes,no,party-b
53,45500,hispanic,not-high-school,married,employed,chocolate,yes,yes,party-a
55,150000,other,graduate-professional,married,employed,vanilla,yes,no,party-a
73,15000,african-american,not-high-school,married,unemployed,vanilla,no,yes,party-b
28,26000,asian,not-high-school,single,employed,vanilla,no,no,party-a
75,49500,african-american,college,married,unemployed,chocolate,no,yes,party-a
41,106500,african-american,graduate-professional,single,employed,vanilla,yes,yes,party-b
36,69000,african-american,graduate-professional,single,employed,vanilla,yes,no,party-a
20,42000,asian,high-school,single,employed,vanilla,no,no,party-a
48,50000,hispanic,high-school,married,employed,vanilla,yes,yes,party-b
72,45500,caucasian,college,married,employed,vanilla,no,yes,party-a
63,82500,other,graduate-professional,married,unemployed,chocolate,yes,yes,party-a
62,41000,african-american,high-school,single,employed,chocolate,no,no,party-a
73,66500,asian,college,married,unemployed,chocolate,yes,yes,party-a
38,82500,caucasian,high-school,single,employed,vanilla,yes,no,party-b
84,30000,asian,college,married,employed,chocolate,yes,yes,party-a
48,116000,asian,college,single,employed,vanilla,yes,yes,party-b
45,105500,hispanic,college,single,employed,chocolate,yes,no,party-b
64,96500,asian,high-school,married,employed,vanilla,yes,yes,party-a
37,97500,hispanic,high-school,single,employed,vanilla,yes,no,party-b
44,61000,asian,graduate-professional,married,employed,chocolate,yes,yes,party-a
27,51500,caucasian,not-high-school,single,employed,chocolate,yes,no,party-a
40,21000,caucasian,not-high-school,married,employed,chocolate,yes,no,party-b
72,87500,asian,high-school,married,employed,chocolate,yes,yes,party-a
41,36000,caucasian,high-school,single,unemployed,chocolate,yes,no,party-b
75,45500,caucasian,graduate-professional,married,unemployed,chocolate,no,no,party-a
45,47500,caucasian,not-high-school,married,employed,chocolate,yes,yes,party-b
42,34500,asian,high-school,single,employed,vanilla,yes,yes,party-a
43,47500,caucasian,graduate-professional,single,employed,vanilla,yes,no,party-a
75,77000,african-american,college,married,unemployed,vanilla,yes,yes,party-a
70,128000,african-american,graduate-professional,single,employed,chocolate,no,yes,party-a
54,41000,asian,high-school,married,employed,vanilla,yes,yes,party-b
44,37500,african-american,college,married,employed,vanilla,yes,no,party-b
24,43500,hispanic,college,married,employed,vanilla,yes,no,party-a
51,85000,caucasian,college,married,employed,vanilla,no,no,party-b
75,25000,hispanic,high-school,single,employed,chocolate,yes,yes,party-a
54,40500,african-american,college,married,employed,vanilla,no,no,party-b
31,20500,caucasian,high-school,single,unemployed,vanilla,yes,no,party-b
44,32500,asian,college,married,employed,chocolate,yes,yes,party-b
44,21000,hispanic,not-high-school,married,unemployed,vanilla,yes,no,party-b
31,56500,caucasian,high-school,single,employed,chocolate,yes,yes,party-b
37,35000,hispanic,college,single,employed,vanilla,yes,no,party-b
40,58000,asian,graduate-professional,single,employed,vanilla,yes,no,party-b
40,22500,caucasian,high-school,married,employed,chocolate,yes,no,party-b
36,44500,hispanic,high-school,single,employed,chocolate,no,no,party-b
25,89000,hispanic,college,married,employed,chocolate,no,yes,party-a
64,69000,asian,graduate-professional,married,employed,vanilla,yes,yes,party-a
75,55000,other,college,married,unemployed,chocolate,no,yes,party-a
34,79000,asian,graduate-professional,single,employed,vanilla,yes,no,party-a
55,51000,african-american,college,married,employed,vanilla,yes,yes,party-a
81,150000,other,college,married,employed,chocolate,yes,yes,party-b
63,86500,other,high-school,single,unemployed,vanilla,yes,no,party-a
43,51500,other,graduate-professional,married,unemployed,vanilla,yes,no,party-b
21,92500,asian,graduate-professional,single,unemployed,chocolate,no,no,party-a
55,87000,african-american,college,single,employed,vanilla,yes,no,party-a
70,91500,hispanic,high-school,married,unemployed,chocolate,no,yes,party-b
60,48000,caucasian,high-school,married,employed,vanilla,no,yes,party-a
77,58000,caucasian,college,married,unemployed,chocolate,no,no,party-a
48,146500,other,high-school,married,employed,vanilla,yes,yes,party-a
64,30000,hispanic,not-high-school,married,employed,vanilla,yes,no,party-b
39,16500,hispanic,high-school,married,employed,chocolate,no,no,party-b
50,77000,other,high-school,single,employed,vanilla,no,no,party-b
62,48000,african-american,graduate-professional,married,unemployed,chocolate,yes,no,party-a
81,82000,caucasian,college,married,unemployed,vanilla,yes,yes,party-a
24,62000,other,college,married,employed,vanilla,no,yes,party-a
33,101500,hispanic,high-school,married,employed,chocolate,yes,no,party-b
40,28000,other,high-school,single,employed,chocolate,yes,yes,party-b
50,76000,hispanic,graduate-professional,single,employed,vanilla,yes,no,party-a
68,77500,caucasian,high-school,married,employed,vanilla,yes,no,party-a
64,26000,hispanic,high-school,married,employed,chocolate,yes,no,party-b
69,29500,hispanic,college,married,unemployed,vanilla,yes,yes,party-a
47,101000,african-american,graduate-professional,single,employed,chocolate,yes,yes,party-a
37,55000,african-american,college,married,unemployed,chocolate,no,no,party-b
76,94000,hispanic,college,married,unemployed,vanilla,no,yes,party-a
59,87000,asian,graduate-professional,married,employed,vanilla,yes,no,party-b
32,81000,caucasian,graduate-professional,single,employed,chocolate,yes,no,party-a
38,57500,asian,high-school,married,employed,vanilla,yes,yes,party-a
56,43000,other,graduate-professional,married,employed,chocolate,no,no,party-a
60,38500,caucasian,not-high-school,single,employed,vanilla,no,no,party-b
35,56500,other,not-high-school,single,employed,chocolate,yes,yes,party-b
59,94000,hispanic,not-high-school,married,employed,vanilla,no,yes,party-a
40,39500,hispanic,college,single,employed,chocolate,yes,no,party-b
42,15000,caucasian,college,married,unemployed,vanilla,yes,no,party-b
65,47000,african-american,graduate-professional,married,employed,vanilla,yes,no,party-a
42,71500,caucasian,not-high-school,married,employed,chocolate,yes,no,party-b
41,49000,african-american,high-school,single,employed,chocolate,yes,no,party-b
61,61500,other,college,married,employed,vanilla,yes,no,party-b
62,55000,african-american,high-school,married,employed,vanilla,yes,yes,party-a
21,42000,asian,college,single,employed,chocolate,yes,no,party-a
35,58500,other,high-school,single,employed,chocolate,no,no,party-b
21,27000,other,college,single,employed,chocolate,yes,no,party-a
32,28500,other,high-school,married,employed,chocolate,no,no,party-b
84,27500,hispanic,college,single,unemployed,vanilla,no,yes,party-b
52,106000,caucasian,college,married,employed,chocolate,no,no,party-b
40,70500,hispanic,college,married,employed,vanilla,yes,yes,party-a
54,24500,asian,college,single,employed,vanilla,yes,no,party-b
34,21000,african-american,college,married,employed,vanilla,no,no,party-b
61,53500,asian,college,married,employed,chocolate,yes,no,party-b
50,18500,other,college,single,unemployed,vanilla,yes,no,party-b
22,26500,asian,high-school,single,unemployed,chocolate,yes,no,party-a
47,149000,african-american,college,single,employed,vanilla,yes,yes,party-b
41,61500,caucasian,college,single,employed,vanilla,yes,yes,party-a
20,61000,other,college,married,employed,vanilla,yes,yes,party-a
66,33000,hispanic,high-school,single,employed,vanilla,yes,no,party-a
72,46500,other,not-high-school,married,unemployed,chocolate,no,no,party-b
48,15000,hispanic,high-school,single,employed,chocolate,yes,no,party-b
42,16000,african-american,not-high-school,single,unemployed,vanilla,yes,no,party-b
82,46000,asian,graduate-professional,married,employed,vanilla,no,yes,party-a
23,30000,african-american,high-school,single,employed,chocolate,yes,no,party-a
57,90000,other,graduate-professional,single,employed,vanilla,no,no,party-a
83,27500,hispanic,high-school,married,unemployed,vanilla,no,yes,party-a
78,60500,other,graduate-professional,married,employed,chocolate,yes,no,party-a
79,36500,hispanic,college,married,unemployed,vanilla,no,yes,party-b
73,31000,asian,college,married,unemployed,chocolate,yes,no,party-a
34,157500,asian,college,single,employed,vanilla,yes,yes,party-b
53,57000,hispanic,graduate-professional,married,employed,vanilla,yes,yes,party-a
75,72500,other,graduate-professional,single,unemployed,chocolate,yes,yes,party-a
38,58500,african-american,college,single,employed,vanilla,yes,no,party-a
82,26500,asian,high-school,married,employed,vanilla,no,no,party-b
33,24000,hispanic,college,single,employed,chocolate,yes,no,party-b
63,38500,african-american,high-school,married,employed,chocolate,yes,yes,party-b
19,173000,african-american,graduate-professional,single,employed,vanilla,no,no,party-a
70,43500,caucasian,college,married,employed,vanilla,no,yes,party-a
55,107500,other,graduate-professional,single,employed,chocolate,yes,no,party-a
52,126500,african-american,high-school,married,unemployed,chocolate,no,no,party-b
80,38000,african-american,high-school,married,unemployed,vanilla,yes,no,party-b
42,111500,other,college,married,employed,vanilla,no,yes,party-b
29,34500,african-american,high-school,single,employed,vanilla,yes,no,party-b
26,15000,caucasian,high-school,single,employed,chocolate,yes,no,party-a
19,19500,african-american,high-school,single,unemployed,chocolate,no,no,party-b
70,59500,asian,graduate-professional,married,employed,chocolate,yes,yes,party-a
46,22500,other,graduate-professional,single,employed,chocolate,no,yes,party-b
28,30500,caucasian,high-school,single,employed,vanilla,yes,yes,party-b
47,91500,hispanic,college,single,employed,chocolate,no,no,party-a
69,19500,other,not-high-school,married,unemployed,vanilla,no,no,party-b
84,100000,asian,graduate-professional,married,unemployed,chocolate,no,yes,party-a
24,47000,other,college,single,employed,chocolate,no,no,party-a
53,21500,hispanic,graduate-professional,married,employed,vanilla,yes,no,party-b
72,122500,caucasian,college,married,employed,chocolate,yes,yes,party-a
25,120500,hispanic,high-school,single,employed,chocolate,no,no,party-b
20,39500,asian,graduate-professional,married,employed,chocolate,yes,no,party-a
84,56500,asian,graduate-professional,married,employed,vanilla,yes,yes,party-a
51,46000,caucasian,high-school,married,employed,chocolate,yes,yes,party-a
81,148500,asian,graduate-professional,married,unemployed,vanilla,no,yes,party-a
64,36500,caucasian,college,married,employed,vanilla,no,yes,party-a
82,71000,caucasian,college,married,unemployed,chocolate,yes,no,party-a
70,46000,caucasian,graduate-professional,married,employed,chocolate,yes,no,party-a
40,91000,other,high-school,married,unemployed,chocolate,no,yes,party-a
47,43000,asian,high-school,married,employed,chocolate,no,no,party-b
50,22500,african-american,high-school,married,employed,vanilla,no,yes,party-a
72,76000,asian,college,single,unemployed,chocolate,no,no,party-a
58,22500,caucasian,not-high-school,married,employed,chocolate,yes,yes,party-b
49,61500,african-american,graduate-professional,married,employed,chocolate,yes,no,party-b
77,109500,hispanic,graduate-professional,single,unemployed,vanilla,yes,yes,party-b
36,176000,other,graduate-professional,married,unemployed,vanilla,yes,yes,party-b
40,15000,african-american,high-school,married,employed,vanilla,yes,yes,party-b
42,135500,asian,college,married,employed,vanilla,yes,no,party-b
82,21000,african-american,college,married,employed,chocolate,no,no,party-b
19,220000,caucasian,high-school,married,employed,chocolate,yes,yes,party-a
62,32500,asian,graduate-professional,married,employed,vanilla,no,yes,party-a
79,19500,other,high-school,single,unemployed,vanilla,no,yes,party-b
23,65000,african-american,graduate-professional,single,employed,vanilla,yes,yes,party-a
22,15500,caucasian,college,single,employed,vanilla,yes,yes,party-a
71,133000,asian,not-high-school,single,unemployed,chocolate,yes,yes,party-a
45,32000,asian,college,married,employed,vanilla,yes,yes,party-a
51,30000,hispanic,high-school,single,employed,vanilla,yes,yes,party-b
52,87500,other,not-high-school,single,unemployed,vanilla,no,no,party-a
77,103500,asian,high-school,married,employed,vanilla,yes,yes,party-a
68,93000,african-american,college,married,unemployed,vanilla,no,yes,party-a
83,54500,african-american,college,single,unemployed,vanilla,no,yes,party-a
84,29500,hispanic,college,married,employed,chocolate,yes,yes,party-a
61,52000,asian,college,married,employed,chocolate,yes,no,party-a
34,126000,asian,college,single,employed,chocolate,yes,no,party-b
57,51000,hispanic,high-school,married,employed,chocolate,no,no,party-b
62,71500,asian,college,married,employed,vanilla,yes,yes,party-b
61,59000,caucasian,high-school,single,employed,vanilla,yes,no,party-b
58,103500,african-american,graduate-professional,married,employed,chocolate,no,yes,party-b
82,47500,caucasian,college,single,unemployed,chocolate,yes,no,party-a
67,36000,african-american,graduate-professional,married,unemployed,vanilla,yes,yes,party-a
71,88500,african-american,not-high-school,married,unemployed,chocolate,yes,no,party-b
82,64500,hispanic,high-school,single,unemployed,vanilla,yes,yes,party-a
24,65000,asian,high-school,single,employed,vanilla,no,yes,party-a
46,55500,caucasian,high-school,married,employed,vanilla,yes,no,party-a
51,62500,african-american,high-school,single,employed,chocolate,no,no,party-b
25,34500,caucasian,college,single,employed,chocolate,no,no,party-a
44,35500,caucasian,graduate-professional,single,employed,vanilla,no,no,party-b
22,18500,african-american,not-high-school,single,employed,chocolate,yes,no,party-a
84,127000,caucasian,not-high-school,single,unemployed,chocolate,no,yes,party-b
35,28500,caucasian,college,married,employed,vanilla,no,no,party-b
65,25000,caucasian,high-school,married,employed,chocolate,yes,yes,party-b
75,43500,african-american,graduate-professional,married,employed,vanilla,no,no,party-a
81,29500,caucasian,high-school,married,employed,vanilla,no,no,party-b
30,21500,other,high-school,single,employed,vanilla,yes,no,party-b
39,56000,african-american,college,single,unemployed,chocolate,yes,yes,party-a
50,15000,african-american,college,single,employed,vanilla,yes,yes,party-b
25,52000,caucasian,college,single,employed,chocolate,yes,no,party-a
56,25500,african-american,high-school,single,employed,vanilla,no,yes,party-b
61,127500,hispanic,high-school,married,unemployed,vanilla,yes,no,party-b
48,103500,other,college,married,employed,chocolate,yes,yes,party-a
41,75000,african-american,high-school,single,employed,chocolate,no,yes,party-a
69,49000,asian,not-high-school,married,unemployed,vanilla,yes,yes,party-a
22,100000,caucasian,graduate-professional,single,unemployed,chocolate,yes,no,party-a
43,36000,asian,not-high-school,married,employed,vanilla,yes,no,party-b
84,47000,hispanic,high-school,married,employed,vanilla,yes,no,party-a
43,30500,african-american,not-high-school,single,employed,vanilla,yes,no,party-a
19,50000,other,college,married,employed,chocolate,yes,yes,party-a
53,73000,hispanic,graduate-professional,married,employed,vanilla,no,yes,party-a
53,164500,other,college,married,employed,chocolate,no,yes,party-b
42,73500,other,graduate-professional,married,employed,chocolate,yes,yes,party-a
28,41000,african-american,college,single,employed,vanilla,yes,no,party-a
62,44000,other,college,married,employed,vanilla,no,no,party-b
70,40000,hispanic,college,married,employed,vanilla,no,yes,party-a
37,41000,caucasian,college,married,employed,vanilla,no,no,party-b
33,48500,asian,graduate-professional,single,employed,vanilla,no,no,party-b
69,42000,asian,not-high-school,married,unemployed,chocolate,yes,no,party-b
68,58500,caucasian,high-school,married,unemployed,chocolate,yes,yes,party-a
79,125500,african-american,college,married,unemployed,vanilla,yes,yes,party-a
21,85500,african-american,graduate-professional,single,employed,chocolate,yes,yes,party-a
47,32500,other,college,married,employed,chocolate,yes,no,party-b
65,49500,other,high-school,married,employed,chocolate,no,yes,party-a
75,70000,other,not-high-school,single,unemployed,vanilla,no,no,party-a
31,35000,caucasian,not-high-school,single,employed,vanilla,yes,no,party-b
47,57000,caucasian,high-school,single,employed,chocolate,yes,yes,party-b
49,28500,hispanic,high-school,single,employed,vanilla,no,no,party-b
36,79000,asian,graduate-professional,single,employed,vanilla,yes,yes,party-b
45,73500,hispanic,high-school,single,unemployed,vanilla,yes,no,party-a
22,51500,caucasian,high-school,single,employed,chocolate,yes,yes,party-a
49,32000,asian,high-school,married,employed,vanilla,no,yes,party-a
77,50000,other,high-school,married,unemployed,chocolate,no,yes,party-a
68,47000,asian,high-school,married,unemployed,chocolate,yes,yes,party-a
43,140000,other,high-school,married,employed,chocolate,yes,yes,party-b
78,116000,other,college,single,unemployed,vanilla,yes,yes,party-b
58,127000,african-american,graduate-professional,single,employed,chocolate,yes,no,party-a
28,52500,caucasian,college,single,employed,vanilla,yes,yes,party-a
53,32000,hispanic,high-school,single,employed,vanilla,no,no,party-b
57,54000,asian,college,married,employed,chocolate,no,no,party-b
82,41500,caucasian,high-school,married,unemployed,vanilla,yes,yes,party-a
79,39500,african-american,college,single,unemployed,vanilla,no,no,party-a
45,112500,hispanic,college,married,employed,chocolate,no,no,party-b
64,38000,african-american,high-school,married,employed,vanilla,yes,no,party-b
82,40000,other,college,single,employed,vanilla,no,no,party-a
33,32500,asian,high-school,married,employed,chocolate,yes,no,party-b
21,57500,asian,high-school,single,employed,vanilla,yes,no,party-a
32,129000,other,high-school,married,employed,chocolate,no,no,party-b
23,76500,caucasian,not-high-school,married,employed,vanilla,no,yes,party-a
44,22000,hispanic,high-school,married,employed,chocolate,yes,no,party-b
75,47000,caucasian,high-school,married,unemployed,chocolate,yes,yes,party-a
55,30500,caucasian,high-school,married,employed,vanilla,no,yes,party-a
72,27000,asian,high-school,single,unemployed,chocolate,yes,yes,party-a
32,39000,caucasian,graduate-professional,single,employed,vanilla,no,no,party-b
24,47500,hispanic,college,single,employed,vanilla,no,yes,party-a
75,42000,caucasian,college,married,unemployed,chocolate,yes,no,party-b
26,82000,caucasian,college,married,employed,chocolate,no,no,party-a
33,80000,african-american,graduate-professional,single,employed,chocolate,no,no,party-a
25,54500,african-american,graduate-professional,single,employed,chocolate,yes,no,party-a
64,109000,african-american,high-school,married,unemployed,vanilla,no,yes,party-a
62,58500,other,graduate-professional,single,employed,vanilla,no,yes,party-a
20,21500,caucasian,college,single,employed,vanilla,no,no,party-a
56,57500,other,high-school,married,employed,vanilla,yes,no,party-b
65,27500,caucasian,high-school,married,employed,chocolate,yes,yes,party-b
30,44500,african-american,high-school,single,employed,vanilla,yes,no,party-a
19,66500,caucasian,college,single,employed,chocolate,yes,no,party-a
49,26000,other,college,married,employed,chocolate,yes,no,party-b
72,73500,caucasian,not-high-school,single,employed,chocolate,yes,yes,party-a
79,104500,other,graduate-professional,married,employed,chocolate,no,yes,party-a
65,116000,hispanic,college,married,employed,chocolate,no,yes,party-b
49,36000,asian,not-high-school,single,employed,vanilla,yes,no,party-b
71,34000,hispanic,graduate-professional,married,unemployed,chocolate,yes,no,party-b
72,22000,other,college,married,employed,chocolate,yes,no,party-b
55,87500,other,graduate-professional,single,employed,chocolate,no,yes,party-a
51,82000,other,graduate-professional,single,unemployed,vanilla,no,no,party-a
22,187000,hispanic,college,married,employed,vanilla,yes,no,party-b
81,62000,caucasian,graduate-professional,married,employed,vanilla,no,yes,party-a
24,19000,caucasian,high-school,single,unemployed,chocolate,yes,no,party-a
63,70000,african-american,graduate-professional,single,employed,vanilla,yes,yes,party-a
44,112000,other,college,married,employed,vanilla,no,no,party-b
36,65000,other,graduate-professional,married,employed,chocolate,yes,yes,party-a
25,51000,asian,college,single,unemployed,vanilla,yes,no,party-a
59,77500,caucasian,graduate-professional,single,employed,chocolate,no,no,party-a
44,31000,african-american,graduate-professional,single,employed,chocolate,yes,no,party-b
29,17500,other,college,married,employed,chocolate,no,no,party-b
48,50500,caucasian,high-school,single,employed,vanilla,yes,no,party-a
50,202000,caucasian,graduate-professional,married,employed,chocolate,no,yes,party-a
44,26000,african-american,high-school,single,employed,chocolate,yes,yes,party-b
73,24000,african-american,college,single,employed,vanilla,yes,yes,party-a
34,28500,other,college,single,employed,chocolate,yes,no,party-b
70,35000,african-american,high-school,married,unemployed,chocolate,yes,no,party-b
79,32000,caucasian,high-school,married,employed,vanilla,yes,no,party-b
55,37500,caucasian,college,single,employed,chocolate,no,yes,party-b
82,50500,caucasian,college,married,unemployed,chocolate,yes,no,party-a
56,24000,asian,high-school,single,unemployed,chocolate,yes,no,party-b
61,53500,other,college,married,employed,chocolate,yes,yes,party-a
50,35000,other,not-high-school,single,employed,vanilla,no,yes,party-b
43,78500,caucasian,college,married,employed,vanilla,no,yes,party-a
42,31000,other,college,married,employed,vanilla,no,no,party-b
18,37500,other,high-school,married,employed,vanilla,no,yes,party-a
73,43500,other,college,married,employed,chocolate,yes,yes,party-a
31,45000,hispanic,graduate-professional,married,unemployed,vanilla,yes,no,party-a
25,77500,asian,college,single,employed,chocolate,yes,no,party-a
75,55000,asian,college,married,unemployed,chocolate,yes,no,party-b
61,51000,asian,college,married,employed,vanilla,no,yes,party-a
51,48000,hispanic,high-school,married,employed,vanilla,yes,yes,party-a
23,27500,asian,college,single,employed,vanilla,yes,no,party-a
84,21000,caucasian,high-school,married,unemployed,chocolate,no,no,party-a
73,47500,hispanic,college,married,unemployed,vanilla,yes,no,party-a
34,51500,asian,high-school,married,unemployed,vanilla,no,yes,party-a
56,45500,caucasian,college,married,employed,chocolate,yes,no,party-a
60,33000,other,college,married,employed,chocolate,yes,no,party-b
22,70500,hispanic,college,single,employed,vanilla,no,no,party-a
22,34500,caucasian,high-school,single,employed,chocolate,yes,no,party-a
78,27000,other,high-school,married,employed,vanilla,no,yes,party-b
33,22500,other,not-high-school,single,employed,vanilla,no,no,party-b
70,67500,hispanic,college,single,unemployed,vanilla,yes,yes,party-b
49,39000,other,high-school,married,employed,chocolate,yes,no,party-b
39,50500,hispanic,high-school,single,unemployed,chocolate,yes,yes,party-b
64,31000,african-american,high-school,married,employed,vanilla,no,yes,party-a
77,35500,other,high-school,married,unemployed,vanilla,no,no,party-b
65,38000,asian,college,married,employed,chocolate,yes,yes,party-a
47,60500,asian,college,single,employed,chocolate,yes,no,party-a
78,79000,other,high-school,married,unemployed,vanilla,no,yes,party-a
18,123000,hispanic,graduate-professional,single,unemployed,vanilla,yes,no,party-a
48,75000,african-american,graduate-professional,married,unemployed,chocolate,no,yes,party-a
27,37000,caucasian,high-school,single,employed,vanilla,yes,yes,party-a
39,50000,caucasian,graduate-professional,married,employed,vanilla,no,no,party-b
52,54500,other,high-school,single,employed,vanilla,no,no,party-a
29,85000,hispanic,high-school,single,employed,vanilla,yes,no,party-a
51,73500,hispanic,college,single,unemployed,chocolate,yes,no,party-b
27,33000,asian,high-school,single,employed,vanilla,yes,no,party-a
24,58500,caucasian,graduate-professional,single,employed,chocolate,no,no,party-a
32,35500,other,high-school,married,employed,vanilla,yes,no,party-b
32,56500,caucasian,graduate-professional,married,employed,chocolate,no,yes,party-a
23,59500,other,high-school,single,employed,vanilla,no,no,party-a
22,24500,asian,high-school,single,employed,chocolate,no,no,party-b
30,37000,other,graduate-professional,single,employed,chocolate,no,no,party-b
81,37000,african-american,college,married,employed,chocolate,yes,no,party-a
62,43500,african-american,not-high-school,married,employed,chocolate,no,no,party-a
39,69500,other,college,married,employed,vanilla,yes,no,party-b
46,23500,caucasian,college,single,employed,vanilla,yes,no,party-a
75,19000,african-american,not-high-school,married,unemployed,vanilla,yes,no,party-b
47,52500,hispanic,college,single,unemployed,vanilla,yes,no,party-a
57,68000,asian,graduate-professional,married,employed,chocolate,yes,no,party-b
83,43000,other,high-school,married,unemployed,chocolate,no,no,party-a
33,46000,hispanic,college,married,unemployed,chocolate,yes,no,party-b
82,59000,other,college,married,employed,vanilla,yes,no,party-a
67,35000,asian,graduate-professional,married,unemployed,chocolate,no,yes,party-a
52,28000,caucasian,not-high-school,married,employed,chocolate,no,no,party-b
58,65500,other,high-school,single,employed,vanilla,yes,no,party-a
68,42500,other,high-school,married,unemployed,chocolate,yes,no,party-a
39,83500,asian,college,single,employed,chocolate,no,yes,party-a
30,36500,hispanic,high-school,single,employed,chocolate,no,yes,party-b
36,40000,asian,high-school,married,employed,vanilla,yes,yes,party-b
72,55500,caucasian,not-high-school,married,employed,vanilla,yes,yes,party-a
23,15000,caucasian,not-high-school,single,employed,vanilla,yes,no,party-a
63,96500,other,high-school,single,employed,chocolate,yes,no,party-b
30,58500,asian,college,single,unemployed,chocolate,no,yes,party-b
48,47000,caucasian,not-high-school,single,employed,chocolate,yes,yes,party-b
61,160500,asian,high-school,single,employed,chocolate,no,no,party-b
73,90000,asian,college,married,unemployed,vanilla,yes,yes,party-a
64,48000,hispanic,college,single,employed,chocolate,yes,yes,party-b
30,59000,hispanic,graduate-professional,single,unemployed,vanilla,yes,yes,party-b
51,40000,caucasian,college,married,employed,chocolate,yes,no,party-b
32,112500,other,college,single,unemployed,chocolate,yes,no,party-b
65,41500,african-american,college,married,employed,chocolate,no,no,party-b
54,46000,other,high-school,single,unemployed,chocolate,yes,no,party-a
30,46000,other,college,married,employed,chocolate,yes,yes,party-a
72,25500,hispanic,high-school,married,unemployed,vanilla,yes,yes,party-b
61,51500,caucasian,high-school,single,employed,chocolate,no,yes,party-a
42,43500,asian,high-school,single,employed,vanilla,no,no,party-b
58,18000,african-american,high-school,married,employed,vanilla,yes,no,party-b
36,92000,caucasian,college,single,employed,chocolate,no,no,party-b
78,79500,caucasian,college,married,unemployed,vanilla,yes,yes,party-a
24,106500,caucasian,high-school,single,employed,vanilla,yes,yes,party-a
19,25000,hispanic,graduate-professional,single,unemployed,chocolate,no,no,party-a
21,56500,hispanic,not-high-school,single,employed,chocolate,yes,no,party-a
25,67000,hispanic,graduate-professional,single,employed,vanilla,no,no,party-a
68,75500,african-american,high-school,married,employed,vanilla,yes,no,party-b
72,38500,caucasian,college,single,unemployed,vanilla,yes,no,party-b
80,39000,other,college,married,employed,chocolate,no,no,party-b
51,42500,other,high-school,single,employed,chocolate,no,no,party-a
27,40000,asian,high-school,single,unemployed,chocolate,yes,yes,party-b
23,102000,other,college,married,employed,vanilla,no,yes,party-a
73,61000,asian,high-school,married,unemployed,vanilla,yes,no,party-a
27,64000,hispanic,college,single,unemployed,vanilla,yes,yes,party-a
67,23500,african-american,not-high-school,married,unemployed,vanilla,yes,yes,party-b
82,48000,hispanic,high-school,married,employed,vanilla,no,no,party-a
46,73500,caucasian,graduate-professional,single,employed,chocolate,yes,no,party-a
31,51000,african-american,high-school,married,employed,vanilla,yes,no,party-a
29,46000,other,graduate-professional,married,unemployed,vanilla,yes,no,party-a
49,56000,african-american,high-school,married,employed,chocolate,yes,yes,party-b
82,88000,african-american,college,married,employed,vanilla,no,yes,party-a
64,18000,asian,graduate-professional,single,employed,vanilla,yes,yes,party-b
55,32000,asian,college,married,employed,vanilla,yes,no,party-b
22,22500,african-american,high-school,single,unemployed,chocolate,no,no,party-b
68,161500,african-american,college,married,unemployed,chocolate,yes,yes,party-a
78,123500,caucasian,graduate-professional,married,unemployed,chocolate,yes,yes,party-a
84,35000,other,high-school,married,employed,vanilla,no,yes,party-a
84,34000,asian,high-school,married,unemployed,chocolate,yes,yes,party-a
57,33000,hispanic,graduate-professional,married,employed,vanilla,no,no,party-b
19,83000,caucasian,high-school,married,employed,chocolate,yes,no,party-a
37,43000,hispanic,high-school,married,employed,vanilla,no,no,party-a
82,70000,hispanic,graduate-professional,married,unemployed,vanilla,yes,yes,party-a
71,43500,asian,high-school,married,employed,vanilla,yes,yes,party-a
51,69000,other,high-school,married,employed,vanilla,no,yes,party-a
42,85500,caucasian,college,married,employed,vanilla,yes,no,party-a
55,56500,caucasian,college,married,employed,chocolate,yes,no,party-a
41,27500,african-american,graduate-professional,single,employed,vanilla,no,yes,party-b
20,26500,caucasian,not-high-school,married,unemployed,chocolate,no,no,party-b
28,64500,hispanic,graduate-professional,single,unemployed,vanilla,no,no,party-a
22,37000,caucasian,not-high-school,single,unemployed,chocolate,yes,no,party-b
80,67500,hispanic,high-school,married,employed,chocolate,no,no,party-b
68,79500,caucasian,not-high-school,married,employed,vanilla,yes,no,party-a
72,87500,hispanic,high-school,married,unemployed,chocolate,yes,yes,party-a
57,28000,hispanic,high-school,married,employed,chocolate,yes,no,party-a
18,130500,caucasian,graduate-professional,single,employed,vanilla,yes,no,party-a
66,91000,asian,not-high-school,married,employed,chocolate,yes,yes,party-a
64,28000,other,graduate-professional,married,employed,vanilla,no,no,party-b
19,27500,hispanic,high-school,single,employed,chocolate,yes,yes,party-b
24,36000,caucasian,high-school,single,employed,chocolate,yes,yes,party-a
54,77500,other,high-school,married,employed,chocolate,yes,no,party-a
76,75500,african-american,high-school,married,employed,vanilla,yes,yes,party-a
59,133500,caucasian,not-high-school,single,employed,vanilla,yes,yes,party-b
51,70500,other,high-school,married,employed,chocolate,yes,no,party-a
66,123500,other,college,married,employed,vanilla,yes,yes,party-a
84,28000,other,high-school,married,employed,chocolate,yes,no,party-b
50,23500,other,graduate-professional,single,employed,vanilla,no,no,party-b
43,26500,other,college,single,employed,vanilla,yes,no,party-b
49,69500,other,college,married,employed,vanilla,no,no,party-b
48,78000,african-american,college,single,employed,chocolate,no,yes,party-b
29,136500,hispanic,not-high-school,married,employed,chocolate,yes,no,party-b
70,99000,asian,graduate-professional,married,employed,chocolate,yes,yes,party-a
60,58500,hispanic,graduate-professional,single,employed,chocolate,yes,yes,party-a
57,68000,caucasian,college,married,employed,chocolate,no,yes,party-a
32,28500,hispanic,college,single,unemployed,vanilla,yes,no,party-b
39,58500,other,graduate-professional,married,employed,chocolate,yes,no,party-a
78,78500,caucasian,graduate-professional,married,unemployed,vanilla,yes,yes,party-a
33,94000,caucasian,graduate-professional,single,employed,chocolate,yes,no,party-a
76,121500,other,college,married,unemployed,chocolate,yes,no,party-b
57,52500,african-american,high-school,married,employed,chocolate,yes,yes,party-a
81,92500,asian,college,single,unemployed,chocolate,no,yes,party-a
24,22000,caucasian,high-school,married,employed,vanilla,no,no,party-a
46,59500,african-american,college,single,unemployed,vanilla,no,no,party-a
62,36500,asian,graduate-professional,single,unemployed,chocolate,yes,yes,party-a
29,54000,hispanic,high-school,married,employed,vanilla,no,yes,party-a
56,64000,other,college,married,employed,vanilla,no,no,party-a
43,122000,caucasian,high-school,single,employed,vanilla,no,no,party-b
59,75500,asian,high-school,married,employed,vanilla,yes,yes,party-a
27,114000,african-american,graduate-professional,single,employed,vanilla,no,no,party-a
63,145000,asian,graduate-professional,married,unemployed,vanilla,no,no,party-b
67,34000,other,college,married,unemployed,chocolate,yes,yes,party-a
47,197500,other,graduate-professional,married,employed,vanilla,no,yes,party-a
22,59000,hispanic,college,single,employed,chocolate,no,no,party-a
67,34500,asian,high-school,married,unemployed,vanilla,no,no,party-b
74,28000,caucasian,high-school,single,unemployed,chocolate,no,no,party-a
44,72000,caucasian,high-school,single,employed,chocolate,yes,no,party-b
69,37000,caucasian,graduate-professional,married,unemployed,chocolate,yes,yes,party-b
27,54000,asian,graduate-professional,single,employed,vanilla,yes,no,party-a
55,63500,caucasian,graduate-professional,married,unemployed,vanilla,no,yes,party-a
36,74500,other,college,married,employed,chocolate,yes,yes,party-a
25,55000,other,high-school,single,employed,chocolate,yes,no,party-a
28,38000,other,college,single,employed,chocolate,yes,no,party-a
22,60000,caucasian,high-school,single,unemployed,chocolate,no,no,party-a
44,72000,hispanic,high-school,married,employed,vanilla,no,yes,party-a
25,43000,asian,college,married,unemployed,vanilla,no,yes,party-a
21,79000,asian,college,single,unemployed,vanilla,yes,no,party-a
77,50500,caucasian,college,married,unemployed,vanilla,yes,no,party-a
64,42500,hispanic,graduate-professional,married,unemployed,chocolate,no,yes,party-a
44,78500,asian,college,single,employed,vanilla,yes,yes,party-a
55,28500,caucasian,graduate-professional,single,employed,vanilla,yes,no,party-a
19,220000,hispanic,college,single,unemployed,chocolate,yes,no,party-a
45,70000,other,not-high-school,single,employed,vanilla,no,no,party-b
65,39500,african-american,high-school,married,unemployed,chocolate,no,no,party-b
68,24000,asian,high-school,married,unemployed,vanilla,yes,no,party-a
19,41000,other,graduate-professional,single,employed,vanilla,yes,no,party-a
41,60500,caucasian,college,married,employed,chocolate,yes,yes,party-a
30,66000,other,college,single,employed,vanilla,yes,no,party-a
80,211000,hispanic,college,married,unemployed,vanilla,no,yes,party-b
33,61000,hispanic,college,married,employed,chocolate,no,no,party-b
54,54000,hispanic,graduate-professional,single,employed,chocolate,no,no,party-a
84,53000,other,college,married,employed,vanilla,yes,yes,party-a
54,118500,hispanic,graduate-professional,single,employed,vanilla,no,no,party-b
33,48500,asian,high-school,married,employed,chocolate,yes,yes,party-a
64,52000,caucasian,graduate-professional,single,employed,vanilla,yes,no,party-a
39,93500,hispanic,graduate-professional,married,unemployed,chocolate,yes,no,party-b
84,170000,caucasian,graduate-professional,married,unemployed,vanilla,yes,yes,party-b
78,69500,asian,high-school,married,employed,chocolate,yes,yes,party-a
55,41000,asian,college,married,employed,vanilla,yes,no,party-b
45,131500,other,high-school,single,employed,chocolate,yes,yes,party-b
70,89000,other,not-high-school,single,employed,vanilla,no,yes,party-b
43,28500,asian,not-high-school,single,employed,vanilla,yes,no,party-b
42,35500,caucasian,college,single,employed,chocolate,no,no,party-b
79,42500,caucasian,high-school,married,unemployed,vanilla,yes,no,party-a
31,132000,african-american,graduate-professional,single,unemployed,vanilla,yes,yes,party-b
52,86000,african-american,college,married,employed,chocolate,yes,no,party-b
25,175500,other,graduate-professional,single,unemployed,vanilla,yes,yes,party-a
58,51000,caucasian,graduate-professional,married,employed,vanilla,yes,yes,party-a
31,15000,caucasian,high-school,married,employed,chocolate,yes,no,party-b
48,98000,other,college,married,employed,chocolate,yes,yes,party-a
80,56500,african-american,not-high-school,married,unemployed,chocolate,no,yes,party-a
34,35500,african-american,college,single,unemployed,chocolate,yes,no,party-b
23,41500,other,graduate-professional,single,employed,vanilla,yes,no,party-b
34,19500,caucasian,not-high-school,single,employed,vanilla,yes,no,party-b
70,117000,other,not-high-school,married,unemployed,vanilla,no,yes,party-b
44,83000,hispanic,high-school,married,employed,chocolate,yes,yes,party-b
48,71500,caucasian,college,single,employed,vanilla,no,yes,party-b
23,44000,hispanic,college,married,employed,vanilla,yes,no,party-a
48,103000,asian,college,married,employed,chocolate,yes,no,party-b
49,66500,hispanic,high-school,married,employed,vanilla,no,no,party-b
58,41000,asian,high-school,married,employed,vanilla,no,no,party-b
23,45500,african-american,graduate-professional,single,unemployed,chocolate,yes,no,party-a
63,117500,caucasian,college,married,unemployed,chocolate,yes,no,party-a
73,25500,caucasian,high-school,married,employed,vanilla,yes,no,party-b
59,92000,asian,high-school,single,employed,chocolate,no,no,party-a
83,108000,asian,graduate-professional,married,unemployed,chocolate,yes,yes,party-b
27,63000,hispanic,graduate-professional,single,employed,vanilla,no,no,party-a
67,50000,caucasian,high-school,married,unemployed,vanilla,no,no,party-b
69,77000,hispanic,high-school,married,unemployed,chocolate,yes,no,party-a
80,75500,caucasian,college,married,unemployed,vanilla,yes,yes,party-a
53,54500,hispanic,not-high-school,single,employed,chocolate,yes,yes,party-b
75,40000,asian,graduate-professional,single,employed,chocolate,no,no,party-a
57,65500,asian,high-school,married,unemployed,vanilla,yes,no,party-b
70,51000,hispanic,not-high-school,married,unemployed,vanilla,no,no,party-b
63,66500,asian,college,married,employed,vanilla,no,no,party-b
65,49000,asian,graduate-professional,single,employed,vanilla,yes,yes,party-a
71,92500,asian,college,single,employed,chocolate,yes,yes,party-b
80,67000,hispanic,college,single,unemployed,chocolate,no,yes,party-a
36,65000,other,college,married,employed,vanilla,no,no,party-a
84,36500,asian,high-school,married,unemployed,chocolate,yes,no,party-b
43,30500,african-american,not-high-school,single,employed,vanilla,no,yes,party-b
39,63000,caucasian,college,married,employed,chocolate,no,yes,party-a
83,89000,caucasian,high-school,single,unemployed,vanilla,yes,yes,party-b
63,43000,other,college,married,employed,chocolate,no,no,party-b
27,46500,hispanic,high-school,married,employed,chocolate,yes,no,party-a
51,51000,asian,graduate-professional,married,employed,vanilla,yes,no,party-b
66,26000,hispanic,high-school,married,unemployed,vanilla,no,yes,party-b
78,75500,hispanic,graduate-professional,married,unemployed,chocolate,no,yes,party-a
41,112500,other,graduate-professional,single,employed,chocolate,no,no,party-a
45,78500,caucasian,high-school,single,employed,chocolate,yes,no,party-b
34,70000,hispanic,high-school,married,employed,chocolate,no,no,party-a
31,15000,asian,not-high-school,single,unemployed,chocolate,no,no,party-a
64,15000,asian,not-high-school,married,employed,chocolate,yes,yes,party-a
69,25500,caucasian,high-school,married,employed,chocolate,yes,no,party-b
58,20500,african-american,high-school,married,employed,chocolate,yes,no,party-b
68,48000,hispanic,high-school,married,unemployed,vanilla,no,yes,party-a
47,73500,caucasian,graduate-professional,single,employed,vanilla,yes,no,party-a
59,182500,hispanic,graduate-professional,married,employed,vanilla,yes,yes,party-b
48,48000,other,college,married,unemployed,vanilla,no,no,party-b
20,81000,caucasian,graduate-professional,single,employed,chocolate,yes,no,party-a
32,91500,hispanic,high-school,single,unemployed,vanilla,no,yes,party-b
36,59000,other,high-school,married,unemployed,chocolate,yes,yes,party-a
54,52000,caucasian,college,single,employed,chocolate,yes,no,party-a
43,99000,hispanic,graduate-professional,married,unemployed,vanilla,no,yes,party-a
52,77500,asian,college,single,employed,vanilla,yes,yes,party-a
45,26500,asian,college,single,employed,chocolate,no,yes,party-b
46,62000,hispanic,college,married,employed,chocolate,yes,yes,party-a
38,91500,hispanic,college,married,employed,chocolate,yes,no,party-b
31,59500,asian,high-school,married,employed,vanilla,yes,no,party-b
39,23500,other,graduate-professional,married,employed,vanilla,yes,no,party-b
22,60000,african-american,high-school,single,employed,vanilla,yes,no,party-a
26,34500,african-american,college,single,employed,vanilla,yes,no,party-a
75,68000,african-american,high-school,married,employed,vanilla,yes,no,party-a
78,59500,african-american,high-school,married,unemployed,vanilla,no,yes,party-b
73,34000,caucasian,high-school,married,unemployed,vanilla,yes,no,party-b
62,18000,african-american,high-school,married,employed,vanilla,no,yes,party-b
34,49000,caucasian,college,married,employed,chocolate,yes,no,party-b
18,35000,asian,graduate-professional,single,employed,vanilla,yes,no,party-a
38,107500,asian,college,single,employed,chocolate,no,no,party-a
40,157000,african-american,college,married,employed,vanilla,yes,no,party-b
79,43000,african-american,high-school,single,unemployed,chocolate,yes,yes,party-a
28,67500,caucasian,college,single,employed,vanilla,no,no,party-a
82,42500,other,college,single,employed,vanilla,yes,yes,party-a
22,71000,other,college,single,employed,chocolate,no,no,party-a
71,39500,caucasian,college,married,unemployed,vanilla,no,yes,party-b
48,58000,other,high-school,single,employed,vanilla,no,yes,party-a
73,20000,asian,high-school,married,employed,chocolate,yes,no,party-b
25,28500,caucasian,high-school,single,employed,vanilla,no,no,party-a
21,27000,african-american,college,married,unemployed,chocolate,yes,no,party-a
54,46000,caucasian,graduate-professional,single,unemployed,vanilla,no,no,party-a
55,57500,caucasian,not-high-school,single,employed,vanilla,yes,yes,party-b
46,64000,hispanic,high-school,single,employed,chocolate,yes,no,party-a
81,77000,asian,college,married,unemployed,vanilla,no,yes,party-a
35,69000,asian,college,married,employed,vanilla,no,no,party-a
29,34500,asian,not-high-school,married,employed,chocolate,no,no,party-b
18,35000,hispanic,not-high-school,single,employed,chocolate,yes,no,party-a
65,91500,hispanic,high-school,married,employed,vanilla,yes,no,party-a
56,108500,asian,graduate-professional,married,employed,chocolate,yes,yes,party-a
41,69500,other,graduate-professional,married,employed,vanilla,yes,yes,party-a
72,41500,other,college,single,unemployed,chocolate,no,yes,party-a
77,32000,caucasian,not-high-school,married,unemployed,vanilla,no,no,party-b
49,117500,african-american,college,married,employed,vanilla,no,yes,party-b
75,42500,hispanic,college,single,employed,chocolate,yes,yes,party-a
77,92500,african-american,high-school,married,unemployed,vanilla,no,yes,party-b
18,38500,caucasian,graduate-professional,single,employed,vanilla,yes,no,party-a
50,95000,hispanic,high-school,single,employed,chocolate,yes,yes,party-b
30,37500,other,college,single,employed,vanilla,yes,no,party-b
18,117500,african-american,graduate-professional,single,employed,chocolate,no,yes,party-b
33,47000,african-american,not-high-school,single,employed,vanilla,yes,no,party-b
76,82000,caucasian,college,married,unemployed,vanilla,yes,yes,party-a
43,147000,caucasian,college,single,employed,chocolate,no,yes,party-b
44,59000,other,college,single,employed,vanilla,no,yes,party-a
27,29000,asian,high-school,married,employed,vanilla,yes,yes,party-a
83,82000,other,high-school,married,employed,vanilla,yes,no,party-a
42,63500,caucasian,college,married,unemployed,chocolate,yes,no,party-b
82,50000,caucasian,not-high-school,married,unemployed,vanilla,yes,yes,party-a
56,21500,hispanic,college,single,employed,vanilla,yes,yes,party-a
61,55000,other,high-school,married,employed,chocolate,yes,yes,party-a
40,21000,hispanic,high-school,married,employed,chocolate,yes,no,party-b
59,29000,asian,graduate-professional,single,employed,chocolate,yes,yes,party-b
48,20000,other,high-school,married,employed,chocolate,yes,no,party-b
58,55000,caucasian,graduate-professional,single,employed,chocolate,no,no,party-a
84,29000,hispanic,college,married,unemployed,vanilla,no,yes,party-a
29,35000,asian,college,single,employed,vanilla,no,no,party-a
46,43500,caucasian,graduate-professional,married,employed,vanilla,yes,no,party-b
22,85500,african-american,graduate-professional,single,employed,vanilla,no,yes,party-a
21,25000,caucasian,not-high-school,single,employed,vanilla,yes,no,party-b
56,63500,other,graduate-professional,single,employed,chocolate,no,yes,party-b
25,36500,african-american,high-school,married,employed,chocolate,yes,no,party-b
80,57000,caucasian,college,single,unemployed,chocolate,no,no,party-a
78,31500,caucasian,college,married,employed,vanilla,no,no,party-b
77,102000,african-american,college,married,unemployed,vanilla,no,yes,party-a
47,28500,hispanic,high-school,single,employed,vanilla,no,no,party-b
43,69000,asian,high-school,married,employed,vanilla,no,no,party-b
44,30500,african-american,high-school,married,unemployed,vanilla,yes,yes,party-b
36,16000,caucasian,not-high-school,single,employed,chocolate,yes,no,party-b
78,48000,caucasian,college,single,employed,vanilla,yes,yes,party-a
25,54500,asian,college,married,employed,chocolate,yes,no,party-a
28,50000,caucasian,high-school,single,employed,vanilla,yes,no,party-a
45,25000,hispanic,high-school,single,employed,vanilla,no,no,party-b
23,129500,other,graduate-professional,single,employed,vanilla,yes,no,party-b
24,60000,caucasian,high-school,single,employed,chocolate,yes,no,party-a
63,52000,african-american,not-high-school,married,unemployed,vanilla,yes,no,party-a
20,15000,hispanic,not-high-school,single,employed,vanilla,no,no,party-a
40,56000,hispanic,college,married,employed,chocolate,yes,yes,party-a
70,77500,african-american,graduate-professional,married,employed,vanilla,yes,yes,party-a
59,49500,hispanic,high-school,married,employed,vanilla,yes,yes,party-a
35,72000,asian,high-school,married,employed,vanilla,no,no,party-a
52,73000,other,college,married,employed,chocolate,yes,no,party-b
62,30000,caucasian,high-school,married,employed,vanilla,yes,no,party-b
70,35500,caucasian,graduate-professional,married,unemployed,vanilla,no,yes,party-a
31,36000,asian,high-school,married,employed,vanilla,yes,yes,party-b
72,27500,caucasian,high-school,married,unemployed,vanilla,yes,no,party-b
48,79000,hispanic,college,married,employed,chocolate,yes,no,party-b
82,29000,other,college,married,employed,vanilla,no,yes,party-b
51,29000,asian,high-school,married,employed,chocolate,yes,no,party-b
58,46500,caucasian,college,single,employed,chocolate,yes,no,party-a
82,64000,other,college,married,unemployed,chocolate,yes,no,party-b
50,15000,caucasian,high-school,married,employed,vanilla,yes,yes,party-b
78,72500,hispanic,college,single,unemployed,chocolate,no,no,party-a
24,85000,other,high-school,married,employed,vanilla,yes,no,party-a
42,54500,hispanic,graduate-professional,married,employed,chocolate,yes,no,party-b
35,83500,asian,graduate-professional,single,employed,chocolate,yes,yes,party-a
20,24000,african-american,college,single,unemployed,vanilla,yes,no,party-a
73,108500,other,graduate-professional,married,unemployed,chocolate,yes,yes,party-a
26,60000,african-american,college,married,employed,vanilla,yes,no,party-a
77,83000,asian,graduate-professional,single,unemployed,vanilla,yes,yes,party-a
79,40000,hispanic,high-school,married,employed,chocolate,yes,no,party-b
59,49000,caucasian,high-school,single,unemployed,vanilla,yes,yes,party-a
38,53000,other,high-school,married,employed,vanilla,yes,no,party-a
59,65000,hispanic,college,married,employed,vanilla,yes,no,party-b
42,29000,hispanic,high-school,single,unemployed,vanilla,no,no,party-b
22,220000,other,college,single,employed,vanilla,yes,yes,party-a
51,40500,asian,college,married,employed,vanilla,yes,no,party-b
18,55000,caucasian,high-school,single,unemployed,chocolate,no,no,party-a
56,21500,caucasian,college,married,unemployed,chocolate,no,no,party-b
67,48000,other,not-high-school,married,unemployed,vanilla,yes,no,party-a
42,50000,asian,not-high-school,single,employed,vanilla,yes,yes,party-b
55,51000,african-american,high-school,single,employed,vanilla,yes,no,party-a
33,31000,hispanic,high-school,married,unemployed,chocolate,no,no,party-b
58,85500,african-american,college,single,employed,chocolate,yes,no,party-a
79,88000,other,high-school,single,unemployed,chocolate,yes,yes,party-b
36,127000,african-american,graduate-professional,married,employed,chocolate,yes,no,party-b
81,46000,other,college,married,unemployed,chocolate,yes,no,party-b
46,29500,african-american,high-school,single,unemployed,chocolate,yes,no,party-b
53,41000,asian,not-high-school,single,employed,vanilla,yes,yes,party-b
61,85000,african-american,college,single,employed,chocolate,yes,yes,party-a
69,45000,african-american,high-school,married,unemployed,vanilla,yes,yes,party-a
49,82000,asian,high-school,married,employed,chocolate,yes,no,party-b
21,102000,african-american,graduate-professional,single,employed,vanilla,no,yes,party-a
46,51500,african-american,high-school,single,employed,chocolate,no,no,party-a
56,41500,caucasian,graduate-professional,married,unemployed,chocolate,yes,no,party-b
24,105000,asian,graduate-professional,single,employed,chocolate,yes,no,party-a
62,42000,african-american,high-school,single,employed,chocolate,yes,no,party-a
50,33000,other,college,single,employed,chocolate,yes,no,party-b
78,142000,hispanic,college,married,unemployed,vanilla,yes,yes,party-b
21,23000,african-american,college,single,unemployed,chocolate,yes,no,party-b
75,37500,caucasian,high-school,married,employed,chocolate,yes,yes,party-a
48,48500,hispanic,college,married,employed,chocolate,no,yes,party-a
42,88500,african-american,college,single,employed,vanilla,no,no,party-a
66,39000,african-american,college,married,employed,vanilla,yes,no,party-b
28,19500,other,high-school,single,employed,chocolate,yes,no,party-a
64,39500,african-american,high-school,married,employed,vanilla,yes,yes,party-b
27,43000,african-american,high-school,married,employed,vanilla,yes,no,party-a
61,24500,other,not-high-school,single,employed,vanilla,yes,yes,party-b
41,15000,asian,not-high-school,married,employed,chocolate,no,yes,party-b
54,130500,asian,graduate-professional,single,employed,chocolate,no,yes,party-b
68,51500,african-american,college,married,unemployed,chocolate,no,yes,party-a
74,84500,hispanic,college,married,unemployed,chocolate,yes,yes,party-a
29,63000,african-american,high-school,married,employed,chocolate,yes,no,party-a
63,48000,caucasian,not-high-school,married,employed,vanilla,yes,no,party-b
51,39000,african-american,not-high-school,single,employed,chocolate,yes,no,party-b
58,51000,caucasian,college,married,employed,chocolate,yes,no,party-b
69,63500,caucasian,high-school,married,unemployed,chocolate,yes,yes,party-a
70,31000,hispanic,graduate-professional,married,unemployed,chocolate,yes,yes,party-a
47,43000,african-american,college,single,employed,chocolate,no,no,party-a
40,44000,african-american,college,married,employed,chocolate,yes,no,party-b
66,61500,other,college,married,employed,vanilla,yes,yes,party-a
66,81500,african-american,high-school,married,employed,chocolate,yes,yes,party-a
65,67000,caucasian,high-school,married,employed,vanilla,no,no,party-b
72,55500,hispanic,college,married,unemployed,vanilla,yes,yes,party-a
37,83500,african-american,college,married,employed,chocolate,yes,yes,party-a
43,36000,other,high-school,married,employed,chocolate,yes,yes,party-b
44,104000,hispanic,college,single,employed,vanilla,yes,no,party-b
24,41500,asian,college,single,employed,vanilla,yes,no,party-a
46,73000,african-american,college,married,employed,vanilla,no,yes,party-a
46,78000,african-american,graduate-professional,married,employed,vanilla,no,no,party-b
53,50500,hispanic,college,married,employed,vanilla,yes,yes,party-b
22,52000,asian,high-school,single,unemployed,chocolate,no,no,party-a
33,139500,asian,graduate-professional,single,employed,chocolate,yes,yes,party-b
